typhoon_id, date, time, record_identifier, system_status, latitude, longitude, max_wind, min_pressure, wind_radii_34_NE, wind_radii_34_SE, wind_radii_34_SW, wind_radii_34_NW, wind_radii_50_NE, wind_radii_50_SE, wind_radii_50_SW, wind_radii_50_NW, wind_radii_64_NE, wind_radii_64_SE, wind_radii_64_SW, wind_radii_64_NW, final_marker
AL102020_TEN,20200729,1800,,LO,12.7N,19.7W,25,1009,0,0,0,0,0,0,0,0,0,0,0,0,-999
AL102020_TEN,20200730,0000,,LO,12.7N,20.1W,25,1009,0,0,0,0,0,0,0,0,0,0,0,0,-999
AL102020_TEN,20200730,0600,,LO,12.8N,20.4W,25,1009,0,0,0,0,0,0,0,0,0,0,0,0,-999
AL102020_TEN,20200730,1200,,LO,13.0N,20.4W,30,1008,0,0,0,0,0,0,0,0,0,0,0,0,-999
AL102020_TEN,20200730,1800,,LO,13.1N,20.2W,30,1008,0,0,0,0,0,0,0,0,0,0,0,0,-999
AL102020_TEN,20200731,0000,,LO,13.2N,20.0W,30,1008,0,0,0,0,0,0,0,0,0,0,0,0,-999
AL102020_TEN,20200731,0600,,LO,13.7N,19.7W,30,1008,0,0,0,0,0,0,0,0,0,0,0,0,-999
AL102020_TEN,20200731,1200,,LO,14.5N,19.4W,30,1008,0,0,0,0,0,0,0,0,0,0,0,0,-999
AL102020_TEN,20200731,1800,,TD,15.5N,19.7W,30,1008,0,0,0,0,0,0,0,0,0,0,0,0,-999
AL102020_TEN,20200801,0000,,TD,16.5N,20.3W,30,1008,0,0,0,0,0,0,0,0,0,0,0,0,-999
AL102020_TEN,20200801,0600,,TD,17.4N,21.0W,30,1008,0,0,0,0,0,0,0,0,0,0,0,0,-999
AL102020_TEN,20200801,1200,,TD,18.3N,21.8W,25,1009,0,0,0,0,0,0,0,0,0,0,0,0,-999
AL102020_TEN,20200801,1800,,TD,19.0N,23.0W,25,1009,0,0,0,0,0,0,0,0,0,0,0,0,-999
AL102020_TEN,20200802,0000,,LO,19.4N,24.4W,20,1010,0,0,0,0,0,0,0,0,0,0,0,0,-999
AL112020_JOSEPHINE,20200810,1800,,LO,11.1N,34.2W,25,1009,0,0,0,0,0,0,0,0,0,0,0,0,-999
AL112020_JOSEPHINE,20200811,0000,,LO,11.3N,35.4W,30,1008,0,0,0,0,0,0,0,0,0,0,0,0,-999
AL112020_JOSEPHINE,20200811,0600,,TD,11.4N,36.8W,30,1008,0,0,0,0,0,0,0,0,0,0,0,0,-999
AL112020_JOSEPHINE,20200811,1200,,TD,11.5N,38.2W,30,1008,0,0,0,0,0,0,0,0,0,0,0,0,-999
AL112020_JOSEPHINE,20200811,1800,,TD,11.7N,39.6W,30,1008,0,0,0,0,0,0,0,0,0,0,0,0,-999
AL112020_JOSEPHINE,20200812,0000,,TD,11.9N,41.0W,30,1008,0,0,0,0,0,0,0,0,0,0,0,0,-999
AL112020_JOSEPHINE,20200812,0600,,TD,12.0N,42.3W,30,1008,0,0,0,0,0,0,0,0,0,0,0,0,-999
AL112020_JOSEPHINE,20200812,1200,,TD,12.1N,43.7W,30,1007,0,0,0,0,0,0,0,0,0,0,0,0,-999
AL112020_JOSEPHINE,20200812,1800,,TD,12.2N,44.9W,30,1007,0,0,0,0,0,0,0,0,0,0,0,0,-999
AL112020_JOSEPHINE,20200813,0000,,TD,12.4N,46.1W,30,1007,0,0,0,0,0,0,0,0,0,0,0,0,-999
AL112020_JOSEPHINE,20200813,0600,,TD,12.7N,47.3W,30,1007,0,0,0,0,0,0,0,0,0,0,0,0,-999
AL112020_JOSEPHINE,20200813,1200,,TS,13.4N,48.6W,40,1005,90,0,0,90,0,0,0,0,0,0,0,0,-999
AL112020_JOSEPHINE,20200813,1800,,TS,14.0N,50.0W,40,1005,80,0,0,80,0,0,0,0,0,0,0,0,-999
AL112020_JOSEPHINE,20200814,0000,,TS,14.5N,51.3W,35,1005,70,0,0,70,0,0,0,0,0,0,0,0,-999
AL112020_JOSEPHINE,20200814,0600,,TS,15.1N,52.8W,35,1005,70,0,0,70,0,0,0,0,0,0,0,0,-999
AL112020_JOSEPHINE,20200814,1200,,TS,16.2N,54.2W,35,1005,70,0,0,70,0,0,0,0,0,0,0,0,-999
AL112020_JOSEPHINE,20200814,1800,,TS,17.4N,55.6W,40,1004,80,0,0,60,0,0,0,0,0,0,0,0,-999
AL112020_JOSEPHINE,20200815,0000,,TS,18.0N,56.9W,40,1004,80,0,0,40,0,0,0,0,0,0,0,0,-999
AL112020_JOSEPHINE,20200815,0600,,TS,18.4N,58.3W,40,1005,80,0,0,20,0,0,0,0,0,0,0,0,-999
AL112020_JOSEPHINE,20200815,1200,,TS,18.8N,59.7W,35,1007,90,0,0,0,0,0,0,0,0,0,0,0,-999
AL112020_JOSEPHINE,20200815,1800,,TS,19.6N,60.9W,35,1009,100,0,0,0,0,0,0,0,0,0,0,0,-999
AL112020_JOSEPHINE,20200816,0000,,TS,19.8N,62.1W,35,1009,100,0,0,0,0,0,0,0,0,0,0,0,-999
AL112020_JOSEPHINE,20200816,0600,,TD,20.0N,63.4W,30,1010,0,0,0,0,0,0,0,0,0,0,0,0,-999
AL112020_JOSEPHINE,20200816,1200,,TD,20.2N,64.5W,30,1010,0,0,0,0,0,0,0,0,0,0,0,0,-999
AL122020_KYLE,20200814,1200,,TS,36.6N,74.2W,35,1008,0,90,0,0,0,0,0,0,0,0,0,0,-999
AL122020_KYLE,20200814,1800,,TS,37.4N,72.6W,35,1007,0,90,0,0,0,0,0,0,0,0,0,0,-999
AL122020_KYLE,20200815,0000,,TS,38.0N,71.0W,40,1005,0,90,0,0,0,0,0,0,0,0,0,0,-999
AL122020_KYLE,20200815,0600,,TS,38.4N,69.1W,45,1003,70,70,0,0,0,0,0,0,0,0,0,0,-999
AL122020_KYLE,20200815,1200,,TS,38.8N,66.7W,45,1000,70,70,0,0,0,0,0,0,0,0,0,0,-999
AL122020_KYLE,20200815,1800,,TS,39.3N,64.2W,40,1001,150,70,0,0,0,0,0,0,0,0,0,0,-999
AL122020_KYLE,20200816,0000,,EX,39.7N,61.6W,35,1003,120,100,80,120,0,0,0,0,0,0,0,0,-999
AL132020_LAURA,20200820,0000,,TD,14.4N,47.3W,30,1008,0,0,0,0,0,0,0,0,0,0,0,0,-999
AL132020_LAURA,20200820,0600,,TD,15.4N,49.6W,30,1008,0,0,0,0,0,0,0,0,0,0,0,0,-999
AL132020_LAURA,20200820,1200,,TD,16.1N,51.6W,30,1008,0,0,0,0,0,0,0,0,0,0,0,0,-999
AL132020_LAURA,20200820,1800,,TD,16.6N,53.4W,30,1008,0,0,0,0,0,0,0,0,0,0,0,0,-999
AL132020_LAURA,20200821,0000,,TD,16.8N,55.5W,30,1008,0,0,0,0,0,0,0,0,0,0,0,0,-999
AL132020_LAURA,20200821,0600,,TD,16.9N,57.5W,30,1008,0,0,0,0,0,0,0,0,0,0,0,0,-999
AL132020_LAURA,20200821,1200,,TS,17.0N,59.4W,40,1008,130,0,0,60,0,0,0,0,0,0,0,0,-999
AL132020_LAURA,20200821,1800,,TS,17.1N,61.1W,40,1007,150,90,0,60,0,0,0,0,0,0,0,0,-999
AL132020_LAURA,20200821,2030,L,TS,17.1N,61.8W,40,1007,150,90,0,60,0,0,0,0,0,0,0,0,-999
AL132020_LAURA,20200821,2330,L,TS,17.1N,62.6W,40,1007,150,90,0,60,0,0,0,0,0,0,0,0,-999
AL132020_LAURA,20200822,0000,,TS,17.1N,62.8W,40,1007,180,180,0,0,0,0,0,0,0,0,0,0,-999
AL132020_LAURA,20200822,0600,,TS,17.4N,64.4W,40,1007,180,180,0,0,0,0,0,0,0,0,0,0,-999
AL132020_LAURA,20200822,1200,,TS,17.7N,65.9W,45,1006,180,180,0,0,0,0,0,0,0,0,0,0,-999
AL132020_LAURA,20200822,1800,,TS,17.9N,67.4W,45,1004,180,180,0,0,0,0,0,0,0,0,0,0,-999
AL132020_LAURA,20200823,0000,,TS,18.2N,68.8W,45,1004,120,120,0,60,0,0,0,0,0,0,0,0,-999
AL132020_LAURA,20200823,0430,L,TS,18.4N,70.0W,45,1004,120,120,0,60,0,0,0,0,0,0,0,0,-999
AL132020_LAURA,20200823,0600,,TS,18.5N,70.3W,45,1004,120,120,0,60,0,0,0,0,0,0,0,0,-999
AL132020_LAURA,20200823,1200,,TS,18.8N,72.3W,45,1004,120,120,0,40,0,0,0,0,0,0,0,0,-999
AL132020_LAURA,20200823,1800,,TS,19.4N,74.3W,55,1002,120,120,0,40,30,0,0,0,0,0,0,0,-999
AL132020_LAURA,20200824,0000,,TS,19.8N,76.0W,55,1000,120,120,0,40,40,40,0,0,0,0,0,0,-999
AL132020_LAURA,20200824,0200,L,TS,20.0N,76.6W,55,1000,120,120,0,40,40,40,0,0,0,0,0,0,-999
AL132020_LAURA,20200824,0600,,TS,20.2N,77.8W,50,1000,150,130,0,0,40,40,0,0,0,0,0,0,-999
AL132020_LAURA,20200824,1200,,TS,20.8N,79.7W,50,1002,150,140,0,0,40,50,0,0,0,0,0,0,-999
AL132020_LAURA,20200824,1800,,TS,21.5N,81.5W,50,1001,150,140,0,0,60,60,0,0,0,0,0,0,-999
AL132020_LAURA,20200825,0000,L,TS,22.3N,83.3W,55,998,150,140,0,0,60,60,0,0,0,0,0,0,-999
AL132020_LAURA,20200825,0600,,TS,22.8N,84.8W,60,995,150,140,30,90,60,60,0,20,0,0,0,0,-999
AL132020_LAURA,20200825,1200,,HU,23.4N,86.2W,65,990,150,140,60,90,60,60,20,40,40,0,0,0,-999
AL132020_LAURA,20200825,1800,,HU,24.1N,87.5W,70,990,150,140,60,90,60,60,20,40,40,0,0,0,-999
AL132020_LAURA,20200826,0000,,HU,24.9N,88.9W,75,983,150,140,60,90,60,60,30,60,40,40,0,40,-999
AL132020_LAURA,20200826,0600,,HU,25.6N,90.2W,90,978,150,140,60,90,100,90,30,60,60,50,20,40,-999
AL132020_LAURA,20200826,1200,,HU,26.4N,91.4W,100,963,160,140,70,90,100,90,30,60,60,50,20,40,-999
AL132020_LAURA,20200826,1800,,HU,27.3N,92.5W,120,952,180,150,80,100,90,90,50,60,50,50,30,40,-999
AL132020_LAURA,20200827,0000,,HU,28.5N,93.0W,130,937,160,150,80,100,90,90,50,60,50,50,30,40,-999
AL132020_LAURA,20200827,0600,L,HU,29.8N,93.3W,130,939,120,150,80,80,60,70,40,40,40,50,30,30,15
AL132020_LAURA,20200827,1200,,HU,31.2N,93.3W,85,970,80,120,50,60,50,40,30,30,30,30,15,20,-999
AL132020_LAURA,20200827,1800,,TS,32.8N,92.9W,55,988,80,80,30,40,30,30,0,0,0,0,0,0,-999
AL132020_LAURA,20200828,0000,,TS,34.4N,92.5W,35,993,80,80,30,40,0,0,0,0,0,0,0,0,-999
AL132020_LAURA,20200828,0600,,TD,35.4N,92.0W,25,998,0,0,0,0,0,0,0,0,0,0,0,0,-999
AL132020_LAURA,20200828,1200,,TD,36.1N,91.2W,25,1000,0,0,0,0,0,0,0,0,0,0,0,0,-999
AL132020_LAURA,20200828,1800,,TD,37.0N,90.0W,25,1003,0,0,0,0,0,0,0,0,0,0,0,0,-999
AL132020_LAURA,20200829,0000,,TD,37.5N,88.0W,25,1004,0,0,0,0,0,0,0,0,0,0,0,0,-999
AL132020_LAURA,20200829,0600,,LO,38.3N,84.8W,20,1004,0,0,0,0,0,0,0,0,0,0,0,0,-999
AL142020_MARCO,20200820,1800,,LO,14.1N,80.5W,30,1009,0,0,0,0,0,0,0,0,0,0,0,0,-999
AL142020_MARCO,20200821,0000,,LO,14.6N,81.8W,30,1007,0,0,0,0,0,0,0,0,0,0,0,0,-999
AL142020_MARCO,20200821,0600,,TD,15.3N,82.9W,30,1007,0,0,0,0,0,0,0,0,0,0,0,0,-999
AL142020_MARCO,20200821,1200,,TD,16.3N,83.7W,30,1008,0,0,0,0,0,0,0,0,0,0,0,0,-999
AL142020_MARCO,20200821,1800,,TD,17.4N,84.2W,30,1007,0,0,0,0,0,0,0,0,0,0,0,0,-999
AL142020_MARCO,20200822,0000,,TS,18.3N,84.6W,35,1006,80,0,0,0,0,0,0,0,0,0,0,0,-999
AL142020_MARCO,20200822,0600,,TS,19.2N,85.1W,40,1004,60,0,0,0,0,0,0,0,0,0,0,0,-999
AL142020_MARCO,20200822,1200,,TS,20.3N,85.2W,55,993,40,40,10,30,20,20,0,0,0,0,0,0,-999
AL142020_MARCO,20200822,1800,,TS,21.3N,85.5W,55,992,50,80,10,40,20,20,0,10,0,0,0,0,-999
AL142020_MARCO,20200823,0000,,TS,22.2N,86.1W,55,994,50,70,10,30,20,20,0,10,0,0,0,0,-999
AL142020_MARCO,20200823,0600,,TS,23.2N,86.7W,60,994,50,50,10,30,20,20,0,10,0,0,0,0,-999
AL142020_MARCO,20200823,1200,,HU,24.3N,87.2W,65,991,70,60,20,40,30,30,0,20,15,15,0,0,-999
AL142020_MARCO,20200823,1800,,HU,25.3N,87.4W,65,992,90,70,30,60,30,30,0,20,15,15,0,0,-999
AL142020_MARCO,20200824,0000,,TS,26.4N,87.6W,55,997,90,50,30,50,30,30,0,20,0,0,0,0,-999
AL142020_MARCO,20200824,0600,,TS,27.3N,87.9W,50,1003,90,30,0,40,30,0,0,0,0,0,0,0,-999
AL142020_MARCO,20200824,1200,,TS,28.1N,88.3W,45,1006,90,30,0,0,0,0,0,0,0,0,0,0,-999
AL142020_MARCO,20200824,1800,,TS,28.7N,88.6W,40,1007,70,0,0,0,0,0,0,0,0,0,0,0,-999
AL142020_MARCO,20200825,0000,,TS,28.9N,89.3W,35,1006,70,0,0,0,0,0,0,0,0,0,0,0,-999
AL142020_MARCO,20200825,0600,,LO,28.7N,90.5W,25,1008,0,0,0,0,0,0,0,0,0,0,0,0,-999
AL142020_MARCO,20200825,1200,,LO,28.6N,91.4W,20,1009,0,0,0,0,0,0,0,0,0,0,0,0,-999
AL142020_MARCO,20200825,1800,,LO,29.1N,92.3W,20,1009,0,0,0,0,0,0,0,0,0,0,0,0,-999
AL152020_OMAR,20200830,1800,,LO,30.2N,80.7W,25,1011,0,0,0,0,0,0,0,0,0,0,0,0,-999
AL152020_OMAR,20200831,0000,,LO,30.2N,79.4W,25,1010,0,0,0,0,0,0,0,0,0,0,0,0,-999
AL152020_OMAR,20200831,0600,,TD,30.6N,78.2W,30,1009,0,0,0,0,0,0,0,0,0,0,0,0,-999
AL152020_OMAR,20200831,1200,,TD,31.5N,77.4W,30,1009,0,0,0,0,0,0,0,0,0,0,0,0,-999
AL152020_OMAR,20200831,1800,,TD,32.2N,76.9W,30,1008,0,0,0,0,0,0,0,0,0,0,0,0,-999
AL152020_OMAR,20200901,0000,,TD,32.9N,76.2W,30,1007,0,0,0,0,0,0,0,0,0,0,0,0,-999
AL152020_OMAR,20200901,0600,,TD,33.8N,75.0W,30,1005,0,0,0,0,0,0,0,0,0,0,0,0,-999
AL152020_OMAR,20200901,1200,,TS,34.6N,73.7W,35,1003,0,70,0,0,0,0,0,0,0,0,0,0,-999
AL152020_OMAR,20200901,1800,,TS,35.2N,72.2W,35,1003,0,70,0,0,0,0,0,0,0,0,0,0,-999
AL152020_OMAR,20200902,0000,,TS,35.8N,70.7W,35,1003,0,70,0,0,0,0,0,0,0,0,0,0,-999
AL152020_OMAR,20200902,0600,,TS,36.1N,69.3W,35,1003,0,70,0,0,0,0,0,0,0,0,0,0,-999
AL152020_OMAR,20200902,1200,,TS,36.2N,68.0W,35,1003,0,70,0,0,0,0,0,0,0,0,0,0,-999
AL152020_OMAR,20200902,1800,,TS,36.2N,66.4W,35,1004,0,70,0,0,0,0,0,0,0,0,0,0,-999
AL152020_OMAR,20200903,0000,,TD,36.2N,64.8W,30,1005,0,0,0,0,0,0,0,0,0,0,0,0,-999
AL152020_OMAR,20200903,0600,,TD,36.1N,63.0W,30,1005,0,0,0,0,0,0,0,0,0,0,0,0,-999
AL152020_OMAR,20200903,1200,,TD,36.1N,61.7W,30,1005,0,0,0,0,0,0,0,0,0,0,0,0,-999
AL152020_OMAR,20200903,1800,,TD,35.6N,60.5W,30,1005,0,0,0,0,0,0,0,0,0,0,0,0,-999
AL152020_OMAR,20200904,0000,,TD,35.3N,59.5W,30,1006,0,0,0,0,0,0,0,0,0,0,0,0,-999
AL152020_OMAR,20200904,0600,,TD,35.3N,58.8W,30,1006,0,0,0,0,0,0,0,0,0,0,0,0,-999
AL152020_OMAR,20200904,1200,,TD,35.3N,58.0W,30,1006,0,0,0,0,0,0,0,0,0,0,0,0,-999
AL152020_OMAR,20200904,1800,,TD,35.3N,57.5W,30,1006,0,0,0,0,0,0,0,0,0,0,0,0,-999
AL152020_OMAR,20200905,0000,,TD,35.5N,57.3W,30,1007,0,0,0,0,0,0,0,0,0,0,0,0,-999
AL152020_OMAR,20200905,0600,,TD,36.0N,57.3W,30,1008,0,0,0,0,0,0,0,0,0,0,0,0,-999
AL152020_OMAR,20200905,1200,,TD,36.8N,57.3W,30,1009,0,0,0,0,0,0,0,0,0,0,0,0,-999
AL152020_OMAR,20200905,1800,,LO,37.7N,57.1W,30,1010,0,0,0,0,0,0,0,0,0,0,0,0,-999
AL152020_OMAR,20200906,0000,,LO,38.8N,56.8W,30,1011,0,0,0,0,0,0,0,0,0,0,0,0,-999
AL152020_OMAR,20200906,0600,,LO,40.4N,55.6W,30,1012,0,0,0,0,0,0,0,0,0,0,0,0,-999
AL162020_NANA,20200901,0600,,TS,15.9N,75.2W,35,1006,60,0,0,0,0,0,0,0,0,0,0,0,-999
AL162020_NANA,20200901,1200,,TS,16.3N,76.8W,40,1004,60,0,0,60,0,0,0,0,0,0,0,0,-999
AL162020_NANA,20200901,1800,,TS,16.7N,78.4W,50,1002,60,0,0,60,20,0,0,0,0,0,0,0,-999
AL162020_NANA,20200902,0000,,TS,17.0N,80.1W,50,1000,60,30,0,60,20,0,0,0,0,0,0,0,-999
AL162020_NANA,20200902,0600,,TS,17.0N,81.9W,50,998,60,30,0,60,20,0,0,20,0,0,0,0,-999
AL162020_NANA,20200902,1200,,TS,17.1N,83.7W,50,998,60,30,0,60,20,10,0,20,0,0,0,0,-999
AL162020_NANA,20200902,1800,,TS,17.1N,85.3W,50,998,60,30,0,60,20,10,0,20,0,0,0,0,-999
AL162020_NANA,20200903,0000,,TS,17.0N,86.8W,60,994,60,40,20,60,20,20,0,10,0,0,0,0,-999
AL162020_NANA,20200903,0300,I,HU,16.9N,87.5W,65,994,60,40,20,60,20,20,0,20,10,0,0,10,-999
AL162020_NANA,20200903,0600,L,HU,16.8N,88.3W,65,994,60,40,20,60,20,20,0,20,10,0,0,10,-999
AL162020_NANA,20200903,1200,,TS,16.4N,89.6W,45,1001,40,40,20,40,0,0,0,0,0,0,0,0,-999
AL162020_NANA,20200903,1800,,TD,16.1N,90.5W,30,1005,0,0,0,0,0,0,0,0,0,0,0,0,-999
AL162020_NANA,20200904,0000,,LO,15.8N,91.4W,20,1007,0,0,0,0,0,0,0,0,0,0,0,0,-999
AL172020_PAULETTE,20200907,0000,,TD,16.9N,41.3W,30,1006,0,0,0,0,0,0,0,0,0,0,0,0,-999
AL172020_PAULETTE,20200907,0600,,TD,17.0N,41.8W,30,1006,0,0,0,0,0,0,0,0,0,0,0,0,-999
AL172020_PAULETTE,20200907,1200,,TS,17.1N,42.1W,35,1005,60,0,0,0,0,0,0,0,0,0,0,0,-999
AL172020_PAULETTE,20200907,1800,,TS,17.3N,42.3W,35,1005,60,0,0,0,0,0,0,0,0,0,0,0,-999
AL172020_PAULETTE,20200908,0000,,TS,17.6N,42.4W,40,1004,70,0,0,50,0,0,0,0,0,0,0,0,-999
AL172020_PAULETTE,20200908,0600,,TS,17.9N,42.6W,45,1000,90,70,0,70,0,0,0,0,0,0,0,0,-999
AL172020_PAULETTE,20200908,1200,,TS,18.3N,43.0W,50,997,90,70,20,70,40,0,0,30,0,0,0,0,-999
AL172020_PAULETTE,20200908,1800,,TS,18.6N,43.7W,50,997,90,70,20,70,40,0,0,30,0,0,0,0,-999
AL172020_PAULETTE,20200909,0000,,TS,18.9N,44.5W,50,997,120,60,30,100,50,0,0,50,0,0,0,0,-999
AL172020_PAULETTE,20200909,0600,,TS,19.2N,45.2W,50,997,150,60,30,130,50,0,0,50,0,0,0,0,-999
AL172020_PAULETTE,20200909,1200,,TS,19.6N,46.0W,50,996,180,60,60,170,60,0,0,60,0,0,0,0,-999
AL172020_PAULETTE,20200909,1800,,TS,20.0N,46.8W,50,996,180,60,60,170,60,0,0,80,0,0,0,0,-999
AL172020_PAULETTE,20200910,0000,,TS,20.4N,47.6W,50,996,180,60,60,170,90,0,0,60,0,0,0,0,-999
AL172020_PAULETTE,20200910,0600,,TS,20.8N,48.3W,50,996,180,60,60,170,90,0,0,60,0,0,0,0,-999
AL172020_PAULETTE,20200910,1200,,TS,21.3N,48.9W,45,998,180,70,60,170,0,0,0,0,0,0,0,0,-999
AL172020_PAULETTE,20200910,1800,,TS,21.8N,49.6W,45,998,180,70,60,170,0,0,0,0,0,0,0,0,-999
AL172020_PAULETTE,20200911,0000,,TS,22.3N,50.3W,50,994,180,70,60,170,50,0,0,50,0,0,0,0,-999
AL172020_PAULETTE,20200911,0600,,TS,22.8N,51.1W,55,991,180,70,60,170,50,0,0,50,0,0,0,0,-999
AL172020_PAULETTE,20200911,1200,,TS,23.4N,52.1W,55,990,180,70,60,170,50,0,0,50,0,0,0,0,-999
AL172020_PAULETTE,20200911,1800,,TS,24.3N,53.1W,55,989,180,70,60,170,50,0,0,50,0,0,0,0,-999
AL172020_PAULETTE,20200912,0000,,TS,25.4N,54.3W,60,987,180,80,60,170,60,20,20,40,0,0,0,0,-999
AL172020_PAULETTE,20200912,0600,,TS,26.4N,55.6W,60,986,180,80,60,170,60,20,20,40,0,0,0,0,-999
AL172020_PAULETTE,20200912,1200,,TS,27.3N,56.7W,60,985,180,80,60,170,60,20,20,40,0,0,0,0,-999
AL172020_PAULETTE,20200912,1800,,TS,28.0N,57.8W,60,984,170,100,50,170,60,20,20,40,0,0,0,0,-999
AL172020_PAULETTE,20200913,0000,,HU,28.6N,59.1W,65,981,170,100,80,170,60,30,30,40,20,20,0,20,-999
AL172020_PAULETTE,20200913,0600,,HU,29.1N,60.3W,65,980,170,100,80,170,60,30,30,60,30,20,0,20,-999
AL172020_PAULETTE,20200913,1200,,HU,29.6N,61.4W,70,976,170,100,80,170,80,50,40,80,50,20,0,30,-999
AL172020_PAULETTE,20200913,1800,,HU,30.2N,62.6W,75,974,150,100,80,150,80,50,40,80,50,20,0,30,-999
AL172020_PAULETTE,20200914,0000,,HU,30.9N,63.6W,75,974,150,100,80,150,80,50,30,80,40,20,0,30,-999
AL172020_PAULETTE,20200914,0600,,HU,31.8N,64.4W,80,973,150,100,80,150,80,50,30,80,40,20,0,30,-999
AL172020_PAULETTE,20200914,0850,L,HU,32.3N,64.7W,85,971,150,100,80,150,80,50,30,80,40,20,0,30,-999
AL172020_PAULETTE,20200914,1200,,HU,32.9N,64.9W,85,968,150,100,80,150,80,50,30,80,40,20,0,30,-999
AL172020_PAULETTE,20200914,1800,,HU,33.9N,64.4W,90,965,150,140,80,150,80,80,60,70,50,30,0,40,-999
AL172020_PAULETTE,20200915,0000,,HU,35.1N,63.3W,90,965,150,180,110,150,80,100,70,70,50,50,30,50,-999
AL172020_PAULETTE,20200915,0600,,HU,36.3N,62.0W,90,965,150,200,130,150,80,100,70,70,50,50,50,50,-999
AL172020_PAULETTE,20200915,1200,,HU,37.6N,59.5W,90,965,150,200,130,180,80,100,70,70,50,50,50,50,-999
AL172020_PAULETTE,20200915,1800,,HU,38.7N,56.7W,85,966,160,200,130,220,80,110,60,80,50,50,50,50,-999
AL172020_PAULETTE,20200916,0000,,HU,40.0N,54.0W,85,966,160,200,130,220,80,110,90,80,50,50,50,50,-999
AL172020_PAULETTE,20200916,0600,,HU,41.2N,50.8W,80,968,160,220,200,220,90,130,120,100,50,70,60,60,-999
AL172020_PAULETTE,20200916,1200,,EX,42.6N,46.9W,75,973,160,220,200,220,90,130,120,100,50,70,60,60,-999
AL172020_PAULETTE,20200916,1800,,EX,44.3N,43.1W,70,974,180,230,220,220,90,130,130,110,50,50,70,70,-999
AL172020_PAULETTE,20200917,0000,,EX,45.9N,39.3W,65,975,200,240,240,220,80,120,150,120,0,0,90,90,-999
AL172020_PAULETTE,20200917,0600,,EX,47.0N,36.5W,60,977,200,240,240,220,80,120,150,120,0,0,0,0,-999
AL172020_PAULETTE,20200917,1200,,EX,47.0N,34.5W,55,979,190,180,240,220,0,90,130,130,0,0,0,0,-999
AL172020_PAULETTE,20200917,1800,,EX,46.6N,33.0W,50,982,160,160,240,220,0,0,120,0,0,0,0,0,-999
AL172020_PAULETTE,20200918,0000,,EX,46.0N,31.8W,45,986,140,140,240,220,0,0,0,0,0,0,0,0,-999
AL172020_PAULETTE,20200918,0600,,EX,44.6N,31.4W,45,989,140,140,240,220,0,0,0,0,0,0,0,0,-999
AL172020_PAULETTE,20200918,1200,,EX,42.8N,31.3W,40,997,0,0,200,200,0,0,0,0,0,0,0,0,-999
AL172020_PAULETTE,20200918,1800,,EX,41.0N,31.2W,40,999,0,0,200,200,0,0,0,0,0,0,0,0,-999
AL172020_PAULETTE,20200919,0000,,EX,39.1N,31.1W,40,1002,0,0,0,120,0,0,0,0,0,0,0,0,-999
AL172020_PAULETTE,20200919,0600,,LO,37.7N,31.1W,40,1002,0,0,0,120,0,0,0,0,0,0,0,0,-999
AL172020_PAULETTE,20200919,1200,,LO,36.5N,30.5W,40,1006,0,0,0,120,0,0,0,0,0,0,0,0,-999
AL172020_PAULETTE,20200919,1800,,LO,35.9N,29.8W,35,1008,0,0,0,120,0,0,0,0,0,0,0,0,-999
AL172020_PAULETTE,20200920,0000,,LO,35.7N,29.5W,35,1008,80,0,0,90,0,0,0,0,0,0,0,0,-999
AL172020_PAULETTE,20200920,0600,,LO,35.5N,29.4W,35,1008,80,0,0,90,0,0,0,0,0,0,0,0,-999
AL172020_PAULETTE,20200920,1200,,LO,35.1N,29.7W,35,1008,80,0,0,90,0,0,0,0,0,0,0,0,-999
AL172020_PAULETTE,20200920,1800,,TS,34.7N,30.6W,35,1008,80,0,0,90,0,0,0,0,0,0,0,0,-999
AL172020_PAULETTE,20200921,0000,,TS,34.1N,31.2W,35,1008,0,0,80,90,0,0,0,0,0,0,0,0,-999
AL172020_PAULETTE,20200921,0600,,TS,33.3N,31.2W,35,1008,0,0,80,90,0,0,0,0,0,0,0,0,-999
AL172020_PAULETTE,20200921,1200,,TS,32.9N,29.8W,35,1008,0,0,80,90,0,0,0,0,0,0,0,0,-999
AL172020_PAULETTE,20200921,1800,,TS,33.3N,28.1W,40,1008,60,60,70,50,0,0,0,0,0,0,0,0,-999
AL172020_PAULETTE,20200922,0000,,TS,33.8N,26.3W,50,1004,30,70,60,30,0,30,0,0,0,0,0,0,-999
AL172020_PAULETTE,20200922,0600,,TS,34.5N,24.6W,50,1002,30,70,60,0,0,30,0,0,0,0,0,0,-999
AL172020_PAULETTE,20200922,1200,,LO,34.8N,23.1W,40,1004,30,50,50,0,0,0,0,0,0,0,0,0,-999
AL172020_PAULETTE,20200922,1800,,LO,34.7N,21.8W,35,1006,30,50,50,0,0,0,0,0,0,0,0,0,-999
AL172020_PAULETTE,20200923,0000,,LO,34.8N,20.5W,35,1006,30,50,50,0,0,0,0,0,0,0,0,0,-999
AL172020_PAULETTE,20200923,0600,,LO,35.0N,19.2W,40,1006,30,40,40,0,0,0,0,0,0,0,0,0,-999
AL172020_PAULETTE,20200923,1200,,LO,35.6N,18.1W,45,1003,30,40,40,40,0,0,0,0,0,0,0,0,-999
AL172020_PAULETTE,20200923,1800,,LO,36.2N,17.2W,45,1003,30,40,40,40,0,0,0,0,0,0,0,0,-999
AL172020_PAULETTE,20200924,0000,,LO,36.2N,16.7W,40,1008,30,40,40,50,0,0,0,0,0,0,0,0,-999
AL172020_PAULETTE,20200924,0600,,LO,35.9N,16.6W,35,1010,0,0,0,70,0,0,0,0,0,0,0,0,-999
AL172020_PAULETTE,20200924,1200,,LO,35.4N,17.2W,35,1012,0,0,0,70,0,0,0,0,0,0,0,0,-999
AL172020_PAULETTE,20200924,1800,,LO,34.6N,18.4W,35,1013,0,0,0,70,0,0,0,0,0,0,0,0,-999
AL172020_PAULETTE,20200925,0000,,LO,33.7N,19.8W,35,1016,0,0,0,70,0,0,0,0,0,0,0,0,-999
AL172020_PAULETTE,20200925,0600,,LO,33.4N,21.4W,30,1017,0,0,0,0,0,0,0,0,0,0,0,0,-999
AL172020_PAULETTE,20200925,1200,,LO,33.0N,23.2W,30,1017,0,0,0,0,0,0,0,0,0,0,0,0,-999
AL172020_PAULETTE,20200925,1800,,LO,33.0N,25.1W,30,1017,0,0,0,0,0,0,0,0,0,0,0,0,-999
AL172020_PAULETTE,20200926,0000,,LO,33.2N,26.8W,30,1017,0,0,0,0,0,0,0,0,0,0,0,0,-999
AL172020_PAULETTE,20200926,0600,,LO,33.7N,28.4W,25,1017,0,0,0,0,0,0,0,0,0,0,0,0,-999
AL172020_PAULETTE,20200926,1200,,LO,34.6N,29.5W,25,1017,0,0,0,0,0,0,0,0,0,0,0,0,-999
AL172020_PAULETTE,20200926,1800,,LO,35.4N,30.2W,25,1017,0,0,0,0,0,0,0,0,0,0,0,0,-999
AL172020_PAULETTE,20200927,0000,,LO,36.3N,30.3W,25,1017,0,0,0,0,0,0,0,0,0,0,0,0,-999
AL172020_PAULETTE,20200927,0600,,LO,36.7N,29.5W,25,1017,0,0,0,0,0,0,0,0,0,0,0,0,-999
AL172020_PAULETTE,20200927,1200,,LO,37.0N,28.4W,25,1017,0,0,0,0,0,0,0,0,0,0,0,0,-999
AL172020_PAULETTE,20200927,1800,,LO,36.9N,27.3W,20,1018,0,0,0,0,0,0,0,0,0,0,0,0,-999
AL172020_PAULETTE,20200928,0000,,LO,36.8N,26.4W,20,1018,0,0,0,0,0,0,0,0,0,0,0,0,-999
AL172020_PAULETTE,20200928,0600,,LO,36.5N,25.8W,20,1018,0,0,0,0,0,0,0,0,0,0,0,0,-999
AL172020_PAULETTE,20200928,1200,,LO,36.1N,25.5W,20,1018,0,0,0,0,0,0,0,0,0,0,0,0,-999
AL182020_RENE,20200906,1800,,LO,14.6N,18.1W,25,1006,0,0,0,0,0,0,0,0,0,0,0,0,-999
AL182020_RENE,20200907,0000,,LO,14.8N,19.0W,25,1005,0,0,0,0,0,0,0,0,0,0,0,0,-999
AL182020_RENE,20200907,0600,,TD,15.2N,19.8W,30,1004,0,0,0,0,0,0,0,0,0,0,0,0,-999
AL182020_RENE,20200907,1200,,TD,15.6N,20.7W,30,1003,0,0,0,0,0,0,0,0,0,0,0,0,-999
AL182020_RENE,20200907,1800,,TS,15.9N,21.8W,35,1002,40,0,0,0,0,0,0,0,0,0,0,0,-999
AL182020_RENE,20200908,0000,,TS,16.1N,22.9W,35,1001,40,0,0,0,0,0,0,0,0,0,0,0,-999
AL182020_RENE,20200908,0600,,TS,16.3N,24.2W,35,1001,40,0,0,0,0,0,0,0,0,0,0,0,-999
AL182020_RENE,20200908,1200,,TS,16.4N,25.7W,35,1001,40,0,0,0,0,0,0,0,0,0,0,0,-999
AL182020_RENE,20200908,1800,,TD,16.6N,27.1W,30,1003,0,0,0,0,0,0,0,0,0,0,0,0,-999
AL182020_RENE,20200909,0000,,TD,16.8N,28.6W,30,1004,0,0,0,0,0,0,0,0,0,0,0,0,-999
AL182020_RENE,20200909,0600,,TD,17.1N,30.0W,30,1004,0,0,0,0,0,0,0,0,0,0,0,0,-999
AL182020_RENE,20200909,1200,,TS,17.3N,31.2W,35,1003,0,0,0,60,0,0,0,0,0,0,0,0,-999
AL182020_RENE,20200909,1800,,TS,17.6N,32.4W,35,1003,0,0,0,60,0,0,0,0,0,0,0,0,-999
AL182020_RENE,20200910,0000,,TS,17.9N,33.5W,35,1003,0,0,0,60,0,0,0,0,0,0,0,0,-999
AL182020_RENE,20200910,0600,,TS,18.1N,34.4W,35,1003,0,0,0,60,0,0,0,0,0,0,0,0,-999
AL182020_RENE,20200910,1200,,TS,18.4N,35.3W,40,1002,60,20,0,60,0,0,0,0,0,0,0,0,-999
AL182020_RENE,20200910,1800,,TS,18.8N,36.3W,40,1002,60,20,0,60,0,0,0,0,0,0,0,0,-999
AL182020_RENE,20200911,0000,,TS,19.1N,37.2W,35,1003,60,20,0,60,0,0,0,0,0,0,0,0,-999
AL182020_RENE,20200911,0600,,TS,19.5N,38.2W,35,1003,60,20,0,60,0,0,0,0,0,0,0,0,-999
AL182020_RENE,20200911,1200,,TS,19.9N,39.3W,35,1004,60,0,0,60,0,0,0,0,0,0,0,0,-999
AL182020_RENE,20200911,1800,,TS,20.4N,40.6W,35,1004,60,0,0,60,0,0,0,0,0,0,0,0,-999
AL182020_RENE,20200912,0000,,TS,21.1N,41.8W,35,1004,60,0,0,60,0,0,0,0,0,0,0,0,-999
AL182020_RENE,20200912,0600,,TS,21.9N,42.9W,35,1004,50,0,0,50,0,0,0,0,0,0,0,0,-999
AL182020_RENE,20200912,1200,,TD,22.8N,44.0W,30,1006,0,0,0,0,0,0,0,0,0,0,0,0,-999
AL182020_RENE,20200912,1800,,TD,23.7N,45.0W,30,1007,0,0,0,0,0,0,0,0,0,0,0,0,-999
AL182020_RENE,20200913,0000,,TD,24.7N,46.0W,30,1008,0,0,0,0,0,0,0,0,0,0,0,0,-999
AL182020_RENE,20200913,0600,,TD,25.8N,46.9W,30,1009,0,0,0,0,0,0,0,0,0,0,0,0,-999
AL182020_RENE,20200913,1200,,TD,26.7N,47.3W,30,1009,0,0,0,0,0,0,0,0,0,0,0,0,-999
AL182020_RENE,20200913,1800,,TD,27.4N,47.5W,25,1009,0,0,0,0,0,0,0,0,0,0,0,0,-999
AL182020_RENE,20200914,0000,,TD,27.5N,47.8W,25,1009,0,0,0,0,0,0,0,0,0,0,0,0,-999
AL182020_RENE,20200914,0600,,TD,27.6N,48.0W,25,1009,0,0,0,0,0,0,0,0,0,0,0,0,-999
AL182020_RENE,20200914,1200,,TD,27.5N,48.4W,25,1009,0,0,0,0,0,0,0,0,0,0,0,0,-999
AL192020_SALLY,20200911,1800,,TD,25.4N,78.6W,30,1007,0,0,0,0,0,0,0,0,0,0,0,0,-999
AL192020_SALLY,20200912,0000,,TD,25.6N,79.4W,30,1004,0,0,0,0,0,0,0,0,0,0,0,0,-999
AL192020_SALLY,20200912,0600,L,TD,25.6N,80.2W,30,1003,0,0,0,0,0,0,0,0,0,0,0,0,-999
AL192020_SALLY,20200912,1200,,TS,25.5N,80.8W,35,1003,60,60,0,0,0,0,0,0,0,0,0,0,-999
AL192020_SALLY,20200912,1800,,TS,25.6N,81.6W,35,1003,0,70,0,0,0,0,0,0,0,0,0,0,-999
AL192020_SALLY,20200913,0000,,TS,26.0N,82.5W,35,1003,30,80,0,0,0,0,0,0,0,0,0,0,-999
AL192020_SALLY,20200913,0600,,TS,26.7N,83.5W,45,1001,50,80,0,20,0,0,0,0,0,0,0,0,-999
AL192020_SALLY,20200913,1200,,TS,27.2N,84.5W,50,996,70,90,0,30,30,0,0,0,0,0,0,0,-999
AL192020_SALLY,20200913,1800,,TS,27.6N,85.4W,50,996,80,100,0,50,30,0,0,0,0,0,0,0,-999
AL192020_SALLY,20200914,0000,,TS,27.9N,86.0W,50,996,90,100,0,70,30,0,0,0,0,0,0,0,-999
AL192020_SALLY,20200914,0600,,TS,28.2N,86.5W,55,996,100,110,20,100,40,30,0,30,0,0,0,0,-999
AL192020_SALLY,20200914,1200,,HU,28.4N,86.9W,65,991,110,110,20,100,50,30,0,30,20,0,0,0,-999
AL192020_SALLY,20200914,1800,,HU,28.6N,87.3W,75,986,110,110,30,90,60,30,0,30,30,15,0,15,-999
AL192020_SALLY,20200915,0000,,HU,28.7N,87.7W,75,986,110,110,30,90,70,40,0,30,35,20,0,15,-999
AL192020_SALLY,20200915,0600,,HU,28.8N,88.0W,70,984,110,110,40,90,70,40,0,30,40,25,0,20,-999
AL192020_SALLY,20200915,1200,,HU,29.0N,88.1W,70,982,110,110,50,90,70,40,0,40,40,25,0,25,-999
AL192020_SALLY,20200915,1800,,HU,29.3N,88.1W,70,981,110,110,60,80,70,40,0,40,40,20,0,25,-999
AL192020_SALLY,20200916,0000,,HU,29.6N,88.0W,75,975,110,110,70,80,70,40,30,50,35,20,20,25,-999
AL192020_SALLY,20200916,0600,,HU,29.9N,87.9W,95,967,100,110,80,80,70,40,30,50,35,20,20,25,-999
AL192020_SALLY,20200916,0945,L,HU,30.3N,87.7W,95,965,90,110,80,70,70,40,30,50,35,20,20,25,15
AL192020_SALLY,20200916,1200,,HU,30.5N,87.6W,85,967,80,130,80,60,60,40,30,40,30,25,20,20,-999
AL192020_SALLY,20200916,1800,,TS,31.1N,87.2W,60,982,70,150,80,50,40,30,30,20,0,0,0,0,-999
AL192020_SALLY,20200917,0000,,TS,31.6N,86.7W,35,994,60,90,80,0,0,0,0,0,0,0,0,0,-999
AL192020_SALLY,20200917,0600,,TD,32.1N,86.1W,30,1000,0,0,0,0,0,0,0,0,0,0,0,0,-999
AL192020_SALLY,20200917,1200,,EX,32.6N,85.2W,30,1003,0,0,0,0,0,0,0,0,0,0,0,0,-999
AL192020_SALLY,20200917,1800,,EX,33.2N,83.8W,30,1004,0,0,0,0,0,0,0,0,0,0,0,0,-999
AL192020_SALLY,20200918,0000,,EX,33.7N,82.3W,30,1004,0,0,0,0,0,0,0,0,0,0,0,0,-999
AL192020_SALLY,20200918,0600,,EX,34.1N,80.8W,30,1005,0,0,0,0,0,0,0,0,0,0,0,0,-999
AL202020_TEDDY,20200912,0600,,TD,11.0N,31.4W,25,1007,0,0,0,0,0,0,0,0,0,0,0,0,-999
AL202020_TEDDY,20200912,1200,,TD,11.2N,32.4W,30,1006,0,0,0,0,0,0,0,0,0,0,0,0,-999
AL202020_TEDDY,20200912,1800,,TD,11.4N,33.3W,30,1005,0,0,0,0,0,0,0,0,0,0,0,0,-999
AL202020_TEDDY,20200913,0000,,TD,11.6N,34.2W,30,1005,0,0,0,0,0,0,0,0,0,0,0,0,-999
AL202020_TEDDY,20200913,0600,,TD,11.9N,35.1W,30,1005,0,0,0,0,0,0,0,0,0,0,0,0,-999
AL202020_TEDDY,20200913,1200,,TD,12.2N,36.2W,30,1006,0,0,0,0,0,0,0,0,0,0,0,0,-999
AL202020_TEDDY,20200913,1800,,TD,12.6N,37.4W,30,1006,0,0,0,0,0,0,0,0,0,0,0,0,-999
AL202020_TEDDY,20200914,0000,,TS,12.9N,38.7W,35,1004,0,0,40,0,0,0,0,0,0,0,0,0,-999
AL202020_TEDDY,20200914,0600,,TS,12.9N,40.4W,35,1004,0,0,40,40,0,0,0,0,0,0,0,0,-999
AL202020_TEDDY,20200914,1200,,TS,12.9N,42.1W,35,1004,50,30,0,50,0,0,0,0,0,0,0,0,-999
AL202020_TEDDY,20200914,1800,,TS,12.9N,43.4W,40,1003,80,40,0,70,0,0,0,0,0,0,0,0,-999
AL202020_TEDDY,20200915,0000,,TS,13.0N,44.5W,45,1002,100,50,0,80,0,0,0,0,0,0,0,0,-999
AL202020_TEDDY,20200915,0600,,TS,13.4N,45.5W,50,1001,100,50,20,120,20,0,0,0,0,0,0,0,-999
AL202020_TEDDY,20200915,1200,,TS,13.8N,46.6W,55,999,140,60,40,160,30,0,0,30,0,0,0,0,-999
AL202020_TEDDY,20200915,1800,,TS,14.2N,47.4W,55,997,140,80,40,160,30,0,0,30,0,0,0,0,-999
AL202020_TEDDY,20200916,0000,,HU,14.7N,48.0W,65,987,140,80,40,150,40,30,0,30,20,0,0,0,-999
AL202020_TEDDY,20200916,0600,,HU,15.4N,48.6W,80,978,140,80,40,150,40,30,20,30,20,10,10,20,-999
AL202020_TEDDY,20200916,1200,,HU,16.1N,49.3W,85,972,170,90,40,150,50,50,20,50,25,25,10,20,-999
AL202020_TEDDY,20200916,1800,,HU,16.8N,50.2W,85,972,190,100,70,170,60,50,30,60,30,25,10,30,-999
AL202020_TEDDY,20200917,0000,,HU,17.4N,51.1W,85,970,220,100,80,170,60,50,50,70,30,25,20,30,-999
AL202020_TEDDY,20200917,0600,,HU,18.1N,52.0W,90,966,220,100,80,170,60,50,50,70,30,25,20,30,-999
AL202020_TEDDY,20200917,1200,,HU,18.9N,52.8W,100,960,220,120,80,170,70,50,50,70,30,30,20,40,-999
AL202020_TEDDY,20200917,1800,,HU,19.7N,53.7W,115,948,200,150,90,180,90,60,50,80,40,40,35,50,-999
AL202020_TEDDY,20200918,0000,,HU,20.4N,54.4W,120,945,200,150,90,180,90,60,50,80,40,40,35,50,-999
AL202020_TEDDY,20200918,0600,,HU,21.1N,55.1W,115,946,200,150,120,150,90,60,70,90,50,40,40,50,-999
AL202020_TEDDY,20200918,1200,,HU,21.7N,55.8W,110,947,200,150,120,150,90,60,70,90,50,40,40,50,-999
AL202020_TEDDY,20200918,1800,,HU,22.5N,56.5W,105,949,200,150,120,150,90,60,70,90,50,40,40,50,-999
AL202020_TEDDY,20200919,0000,,HU,23.5N,57.2W,105,945,200,170,120,150,90,60,70,90,50,40,40,50,-999
AL202020_TEDDY,20200919,0600,,HU,24.4N,57.9W,100,947,200,200,140,150,110,70,70,90,50,40,40,50,-999
AL202020_TEDDY,20200919,1200,,HU,25.4N,58.7W,100,950,200,200,140,150,130,90,80,90,50,40,40,50,-999
AL202020_TEDDY,20200919,1800,,HU,26.2N,59.7W,100,953,200,200,140,150,130,90,80,90,60,40,40,50,-999
AL202020_TEDDY,20200920,0000,,HU,26.9N,60.8W,95,956,180,180,180,180,120,120,80,100,70,70,40,60,-999
AL202020_TEDDY,20200920,0600,,HU,27.5N,61.9W,90,958,180,180,180,180,120,120,80,100,70,70,40,60,-999
AL202020_TEDDY,20200920,1200,,HU,28.0N,62.6W,85,963,180,180,180,180,120,100,80,100,70,60,30,60,-999
AL202020_TEDDY,20200920,1800,,HU,28.5N,63.3W,80,964,200,200,150,170,120,110,70,100,70,60,30,60,-999
AL202020_TEDDY,20200921,0000,,HU,29.0N,63.7W,80,963,200,200,150,170,120,110,70,100,70,60,30,60,-999
AL202020_TEDDY,20200921,0600,,HU,29.7N,63.5W,80,962,200,200,150,150,110,110,60,80,70,60,30,50,-999
AL202020_TEDDY,20200921,1200,,HU,30.5N,62.9W,80,960,200,200,150,150,110,110,60,80,70,70,20,50,-999
AL202020_TEDDY,20200921,1800,,HU,32.2N,61.8W,80,958,240,240,180,150,120,120,60,80,70,70,20,50,-999
AL202020_TEDDY,20200922,0000,,HU,34.6N,61.4W,85,956,240,240,180,150,120,120,60,80,90,80,20,50,-999
AL202020_TEDDY,20200922,0600,,HU,37.6N,62.1W,90,952,300,300,180,180,150,120,120,150,90,90,50,80,-999
AL202020_TEDDY,20200922,1200,,HU,39.1N,63.5W,90,949,470,390,270,280,240,120,130,210,90,90,80,110,-999
AL202020_TEDDY,20200922,1800,,HU,40.3N,64.2W,80,952,470,390,270,280,240,120,130,210,80,80,80,110,-999
AL202020_TEDDY,20200923,0000,,HU,41.8N,64.2W,65,954,470,390,270,280,240,120,130,210,80,80,80,110,-999
AL202020_TEDDY,20200923,0600,,EX,43.2N,63.3W,60,957,450,350,250,250,200,100,120,200,0,0,0,0,-999
AL202020_TEDDY,20200923,1200,,EX,45.0N,62.1W,55,964,180,180,120,180,70,80,0,0,0,0,0,0,-999
AL202020_TEDDY,20200923,1800,,EX,47.4N,60.4W,50,974,120,180,150,180,0,60,0,0,0,0,0,0,-999
AL202020_TEDDY,20200924,0000,,EX,49.7N,58.2W,45,975,120,180,150,180,0,0,0,0,0,0,0,0,-999
AL202020_TEDDY,20200924,0600,,EX,52.8N,55.8W,40,977,0,210,0,0,0,0,0,0,0,0,0,0,-999
AL212020_VICKY,20200914,0000,,TD,17.5N,28.2W,30,1008,0,0,0,0,0,0,0,0,0,0,0,0,-999
AL212020_VICKY,20200914,0600,,TS,18.0N,28.3W,35,1006,90,70,0,0,0,0,0,0,0,0,0,0,-999
AL212020_VICKY,20200914,1200,,TS,18.5N,28.6W,40,1003,90,70,0,0,0,0,0,0,0,0,0,0,-999
AL212020_VICKY,20200914,1800,,TS,19.0N,29.1W,45,1002,90,70,0,0,0,0,0,0,0,0,0,0,-999
AL212020_VICKY,20200915,0000,,TS,19.5N,29.6W,45,1002,90,70,0,0,0,0,0,0,0,0,0,0,-999
AL212020_VICKY,20200915,0600,,TS,20.0N,30.1W,45,1002,90,70,0,0,0,0,0,0,0,0,0,0,-999
AL212020_VICKY,20200915,1200,,TS,20.5N,30.8W,45,1001,100,80,0,0,0,0,0,0,0,0,0,0,-999
AL212020_VICKY,20200915,1800,,TS,21.0N,31.6W,45,1001,100,80,0,0,0,0,0,0,0,0,0,0,-999
AL212020_VICKY,20200916,0000,,TS,21.4N,32.6W,45,1004,70,50,30,70,0,0,0,0,0,0,0,0,-999
AL212020_VICKY,20200916,0600,,TS,21.5N,33.5W,40,1005,60,30,30,70,0,0,0,0,0,0,0,0,-999
AL212020_VICKY,20200916,1200,,TS,21.4N,34.3W,35,1007,60,30,20,70,0,0,0,0,0,0,0,0,-999
AL212020_VICKY,20200916,1800,,TS,21.5N,35.0W,35,1007,60,30,20,70,0,0,0,0,0,0,0,0,-999
AL212020_VICKY,20200917,0000,,TS,21.6N,35.6W,35,1007,60,0,0,60,0,0,0,0,0,0,0,0,-999
AL212020_VICKY,20200917,0600,,TS,21.7N,36.4W,35,1008,60,0,0,0,0,0,0,0,0,0,0,0,-999
AL212020_VICKY,20200917,1200,,TD,21.6N,37.6W,30,1008,0,0,0,0,0,0,0,0,0,0,0,0,-999
AL212020_VICKY,20200917,1800,,TD,21.3N,38.7W,25,1008,0,0,0,0,0,0,0,0,0,0,0,0,-999
AL212020_VICKY,20200918,0000,,LO,20.8N,39.4W,25,1009,0,0,0,0,0,0,0,0,0,0,0,0,-999
AL212020_VICKY,20200918,0600,,LO,20.5N,40.2W,25,1009,0,0,0,0,0,0,0,0,0,0,0,0,-999
AL212020_VICKY,20200918,1200,,LO,20.4N,41.0W,25,1009,0,0,0,0,0,0,0,0,0,0,0,0,-999
AL212020_VICKY,20200918,1800,,LO,20.3N,41.9W,25,1009,0,0,0,0,0,0,0,0,0,0,0,0,-999
AL212020_VICKY,20200919,0000,,LO,20.1N,42.9W,20,1010,0,0,0,0,0,0,0,0,0,0,0,0,-999
AL212020_VICKY,20200919,0600,,LO,19.9N,44.0W,20,1011,0,0,0,0,0,0,0,0,0,0,0,0,-999
AL212020_VICKY,20200919,1200,,LO,19.6N,45.1W,20,1011,0,0,0,0,0,0,0,0,0,0,0,0,-999
AL212020_VICKY,20200919,1800,,LO,19.3N,46.3W,20,1012,0,0,0,0,0,0,0,0,0,0,0,0,-999
AL222020_BETA,20200917,0600,,LO,21.1N,94.9W,30,1007,0,0,0,0,0,0,0,0,0,0,0,0,-999
AL222020_BETA,20200917,1200,,TD,21.5N,94.7W,30,1007,0,0,0,0,0,0,0,0,0,0,0,0,-999
AL222020_BETA,20200917,1800,,TD,21.8N,94.4W,30,1005,0,0,0,0,0,0,0,0,0,0,0,0,-999
AL222020_BETA,20200918,0000,,TD,22.0N,94.2W,30,1005,0,0,0,0,0,0,0,0,0,0,0,0,-999
AL222020_BETA,20200918,0600,,TD,22.6N,94.1W,30,1005,0,0,0,0,0,0,0,0,0,0,0,0,-999
AL222020_BETA,20200918,1200,,TD,23.2N,93.8W,30,1005,0,0,0,0,0,0,0,0,0,0,0,0,-999
AL222020_BETA,20200918,1800,,TS,24.1N,93.1W,40,1003,90,0,0,80,0,0,0,0,0,0,0,0,-999
AL222020_BETA,20200919,0000,,TS,25.2N,92.3W,50,1000,150,40,40,90,80,0,0,50,0,0,0,0,-999
AL222020_BETA,20200919,0600,,TS,25.8N,92.3W,50,996,150,40,40,90,80,0,0,50,0,0,0,0,-999
AL222020_BETA,20200919,1200,,TS,26.4N,92.4W,50,994,150,40,40,90,60,0,0,50,0,0,0,0,-999
AL222020_BETA,20200919,1800,,TS,26.6N,92.2W,50,995,150,40,40,140,60,0,0,50,0,0,0,0,-999
AL222020_BETA,20200920,0000,,TS,26.8N,92.1W,50,997,160,40,40,140,80,0,0,0,0,0,0,0,-999
AL222020_BETA,20200920,0600,,TS,26.9N,92.5W,50,998,170,30,40,140,80,0,0,0,0,0,0,0,-999
AL222020_BETA,20200920,1200,,TS,27.1N,92.8W,50,996,170,30,40,140,80,0,0,0,0,0,0,0,-999
AL222020_BETA,20200920,1800,,TS,27.5N,93.6W,55,996,170,30,40,140,80,0,0,0,0,0,0,0,-999
AL222020_BETA,20200921,0000,,TS,27.5N,94.1W,50,993,170,30,40,130,80,0,0,0,0,0,0,0,-999
AL222020_BETA,20200921,0600,,TS,27.6N,94.8W,45,995,150,0,40,120,0,0,0,0,0,0,0,0,-999
AL222020_BETA,20200921,1200,,TS,27.8N,95.5W,45,997,150,0,40,120,0,0,0,0,0,0,0,0,-999
AL222020_BETA,20200921,1800,,TS,28.1N,96.0W,40,999,150,0,40,80,0,0,0,0,0,0,0,0,-999
AL222020_BETA,20200922,0000,,TS,28.3N,96.3W,45,998,110,0,40,60,0,0,0,0,0,0,0,0,-999
AL222020_BETA,20200922,0245,L,TS,28.4N,96.4W,45,997,110,0,40,60,0,0,0,0,0,0,0,0,-999
AL222020_BETA,20200922,0600,,TS,28.6N,96.6W,40,999,90,40,30,40,0,0,0,0,0,0,0,0,-999
AL222020_BETA,20200922,1200,,TS,28.8N,96.8W,35,1002,90,50,20,30,0,0,0,0,0,0,0,0,-999
AL222020_BETA,20200922,1800,,TD,28.9N,96.5W,25,1006,0,0,0,0,0,0,0,0,0,0,0,0,-999
AL222020_BETA,20200923,0000,,EX,29.0N,95.8W,25,1007,0,0,0,0,0,0,0,0,0,0,0,0,-999
AL222020_BETA,20200923,0600,,EX,29.4N,95.4W,25,1007,0,0,0,0,0,0,0,0,0,0,0,0,-999
AL222020_BETA,20200923,1200,,EX,30.0N,94.6W,25,1007,0,0,0,0,0,0,0,0,0,0,0,0,-999
AL222020_BETA,20200923,1800,,EX,30.3N,93.8W,25,1006,0,0,0,0,0,0,0,0,0,0,0,0,-999
AL222020_BETA,20200924,0000,,EX,30.8N,92.4W,25,1005,0,0,0,0,0,0,0,0,0,0,0,0,-999
AL222020_BETA,20200924,0600,,EX,31.6N,91.5W,25,1004,0,0,0,0,0,0,0,0,0,0,0,0,-999
AL222020_BETA,20200924,1200,,EX,32.4N,90.6W,25,1003,0,0,0,0,0,0,0,0,0,0,0,0,-999
AL222020_BETA,20200924,1800,,EX,33.0N,89.1W,20,1008,0,0,0,0,0,0,0,0,0,0,0,0,-999
AL222020_BETA,20200925,0000,,EX,33.6N,87.6W,20,1009,0,0,0,0,0,0,0,0,0,0,0,0,-999
AL222020_BETA,20200925,0600,,EX,34.1N,86.5W,15,1010,0,0,0,0,0,0,0,0,0,0,0,0,-999
AL232020_WILFRED,20200917,0000,,LO,10.2N,25.0W,25,1009,0,0,0,0,0,0,0,0,0,0,0,0,-999
AL232020_WILFRED,20200917,0600,,LO,10.3N,25.9W,25,1009,0,0,0,0,0,0,0,0,0,0,0,0,-999
AL232020_WILFRED,20200917,1200,,LO,10.5N,27.0W,30,1008,0,0,0,0,0,0,0,0,0,0,0,0,-999
AL232020_WILFRED,20200917,1800,,TS,10.8N,28.1W,35,1007,0,130,0,0,0,0,0,0,0,0,0,0,-999
AL232020_WILFRED,20200918,0000,,TS,11.1N,29.3W,35,1006,0,130,0,0,0,0,0,0,0,0,0,0,-999
AL232020_WILFRED,20200918,0600,,TS,11.4N,30.6W,35,1006,60,120,0,0,0,0,0,0,0,0,0,0,-999
AL232020_WILFRED,20200918,1200,,TS,11.7N,32.0W,35,1006,70,110,0,0,0,0,0,0,0,0,0,0,-999
AL232020_WILFRED,20200918,1800,,TS,12.0N,33.5W,35,1006,80,100,0,0,0,0,0,0,0,0,0,0,-999
AL232020_WILFRED,20200919,0000,,TS,12.4N,35.0W,35,1006,90,90,0,0,0,0,0,0,0,0,0,0,-999
AL232020_WILFRED,20200919,0600,,TS,12.8N,36.2W,35,1006,90,80,0,60,0,0,0,0,0,0,0,0,-999
AL232020_WILFRED,20200919,1200,,TS,13.2N,37.3W,35,1006,90,60,0,70,0,0,0,0,0,0,0,0,-999
AL232020_WILFRED,20200919,1800,,TS,13.7N,38.5W,35,1006,90,0,0,70,0,0,0,0,0,0,0,0,-999
AL232020_WILFRED,20200920,0000,,TS,14.3N,39.9W,35,1007,90,0,0,80,0,0,0,0,0,0,0,0,-999
AL232020_WILFRED,20200920,0600,,TS,14.9N,41.5W,35,1007,90,0,0,0,0,0,0,0,0,0,0,0,-999
AL232020_WILFRED,20200920,1200,,TD,15.4N,43.2W,30,1008,0,0,0,0,0,0,0,0,0,0,0,0,-999
AL232020_WILFRED,20200920,1800,,TD,15.8N,45.0W,30,1009,0,0,0,0,0,0,0,0,0,0,0,0,-999
AL232020_WILFRED,20200921,0000,,TD,15.8N,46.7W,30,1009,0,0,0,0,0,0,0,0,0,0,0,0,-999
AL242020_ALPHA,20200914,1200,,EX,47.2N,22.0W,40,1002,0,0,120,240,0,0,0,0,0,0,0,0,-999
AL242020_ALPHA,20200914,1800,,EX,47.2N,22.2W,50,996,180,60,150,270,0,0,60,140,0,0,0,0,-999
AL242020_ALPHA,20200915,0000,,EX,47.0N,22.4W,60,992,240,60,180,270,0,0,90,140,0,0,0,0,-999
AL242020_ALPHA,20200915,0600,,EX,46.0N,22.5W,60,994,150,80,240,270,0,0,120,140,0,0,0,0,-999
AL242020_ALPHA,20200915,1200,,EX,45.0N,22.1W,50,996,90,80,270,240,0,0,140,120,0,0,0,0,-999
AL242020_ALPHA,20200915,1800,,EX,43.9N,21.4W,45,998,60,60,240,210,0,0,0,0,0,0,0,0,-999
AL242020_ALPHA,20200916,0000,,EX,42.9N,20.5W,40,1000,0,0,210,180,0,0,0,0,0,0,0,0,-999
AL242020_ALPHA,20200916,0600,,EX,41.9N,19.8W,40,1000,0,0,180,150,0,0,0,0,0,0,0,0,-999
AL242020_ALPHA,20200916,1200,,EX,40.9N,19.5W,40,1000,0,0,180,150,0,0,0,0,0,0,0,0,-999
AL242020_ALPHA,20200916,1800,,EX,39.9N,19.3W,40,1000,0,0,120,120,0,0,0,0,0,0,0,0,-999
AL242020_ALPHA,20200917,0000,,EX,38.9N,18.9W,35,1002,0,0,120,120,0,0,0,0,0,0,0,0,-999
AL242020_ALPHA,20200917,0600,,SS,38.3N,18.1W,35,1002,0,0,90,90,0,0,0,0,0,0,0,0,-999
AL242020_ALPHA,20200917,1200,,SS,37.7N,17.3W,35,1002,0,0,90,90,0,0,0,0,0,0,0,0,-999
AL242020_ALPHA,20200917,1800,,SS,36.7N,15.6W,40,999,0,40,60,60,0,0,0,0,0,0,0,0,-999
AL242020_ALPHA,20200918,0000,,SS,36.7N,13.1W,45,996,0,40,40,0,0,0,0,0,0,0,0,0,-999
AL242020_ALPHA,20200918,0600,,SS,37.9N,11.4W,45,996,30,30,30,0,0,0,0,0,0,0,0,0,-999
AL242020_ALPHA,20200918,1200,,SS,38.9N,10.3W,45,996,30,30,30,0,0,0,0,0,0,0,0,0,-999
AL242020_ALPHA,20200918,1800,,SS,39.9N,9.1W,45,996,30,30,30,0,0,0,0,0,0,0,0,0,-999
AL242020_ALPHA,20200918,1840,L,SS,40.0N,8.9W,45,996,30,30,30,0,0,0,0,0,0,0,0,0,-999
AL242020_ALPHA,20200919,0000,,SD,40.6N,7.6W,30,1004,0,0,0,0,0,0,0,0,0,0,0,0,-999
AL252020_GAMMA,20201002,0000,,LO,16.6N,83.3W,30,1006,0,0,0,0,0,0,0,0,0,0,0,0,-999
AL252020_GAMMA,20201002,0600,,TD,17.2N,83.9W,30,1006,0,0,0,0,0,0,0,0,0,0,0,0,-999
AL252020_GAMMA,20201002,1200,,TD,17.8N,84.4W,30,1005,0,0,0,0,0,0,0,0,0,0,0,0,-999
AL252020_GAMMA,20201002,1800,,TS,18.4N,85.0W,35,1002,40,0,0,0,0,0,0,0,0,0,0,0,-999
AL252020_GAMMA,20201003,0000,,TS,18.8N,85.8W,40,998,40,0,0,0,0,0,0,0,0,0,0,0,-999
AL252020_GAMMA,20201003,0600,,TS,19.2N,86.6W,45,995,80,0,0,40,0,0,0,0,0,0,0,0,-999
AL252020_GAMMA,20201003,1200,,TS,19.7N,87.1W,55,986,120,70,0,40,25,0,0,0,0,0,0,0,-999
AL252020_GAMMA,20201003,1645,L,HU,20.2N,87.4W,65,978,120,70,0,40,25,0,0,0,15,0,0,0,-999
AL252020_GAMMA,20201003,1800,,TS,20.4N,87.5W,60,980,120,70,0,40,30,20,0,0,0,0,0,0,-999
AL252020_GAMMA,20201004,0000,,TS,21.0N,87.9W,50,991,120,70,0,90,40,20,0,0,0,0,0,0,-999
AL252020_GAMMA,20201004,0600,,TS,21.8N,88.2W,45,997,120,0,0,90,0,0,0,0,0,0,0,0,-999
AL252020_GAMMA,20201004,1200,,TS,22.3N,88.1W,50,995,120,40,40,120,20,20,20,20,0,0,0,0,-999
AL252020_GAMMA,20201004,1800,,TS,22.7N,87.7W,55,994,150,60,40,140,40,20,20,30,0,0,0,0,-999
AL252020_GAMMA,20201005,0000,,TS,22.9N,87.4W,50,998,150,60,60,140,40,0,30,50,0,0,0,0,-999
AL252020_GAMMA,20201005,0600,,TS,22.8N,87.4W,45,999,140,0,0,120,0,0,0,0,0,0,0,0,-999
AL252020_GAMMA,20201005,1200,,TS,22.6N,87.5W,40,1001,140,0,0,130,0,0,0,0,0,0,0,0,-999
AL252020_GAMMA,20201005,1800,,TD,22.3N,87.9W,30,1005,0,0,0,0,0,0,0,0,0,0,0,0,-999
AL252020_GAMMA,20201006,0000,,TD,21.9N,88.2W,30,1005,0,0,0,0,0,0,0,0,0,0,0,0,-999
AL252020_GAMMA,20201006,0300,L,TD,21.6N,88.4W,30,1005,0,0,0,0,0,0,0,0,0,0,0,0,-999
AL252020_GAMMA,20201006,0600,,TD,21.3N,88.5W,30,1005,0,0,0,0,0,0,0,0,0,0,0,0,-999
AL252020_GAMMA,20201006,1200,,TD,20.6N,88.5W,25,1007,0,0,0,0,0,0,0,0,0,0,0,0,-999
AL262020_DELTA,20201004,1800,,TD,16.4N,76.2W,30,1006,0,0,0,0,0,0,0,0,0,0,0,0,-999
AL262020_DELTA,20201005,0000,,TD,16.4N,77.0W,30,1006,0,0,0,0,0,0,0,0,0,0,0,0,-999
AL262020_DELTA,20201005,0600,,TD,16.4N,77.7W,30,1006,0,0,0,0,0,0,0,0,0,0,0,0,-999
AL262020_DELTA,20201005,1200,,TS,16.4N,78.4W,40,1004,40,40,0,30,0,0,0,0,0,0,0,0,-999
AL262020_DELTA,20201005,1800,,TS,16.4N,79.1W,55,985,60,60,20,50,20,20,0,0,0,0,0,0,-999
AL262020_DELTA,20201006,0000,,HU,16.6N,79.8W,65,980,70,60,30,40,30,20,15,15,15,0,0,0,-999
AL262020_DELTA,20201006,0600,,HU,17.1N,80.7W,75,973,80,60,40,60,40,30,20,20,20,15,10,10,-999
AL262020_DELTA,20201006,1200,,HU,17.8N,82.0W,100,959,90,70,50,80,40,30,20,30,20,15,10,15,-999
AL262020_DELTA,20201006,1800,,HU,18.5N,83.3W,120,953,90,80,60,80,40,30,30,30,25,20,15,20,-999
AL262020_DELTA,20201007,0000,,HU,19.3N,84.6W,100,962,90,80,70,80,40,30,30,30,25,20,15,20,-999
AL262020_DELTA,20201007,0600,,HU,20.1N,85.9W,90,968,90,100,100,80,40,40,30,30,25,25,10,10,-999
AL262020_DELTA,20201007,1030,L,HU,20.8N,86.9W,90,971,100,100,100,80,40,40,30,30,25,25,10,10,-999
AL262020_DELTA,20201007,1200,,HU,21.1N,87.4W,85,973,110,90,80,90,40,40,30,30,25,25,10,20,-999
AL262020_DELTA,20201007,1800,,HU,21.7N,88.8W,75,978,110,90,70,100,40,30,20,30,30,20,10,25,-999
AL262020_DELTA,20201008,0000,,HU,22.3N,90.2W,80,973,120,90,70,100,40,30,20,30,30,20,10,25,-999
AL262020_DELTA,20201008,0600,,HU,23.0N,91.4W,85,973,120,110,70,100,50,40,30,50,30,20,15,25,-999
AL262020_DELTA,20201008,1200,,HU,23.7N,92.4W,90,969,130,120,70,100,50,40,30,50,30,25,15,25,-999
AL262020_DELTA,20201008,1800,,HU,24.5N,93.1W,100,960,140,130,80,110,50,40,40,50,30,25,20,25,-999
AL262020_DELTA,20201009,0000,,HU,25.3N,93.5W,105,953,140,130,80,110,50,40,40,50,35,30,25,25,-999
AL262020_DELTA,20201009,0600,,HU,26.3N,93.7W,105,953,140,130,80,110,50,40,40,50,35,30,25,25,-999
AL262020_DELTA,20201009,1200,,HU,27.5N,93.8W,100,958,140,130,80,110,50,40,40,50,35,30,25,25,-999
AL262020_DELTA,20201009,1800,,HU,28.7N,93.6W,90,966,140,140,80,110,50,40,40,50,35,30,25,25,-999
AL262020_DELTA,20201009,2300,L,HU,29.8N,93.1W,85,970,140,140,80,110,50,40,40,50,35,30,25,25,15
AL262020_DELTA,20201010,0000,,HU,30.1N,92.9W,75,971,120,140,80,100,40,40,40,40,20,20,20,20,-999
AL262020_DELTA,20201010,0600,,TS,31.4N,92.2W,50,985,90,120,60,90,0,40,0,0,0,0,0,0,-999
AL262020_DELTA,20201010,1200,,TS,32.5N,91.4W,35,993,60,60,0,0,0,0,0,0,0,0,0,0,-999
AL262020_DELTA,20201010,1800,,EX,33.3N,90.6W,25,998,0,0,0,0,0,0,0,0,0,0,0,0,-999
AL262020_DELTA,20201011,0000,,EX,33.9N,89.6W,25,1002,0,0,0,0,0,0,0,0,0,0,0,0,-999
AL262020_DELTA,20201011,0600,,EX,34.4N,88.6W,25,1004,0,0,0,0,0,0,0,0,0,0,0,0,-999
AL262020_DELTA,20201011,1200,,EX,34.8N,87.5W,20,1005,0,0,0,0,0,0,0,0,0,0,0,0,-999
AL262020_DELTA,20201011,1800,,EX,35.1N,86.3W,20,1007,0,0,0,0,0,0,0,0,0,0,0,0,-999
AL272020_EPSILON,20201016,1200,,LO,31.5N,54.9W,20,1013,0,0,0,0,0,0,0,0,0,0,0,0,-999
AL272020_EPSILON,20201016,1800,,LO,31.2N,55.1W,25,1011,0,0,0,0,0,0,0,0,0,0,0,0,-999
AL272020_EPSILON,20201017,0000,,LO,30.9N,55.5W,30,1009,0,0,0,0,0,0,0,0,0,0,0,0,-999
AL272020_EPSILON,20201017,0600,,LO,30.7N,55.9W,30,1009,0,0,0,0,0,0,0,0,0,0,0,0,-999
AL272020_EPSILON,20201017,1200,,LO,30.3N,56.2W,30,1008,0,0,0,0,0,0,0,0,0,0,0,0,-999
AL272020_EPSILON,20201017,1800,,LO,29.7N,56.3W,30,1008,0,0,0,0,0,0,0,0,0,0,0,0,-999
AL272020_EPSILON,20201018,0000,,LO,28.9N,56.3W,30,1006,0,0,0,0,0,0,0,0,0,0,0,0,-999
AL272020_EPSILON,20201018,0600,,LO,28.1N,56.3W,30,1004,0,0,0,0,0,0,0,0,0,0,0,0,-999
AL272020_EPSILON,20201018,1200,,LO,27.3N,56.4W,30,1004,0,0,0,0,0,0,0,0,0,0,0,0,-999
AL272020_EPSILON,20201018,1800,,LO,26.4N,56.6W,30,1003,0,0,0,0,0,0,0,0,0,0,0,0,-999
AL272020_EPSILON,20201019,0000,,LO,25.7N,56.3W,30,1003,0,0,0,0,0,0,0,0,0,0,0,0,-999
AL272020_EPSILON,20201019,0600,,TD,25.5N,55.9W,30,1003,0,0,0,0,0,0,0,0,0,0,0,0,-999
AL272020_EPSILON,20201019,1200,,TS,25.4N,55.6W,35,1000,200,0,0,200,0,0,0,0,0,0,0,0,-999
AL272020_EPSILON,20201019,1800,,TS,25.3N,55.4W,40,998,240,0,30,240,0,0,0,0,0,0,0,0,-999
AL272020_EPSILON,20201020,0000,,TS,25.2N,55.2W,40,998,260,40,40,260,0,0,0,0,0,0,0,0,-999
AL272020_EPSILON,20201020,0600,,TS,25.5N,54.9W,45,996,260,60,60,260,0,0,0,0,0,0,0,0,-999
AL272020_EPSILON,20201020,1200,,TS,26.2N,54.7W,50,994,300,60,60,280,60,0,0,0,0,0,0,0,-999
AL272020_EPSILON,20201020,1800,,TS,27.3N,55.3W,55,992,340,70,60,300,70,30,0,50,0,0,0,0,-999
AL272020_EPSILON,20201021,0000,,HU,28.3N,56.3W,65,987,380,80,80,300,50,30,0,40,20,0,0,20,-999
AL272020_EPSILON,20201021,0600,,HU,28.7N,57.7W,75,976,380,80,80,300,50,30,20,40,20,15,0,20,-999
AL272020_EPSILON,20201021,1200,,HU,28.9N,58.7W,85,968,360,100,100,300,50,30,20,40,20,15,10,20,-999
AL272020_EPSILON,20201021,1800,,HU,29.3N,59.6W,100,955,340,120,120,300,40,30,20,30,20,15,15,20,-999
AL272020_EPSILON,20201022,0000,,HU,29.5N,60.4W,100,952,310,150,100,300,40,30,20,30,20,15,15,20,-999
AL272020_EPSILON,20201022,0600,,HU,30.2N,60.9W,90,958,270,200,100,270,40,30,20,30,20,15,15,20,-999
AL272020_EPSILON,20201022,1200,,HU,30.8N,61.3W,80,965,220,220,120,220,60,40,20,40,15,10,10,15,-999
AL272020_EPSILON,20201022,1800,,HU,31.5N,61.5W,75,968,220,220,120,190,60,40,20,40,15,10,10,15,-999
AL272020_EPSILON,20201023,0000,,HU,32.2N,61.6W,75,968,250,250,120,180,60,40,20,50,15,10,10,15,-999
AL272020_EPSILON,20201023,0600,,HU,32.9N,61.6W,75,968,250,250,140,200,80,70,30,80,20,15,10,15,-999
AL272020_EPSILON,20201023,1200,,HU,33.7N,61.6W,75,966,250,250,140,220,100,80,50,100,30,20,20,20,-999
AL272020_EPSILON,20201023,1800,,HU,34.9N,61.7W,75,964,270,250,170,240,120,80,70,120,40,30,30,35,-999
AL272020_EPSILON,20201024,0000,,HU,36.1N,62.0W,75,962,300,250,210,270,130,90,90,130,50,40,50,40,-999
AL272020_EPSILON,20201024,0600,,HU,36.8N,62.1W,75,957,330,240,230,270,110,100,100,130,40,60,70,40,-999
AL272020_EPSILON,20201024,1200,,HU,37.4N,61.3W,75,957,350,250,260,270,100,120,120,130,30,80,90,30,-999
AL272020_EPSILON,20201024,1800,,HU,38.6N,59.7W,70,960,320,290,290,270,100,140,130,140,0,60,70,0,-999
AL272020_EPSILON,20201025,0000,,HU,40.3N,57.6W,65,962,290,300,310,270,100,150,130,120,0,60,0,0,-999
AL272020_EPSILON,20201025,0600,,HU,42.0N,55.2W,65,963,250,300,330,240,100,160,140,50,0,60,0,0,-999
AL272020_EPSILON,20201025,1200,,HU,43.3N,51.8W,65,964,220,320,340,210,100,170,150,40,0,60,0,0,-999
AL272020_EPSILON,20201025,1800,,TS,45.0N,46.9W,60,966,200,350,350,180,100,180,160,30,0,0,0,0,-999
AL272020_EPSILON,20201026,0000,,TS,47.2N,41.2W,60,968,200,390,360,0,90,180,180,0,0,0,0,0,-999
AL272020_EPSILON,20201026,0600,,EX,49.5N,34.7W,60,969,180,390,360,0,90,180,180,0,0,0,0,0,-999
AL272020_EPSILON,20201026,1200,,EX,52.1N,28.5W,60,964,160,390,360,0,90,180,180,0,0,0,0,0,-999
AL282020_ZETA,20201024,1200,,TD,18.4N,82.6W,25,1007,0,0,0,0,0,0,0,0,0,0,0,0,-999
AL282020_ZETA,20201024,1800,,TD,18.2N,83.0W,30,1006,0,0,0,0,0,0,0,0,0,0,0,0,-999
AL282020_ZETA,20201025,0000,,TS,18.0N,83.2W,35,1005,0,60,0,0,0,0,0,0,0,0,0,0,-999
AL282020_ZETA,20201025,0600,,TS,17.7N,83.5W,40,1004,0,70,0,0,0,0,0,0,0,0,0,0,-999
AL282020_ZETA,20201025,1200,,TS,17.8N,83.6W,45,1003,0,70,0,0,0,0,0,0,0,0,0,0,-999
AL282020_ZETA,20201025,1800,,TS,18.0N,83.7W,50,1000,60,100,60,0,0,70,0,0,0,0,0,0,-999
AL282020_ZETA,20201026,0000,,TS,18.2N,83.8W,55,996,60,100,70,50,0,50,0,0,0,0,0,0,-999
AL282020_ZETA,20201026,0600,,HU,18.5N,84.1W,65,993,60,100,70,50,40,50,0,0,20,0,0,0,-999
AL282020_ZETA,20201026,1200,,HU,18.9N,84.8W,65,990,80,100,50,50,50,50,0,0,20,0,0,0,-999
AL282020_ZETA,20201026,1800,,HU,19.4N,85.7W,70,984,100,100,50,70,50,50,20,40,20,20,0,0,-999
AL282020_ZETA,20201027,0000,,HU,19.9N,86.6W,70,980,120,110,60,70,70,70,20,40,40,40,0,0,-999
AL282020_ZETA,20201027,0355,L,HU,20.4N,87.4W,75,977,120,110,60,70,70,70,20,40,40,40,0,0,-999
AL282020_ZETA,20201027,0600,,HU,20.6N,87.9W,65,981,120,120,60,70,70,70,20,40,20,0,0,0,-999
AL282020_ZETA,20201027,1200,,TS,21.3N,89.0W,60,985,120,120,60,70,70,70,20,40,0,0,0,0,-999
AL282020_ZETA,20201027,1800,,TS,22.2N,90.0W,55,988,120,120,60,70,70,70,20,40,0,0,0,0,-999
AL282020_ZETA,20201028,0000,,TS,23.2N,90.8W,55,990,120,120,60,70,60,60,20,40,0,0,0,0,-999
AL282020_ZETA,20201028,0600,,HU,24.4N,91.5W,65,984,120,130,40,60,60,60,20,20,30,30,0,0,-999
AL282020_ZETA,20201028,1200,,HU,26.0N,91.7W,80,978,120,130,40,60,60,60,20,20,30,30,0,0,-999
AL282020_ZETA,20201028,1800,,HU,28.0N,91.1W,95,973,130,130,40,60,70,70,20,20,30,30,0,0,-999
AL282020_ZETA,20201028,2100,L,HU,29.2N,90.6W,100,970,130,130,40,60,70,70,20,20,35,35,0,0,20
AL282020_ZETA,20201029,0000,,HU,30.2N,89.9W,85,973,90,130,40,30,70,70,20,20,40,40,0,0,-999
AL282020_ZETA,20201029,0600,,TS,32.8N,87.5W,60,986,70,150,40,0,0,50,0,0,0,0,0,0,-999
AL282020_ZETA,20201029,1200,,TS,35.3N,83.6W,45,990,70,180,60,0,0,0,0,0,0,0,0,0,-999
AL282020_ZETA,20201029,1800,,EX,37.8N,78.2W,45,992,0,270,0,0,0,0,0,0,0,0,0,0,-999
AL282020_ZETA,20201030,0000,,EX,39.5N,71.7W,45,993,0,270,290,180,0,0,0,0,0,0,0,0,-999
AL292020_ETA,20201031,1800,,TD,14.9N,72.4W,30,1006,0,0,0,0,0,0,0,0,0,0,0,0,-999
AL292020_ETA,20201101,0000,,TS,14.9N,73.6W,35,1005,50,0,0,50,0,0,0,0,0,0,0,0,-999
AL292020_ETA,20201101,0600,,TS,14.9N,75.1W,35,1005,50,0,0,50,0,0,0,0,0,0,0,0,-999
AL292020_ETA,20201101,1200,,TS,14.9N,76.7W,40,1002,50,0,0,50,0,0,0,0,0,0,0,0,-999
AL292020_ETA,20201101,1800,,TS,14.9N,78.2W,50,992,80,60,20,60,50,30,0,0,0,0,0,0,-999
AL292020_ETA,20201102,0000,,TS,14.9N,79.4W,60,988,100,80,30,80,50,30,0,50,0,0,0,0,-999
AL292020_ETA,20201102,0600,,HU,14.9N,80.4W,70,982,110,90,30,90,50,30,10,50,20,0,0,20,-999
AL292020_ETA,20201102,1200,,HU,14.8N,81.2W,90,972,110,60,40,90,30,20,20,30,20,10,10,20,-999
AL292020_ETA,20201102,1800,,HU,14.7N,82.0W,115,948,110,60,40,100,30,30,20,30,20,15,10,20,-999
AL292020_ETA,20201103,0000,,HU,14.3N,82.5W,130,929,110,60,40,100,30,30,30,30,20,20,15,20,-999
AL292020_ETA,20201103,0600,,HU,14.0N,82.9W,130,922,110,60,40,100,30,30,30,30,20,20,15,20,-999
AL292020_ETA,20201103,1200,,HU,13.6N,83.1W,125,936,100,70,50,100,30,30,30,30,20,20,20,20,-999
AL292020_ETA,20201103,1800,,HU,13.7N,83.3W,120,940,100,70,50,90,30,30,30,30,20,20,20,20,-999
AL292020_ETA,20201103,2100,L,HU,13.8N,83.5W,120,940,100,70,50,90,30,30,30,30,20,20,20,20,-999
AL292020_ETA,20201104,0000,,HU,13.8N,83.7W,95,965,100,70,50,90,30,30,30,30,20,20,20,20,-999
AL292020_ETA,20201104,0600,,HU,13.8N,84.3W,70,980,100,70,50,90,30,30,30,30,20,20,20,20,-999
AL292020_ETA,20201104,1200,,TS,13.8N,84.9W,50,993,100,40,40,60,20,0,0,20,0,0,0,0,-999
AL292020_ETA,20201104,1800,,TS,13.9N,85.4W,40,998,80,30,30,40,0,0,0,0,0,0,0,0,-999
AL292020_ETA,20201105,0000,,TD,14.0N,86.0W,30,1002,0,0,0,0,0,0,0,0,0,0,0,0,-999
AL292020_ETA,20201105,0600,,DB,14.2N,86.7W,25,1006,0,0,0,0,0,0,0,0,0,0,0,0,-999
AL292020_ETA,20201105,1200,,DB,14.5N,87.5W,25,1005,0,0,0,0,0,0,0,0,0,0,0,0,-999
AL292020_ETA,20201105,1800,,DB,15.3N,87.8W,30,1005,0,0,0,0,0,0,0,0,0,0,0,0,-999
AL292020_ETA,20201106,0000,,DB,16.2N,87.8W,30,1004,0,0,0,0,0,0,0,0,0,0,0,0,-999
AL292020_ETA,20201106,0600,,TD,16.7N,87.6W,30,1004,0,0,0,0,0,0,0,0,0,0,0,0,-999
AL292020_ETA,20201106,1200,,TD,16.9N,87.4W,30,1004,0,0,0,0,0,0,0,0,0,0,0,0,-999
AL292020_ETA,20201106,1800,,TD,17.1N,87.1W,30,1004,0,0,0,0,0,0,0,0,0,0,0,0,-999
AL292020_ETA,20201107,0000,,TD,17.5N,86.4W,30,1002,0,0,0,0,0,0,0,0,0,0,0,0,-999
AL292020_ETA,20201107,0600,,TS,18.2N,85.1W,35,1001,0,50,0,0,0,0,0,0,0,0,0,0,-999
AL292020_ETA,20201107,1200,,TS,19.1N,83.2W,45,997,0,50,0,0,0,0,0,0,0,0,0,0,-999
AL292020_ETA,20201107,1800,,TS,19.8N,81.5W,55,994,50,80,20,40,20,20,0,20,0,0,0,0,-999
AL292020_ETA,20201108,0000,,TS,20.4N,80.2W,55,991,90,100,30,50,50,50,10,20,0,0,0,0,-999
AL292020_ETA,20201108,0600,,TS,21.1N,79.5W,55,991,120,100,30,80,50,50,10,30,0,0,0,0,-999
AL292020_ETA,20201108,0855,L,TS,21.5N,79.2W,55,991,100,100,30,80,50,50,10,30,0,0,0,0,-999
AL292020_ETA,20201108,1200,,TS,22.2N,79.0W,50,993,140,100,30,120,40,40,0,30,0,0,0,0,-999
AL292020_ETA,20201108,1800,,TS,23.5N,79.2W,55,993,180,100,30,140,40,40,0,30,0,0,0,0,-999
AL292020_ETA,20201109,0000,,TS,24.5N,80.1W,55,993,220,100,30,140,40,40,0,30,0,0,0,0,-999
AL292020_ETA,20201109,0400,L,TS,24.9N,80.7W,55,993,220,100,30,140,40,40,0,30,0,0,0,0,-999
AL292020_ETA,20201109,0600,,TS,25.0N,81.4W,55,992,160,60,30,140,40,40,0,30,0,0,0,0,-999
AL292020_ETA,20201109,1200,,TS,24.9N,82.9W,50,992,140,40,30,120,30,20,0,10,0,0,0,0,-999
AL292020_ETA,20201109,1800,,TS,24.2N,84.1W,45,995,120,40,30,100,0,0,0,0,0,0,0,0,-999
AL292020_ETA,20201110,0000,,TS,23.4N,85.0W,45,995,80,30,40,60,0,0,0,0,0,0,0,0,-999
AL292020_ETA,20201110,0600,,TS,23.0N,85.4W,45,995,80,30,40,40,0,0,0,0,0,0,0,0,-999
AL292020_ETA,20201110,1200,,TS,22.6N,85.3W,50,992,80,40,40,40,20,20,0,0,0,0,0,0,-999
AL292020_ETA,20201110,1800,,TS,22.9N,85.1W,50,992,80,60,40,40,20,20,0,0,0,0,0,0,-999
AL292020_ETA,20201111,0000,,TS,23.5N,84.6W,55,990,100,100,40,20,40,20,0,0,0,0,0,0,-999
AL292020_ETA,20201111,0600,,TS,24.5N,84.2W,60,987,100,100,40,40,60,30,0,0,0,0,0,0,-999
AL292020_ETA,20201111,1200,,HU,25.8N,83.9W,65,983,100,100,40,40,70,50,0,0,50,0,0,0,-999
AL292020_ETA,20201111,1800,,TS,26.8N,83.7W,60,990,100,100,30,90,40,40,0,0,0,0,0,0,-999
AL292020_ETA,20201112,0000,,TS,27.9N,83.5W,55,992,100,100,30,90,40,40,0,0,0,0,0,0,-999
AL292020_ETA,20201112,0600,,TS,28.7N,83.2W,50,994,90,100,20,60,30,30,0,0,0,0,0,0,-999
AL292020_ETA,20201112,0920,L,TS,29.2N,82.9W,45,996,60,100,40,60,0,0,0,0,0,0,0,0,-999
AL292020_ETA,20201112,1200,,TS,29.7N,82.5W,40,1001,60,100,40,60,0,0,0,0,0,0,0,0,-999
AL292020_ETA,20201112,1800,,TS,30.9N,81.3W,35,1003,60,100,20,60,0,0,0,0,0,0,0,0,-999
AL292020_ETA,20201113,0000,,TS,31.9N,79.9W,40,1004,60,100,0,60,0,0,0,0,0,0,0,0,-999
AL292020_ETA,20201113,0600,,TS,32.7N,78.0W,40,1004,60,100,0,60,0,0,0,0,0,0,0,0,-999
AL292020_ETA,20201113,1200,,EX,34.0N,75.3W,40,1004,60,100,0,60,0,0,0,0,0,0,0,0,-999
AL292020_ETA,20201113,1800,,EX,35.1N,72.5W,40,1005,60,100,0,60,0,0,0,0,0,0,0,0,-999
AL292020_ETA,20201114,0000,,EX,35.7N,69.2W,35,1006,60,100,0,60,0,0,0,0,0,0,0,0,-999
AL302020_THETA,20201108,1200,,EX,28.4N,47.5W,25,1010,0,0,0,0,0,0,0,0,0,0,0,0,-999
AL302020_THETA,20201108,1800,,EX,28.4N,46.8W,25,1010,0,0,0,0,0,0,0,0,0,0,0,0,-999
AL302020_THETA,20201109,0000,,EX,28.5N,45.9W,25,1010,0,0,0,0,0,0,0,0,0,0,0,0,-999
AL302020_THETA,20201109,0600,,EX,28.6N,44.9W,30,1007,0,0,0,0,0,0,0,0,0,0,0,0,-999
AL302020_THETA,20201109,1200,,EX,28.8N,43.7W,35,1005,0,0,0,70,0,0,0,0,0,0,0,0,-999
AL302020_THETA,20201109,1800,,EX,28.8N,42.4W,40,1003,0,0,70,70,0,0,0,0,0,0,0,0,-999
AL302020_THETA,20201110,0000,,SS,28.8N,41.0W,50,999,0,70,100,100,0,0,40,0,0,0,0,0,-999
AL302020_THETA,20201110,0600,,SS,28.8N,39.5W,55,994,60,70,100,100,0,0,40,0,0,0,0,0,-999
AL302020_THETA,20201110,1200,,SS,28.9N,38.0W,60,989,120,70,90,120,0,0,40,60,0,0,0,0,-999
AL302020_THETA,20201110,1800,,TS,29.0N,36.7W,60,987,120,70,90,120,0,0,40,60,0,0,0,0,-999
AL302020_THETA,20201111,0000,,TS,29.2N,35.8W,55,988,150,70,120,180,0,0,60,60,0,0,0,0,-999
AL302020_THETA,20201111,0600,,TS,29.4N,34.9W,55,988,150,70,120,180,0,0,60,60,0,0,0,0,-999
AL302020_THETA,20201111,1200,,TS,29.6N,33.8W,55,989,150,90,120,180,0,0,60,60,0,0,0,0,-999
AL302020_THETA,20201111,1800,,TS,30.3N,32.5W,55,989,150,90,120,180,0,0,60,60,0,0,0,0,-999
AL302020_THETA,20201112,0000,,TS,31.1N,31.9W,60,987,140,100,120,180,0,0,60,60,0,0,0,0,-999
AL302020_THETA,20201112,0600,,TS,31.5N,30.8W,55,988,140,100,120,180,0,0,60,60,0,0,0,0,-999
AL302020_THETA,20201112,1200,,TS,31.5N,29.4W,55,989,140,100,120,180,0,0,60,60,0,0,0,0,-999
AL302020_THETA,20201112,1800,,TS,31.7N,28.0W,55,990,140,100,130,180,0,0,60,60,0,0,0,0,-999
AL302020_THETA,20201113,0000,,TS,31.9N,26.7W,50,992,100,140,150,170,0,0,50,50,0,0,0,0,-999
AL302020_THETA,20201113,0600,,TS,31.9N,25.4W,50,993,100,140,150,170,0,0,50,50,0,0,0,0,-999
AL302020_THETA,20201113,1200,,TS,31.9N,24.2W,45,994,100,140,150,170,0,0,0,0,0,0,0,0,-999
AL302020_THETA,20201113,1800,,TS,32.0N,23.1W,45,996,100,130,140,160,0,0,0,0,0,0,0,0,-999
AL302020_THETA,20201114,0000,,TS,32.0N,22.1W,40,997,90,120,120,80,0,0,0,0,0,0,0,0,-999
AL302020_THETA,20201114,0600,,TS,31.9N,21.2W,35,999,80,0,80,0,0,0,0,0,0,0,0,0,-999
AL302020_THETA,20201114,1200,,TS,31.8N,20.4W,35,1000,80,0,80,80,0,0,0,0,0,0,0,0,-999
AL302020_THETA,20201114,1800,,TS,31.7N,19.6W,35,1002,80,0,80,80,0,0,0,0,0,0,0,0,-999
AL302020_THETA,20201115,0000,,TS,31.7N,18.9W,35,1003,0,80,80,0,0,0,0,0,0,0,0,0,-999
AL302020_THETA,20201115,0600,,TD,31.6N,18.5W,30,1005,0,0,0,0,0,0,0,0,0,0,0,0,-999
AL302020_THETA,20201115,1200,,LO,31.4N,18.3W,30,1009,0,0,0,0,0,0,0,0,0,0,0,0,-999
AL302020_THETA,20201115,1800,,LO,31.6N,18.0W,30,1012,0,0,0,0,0,0,0,0,0,0,0,0,-999
AL302020_THETA,20201116,0000,,LO,32.1N,17.9W,30,1013,0,0,0,0,0,0,0,0,0,0,0,0,-999
AL302020_THETA,20201116,0600,,LO,32.7N,18.2W,25,1014,0,0,0,0,0,0,0,0,0,0,0,0,-999
AL302020_THETA,20201116,1200,,LO,33.4N,18.6W,25,1014,0,0,0,0,0,0,0,0,0,0,0,0,-999
AL312020_IOTA,20201112,1200,,LO,15.5N,70.9W,25,1009,0,0,0,0,0,0,0,0,0,0,0,0,-999
AL312020_IOTA,20201112,1800,,LO,15.3N,71.9W,25,1009,0,0,0,0,0,0,0,0,0,0,0,0,-999
AL312020_IOTA,20201113,0000,,LO,15.0N,72.7W,25,1008,0,0,0,0,0,0,0,0,0,0,0,0,-999
AL312020_IOTA,20201113,0600,,LO,14.7N,73.3W,25,1007,0,0,0,0,0,0,0,0,0,0,0,0,-999
AL312020_IOTA,20201113,1200,,TD,14.4N,73.7W,30,1006,0,0,0,0,0,0,0,0,0,0,0,0,-999
AL312020_IOTA,20201113,1800,,TS,14.0N,74.1W,35,1005,80,80,0,0,0,0,0,0,0,0,0,0,-999
AL312020_IOTA,20201114,0000,,TS,13.6N,74.5W,35,1005,80,80,0,0,0,0,0,0,0,0,0,0,-999
AL312020_IOTA,20201114,0600,,TS,13.3N,75.0W,35,1004,80,80,0,0,0,0,0,0,0,0,0,0,-999
AL312020_IOTA,20201114,1200,,TS,12.9N,75.7W,40,1002,80,80,0,0,0,0,0,0,0,0,0,0,-999
AL312020_IOTA,20201114,1800,,TS,12.5N,76.4W,45,997,80,80,0,0,0,0,0,0,0,0,0,0,-999
AL312020_IOTA,20201115,0000,,TS,12.6N,76.7W,55,992,90,80,30,70,40,40,0,0,0,0,0,0,-999
AL312020_IOTA,20201115,0600,,HU,13.0N,77.1W,65,988,100,80,40,90,40,40,20,30,20,0,0,20,-999
AL312020_IOTA,20201115,1200,,HU,13.1N,78.0W,70,982,120,90,50,100,50,40,30,50,20,20,0,20,-999
AL312020_IOTA,20201115,1800,,HU,13.2N,78.9W,75,974,140,100,70,120,60,50,40,60,25,20,0,20,-999
AL312020_IOTA,20201116,0000,,HU,13.2N,79.8W,90,961,160,120,80,140,70,60,40,70,30,25,20,25,-999
AL312020_IOTA,20201116,0600,,HU,13.4N,80.7W,120,935,180,130,90,160,80,60,40,80,35,30,25,35,-999
AL312020_IOTA,20201116,1200,,HU,13.5N,81.5W,135,917,200,130,100,180,80,60,50,80,40,30,25,40,-999
AL312020_IOTA,20201116,1800,,HU,13.5N,82.3W,130,918,200,130,100,180,80,60,50,80,40,30,25,40,-999
AL312020_IOTA,20201117,0000,,HU,13.6N,83.0W,130,918,200,130,100,180,80,60,50,80,40,30,25,40,-999
AL312020_IOTA,20201117,0340,L,HU,13.6N,83.5W,125,922,200,130,90,180,80,60,50,70,40,30,20,35,-999
AL312020_IOTA,20201117,0600,,HU,13.7N,83.8W,110,935,190,130,80,180,70,60,30,60,35,25,15,25,-999
AL312020_IOTA,20201117,1200,,HU,13.7N,84.7W,75,965,170,110,50,160,60,40,0,50,30,0,0,20,-999
AL312020_IOTA,20201117,1800,,TS,13.7N,85.7W,55,988,150,70,0,140,60,0,0,0,0,0,0,0,-999
AL312020_IOTA,20201118,0000,,TS,13.8N,86.7W,40,1000,140,0,0,130,0,0,0,0,0,0,0,0,-999
AL312020_IOTA,20201118,0600,,TS,13.8N,87.8W,35,1005,140,0,0,0,0,0,0,0,0,0,0,0,-999
AL312020_IOTA,20201118,1200,,TD,13.7N,89.0W,25,1006,0,0,0,0,0,0,0,0,0,0,0,0,-999
AL012021_ANA,20210520,0000,,EX,30.3N,55.5W,30,1015,0,0,0,0,0,0,0,0,0,0,0,0,70
AL012021_ANA,20210520,0600,,EX,31.5N,54.5W,35,1013,100,0,0,0,0,0,0,0,0,0,0,0,70
AL012021_ANA,20210520,1200,,EX,33.0N,53.0W,40,1012,150,0,0,0,0,0,0,0,0,0,0,0,70
AL012021_ANA,20210520,1800,,EX,34.2N,53.8W,45,1010,210,0,0,120,0,0,0,0,0,0,0,0,90
AL012021_ANA,20210521,0000,,EX,34.8N,55.0W,50,1008,270,0,0,150,120,0,0,0,0,0,0,0,90
AL012021_ANA,20210521,0600,,EX,35.5N,57.0W,50,1006,300,0,0,180,150,0,0,90,0,0,0,0,90
AL012021_ANA,20210521,1200,,EX,35.7N,59.3W,45,1005,330,0,0,180,0,0,0,0,0,0,0,0,90
AL012021_ANA,20210521,1800,,EX,35.0N,61.1W,45,1005,270,0,0,150,0,0,0,0,0,0,0,0,80
AL012021_ANA,20210522,0000,,EX,34.5N,61.8W,40,1006,180,0,0,120,0,0,0,0,0,0,0,0,70
AL012021_ANA,20210522,0600,,SS,34.2N,62.1W,35,1006,90,0,0,120,0,0,0,0,0,0,0,0,60
AL012021_ANA,20210522,1200,,SS,34.3N,62.7W,35,1006,60,0,0,90,0,0,0,0,0,0,0,0,40
AL012021_ANA,20210522,1800,,SS,34.2N,62.4W,35,1006,0,40,0,0,0,0,0,0,0,0,0,0,20
AL012021_ANA,20210523,0000,,TS,34.7N,61.8W,40,1005,0,40,0,0,0,0,0,0,0,0,0,0,15
AL012021_ANA,20210523,0600,,TS,35.4N,61.1W,40,1004,0,40,0,0,0,0,0,0,0,0,0,0,15
AL012021_ANA,20210523,1200,,TS,36.1N,60.3W,35,1005,0,30,0,0,0,0,0,0,0,0,0,0,15
AL012021_ANA,20210523,1800,,LO,36.8N,58.7W,35,1006,0,30,0,0,0,0,0,0,0,0,0,0,20
AL012021_ANA,20210524,0000,,LO,37.6N,56.7W,35,1007,0,30,0,0,0,0,0,0,0,0,0,0,20
AL022021_BILL,20210613,1800,,LO,31.9N,78.1W,20,1008,0,0,0,0,0,0,0,0,0,0,0,0,60
AL022021_BILL,20210614,0000,,LO,32.5N,77.1W,20,1007,0,0,0,0,0,0,0,0,0,0,0,0,40
AL022021_BILL,20210614,0600,,TD,33.2N,75.9W,25,1006,0,0,0,0,0,0,0,0,0,0,0,0,40
AL022021_BILL,20210614,1200,,TD,34.0N,74.5W,30,1005,0,0,0,0,0,0,0,0,0,0,0,0,35
AL022021_BILL,20210614,1800,,TS,34.9N,72.8W,35,1003,0,60,0,0,0,0,0,0,0,0,0,0,35
AL022021_BILL,20210615,0000,,TS,36.0N,70.8W,40,1000,0,80,0,0,0,0,0,0,0,0,0,0,35
AL022021_BILL,20210615,0600,,TS,37.6N,67.8W,50,996,40,80,0,0,0,40,0,0,0,0,0,0,30
AL022021_BILL,20210615,1200,,TS,39.4N,64.0W,55,992,40,80,40,0,0,40,0,0,0,0,0,0,30
AL022021_BILL,20210615,1800,,TS,40.9N,60.8W,45,997,60,60,40,0,0,0,0,0,0,0,0,0,40
AL022021_BILL,20210616,0000,,EX,42.5N,57.9W,35,1002,60,60,40,0,0,0,0,0,0,0,0,0,60
AL032021_CLAUDETTE,20210617,1800,,DB,22.5N,92.2W,25,1008,0,0,0,0,0,0,0,0,0,0,0,0,150
AL032021_CLAUDETTE,20210618,0000,,DB,23.5N,91.8W,30,1007,0,0,0,0,0,0,0,0,0,0,0,0,140
AL032021_CLAUDETTE,20210618,0600,,DB,24.6N,91.4W,35,1007,150,150,0,0,0,0,0,0,0,0,0,0,130
AL032021_CLAUDETTE,20210618,1200,,DB,25.9N,91.2W,35,1007,150,150,0,0,0,0,0,0,0,0,0,0,120
AL032021_CLAUDETTE,20210618,1800,,DB,27.2N,91.1W,40,1006,180,180,0,0,0,0,0,0,0,0,0,0,120
AL032021_CLAUDETTE,20210619,0000,,TS,28.4N,91.2W,40,1005,180,180,0,0,0,0,0,0,0,0,0,0,120
AL032021_CLAUDETTE,20210619,0430,L,TS,29.2N,91.0W,40,1003,180,180,0,0,0,0,0,0,0,0,0,0,120
AL032021_CLAUDETTE,20210619,0600,,TS,29.5N,90.8W,40,1003,180,180,0,0,0,0,0,0,0,0,0,0,120
AL032021_CLAUDETTE,20210619,1200,,TS,30.6N,89.9W,35,1004,0,180,0,0,0,0,0,0,0,0,0,0,120
AL032021_CLAUDETTE,20210619,1800,,TD,31.5N,88.8W,30,1005,0,0,0,0,0,0,0,0,0,0,0,0,120
AL032021_CLAUDETTE,20210620,0000,,TD,32.4N,87.8W,25,1005,0,0,0,0,0,0,0,0,0,0,0,0,120
AL032021_CLAUDETTE,20210620,0600,,TD,33.1N,86.5W,25,1006,0,0,0,0,0,0,0,0,0,0,0,0,120
AL032021_CLAUDETTE,20210620,1200,,TD,33.5N,84.8W,25,1007,0,0,0,0,0,0,0,0,0,0,0,0,120
AL032021_CLAUDETTE,20210620,1800,,TD,33.8N,83.1W,25,1008,0,0,0,0,0,0,0,0,0,0,0,0,120
AL032021_CLAUDETTE,20210621,0000,,TD,34.2N,81.2W,30,1007,0,0,0,0,0,0,0,0,0,0,0,0,120
AL032021_CLAUDETTE,20210621,0600,,TS,35.0N,79.1W,40,1006,0,110,0,0,0,0,0,0,0,0,0,0,110
AL032021_CLAUDETTE,20210621,1200,,TS,36.0N,76.5W,40,1005,0,130,0,0,0,0,0,0,0,0,0,0,110
AL032021_CLAUDETTE,20210621,1800,,TS,37.0N,73.5W,40,1004,0,130,0,0,0,0,0,0,0,0,0,0,110
AL032021_CLAUDETTE,20210622,0000,,TS,38.4N,70.7W,40,1004,0,150,0,0,0,0,0,0,0,0,0,0,100
AL032021_CLAUDETTE,20210622,0600,,EX,39.7N,67.8W,40,1004,0,170,120,0,0,0,0,0,0,0,0,0,100
AL032021_CLAUDETTE,20210622,1200,,EX,41.2N,65.2W,40,1004,0,170,120,0,0,0,0,0,0,0,0,0,100
AL032021_CLAUDETTE,20210622,1800,,EX,42.6N,62.4W,40,1004,0,170,120,0,0,0,0,0,0,0,0,0,100
AL032021_CLAUDETTE,20210623,0000,,EX,44.1N,59.6W,35,1004,0,100,0,0,0,0,0,0,0,0,0,0,100
AL042021_DANNY,20210627,1800,,TD,29.8N,72.8W,30,1013,0,0,0,0,0,0,0,0,0,0,0,0,40
AL042021_DANNY,20210628,0000,,TD,30.1N,74.5W,30,1013,0,0,0,0,0,0,0,0,0,0,0,0,40
AL042021_DANNY,20210628,0600,,TS,30.7N,76.1W,35,1011,40,0,0,30,0,0,0,0,0,0,0,0,40
AL042021_DANNY,20210628,1200,,TS,31.5N,77.6W,35,1011,40,0,30,30,0,0,0,0,0,0,0,0,30
AL042021_DANNY,20210628,1800,,TS,32.0N,79.5W,40,1009,40,0,30,30,0,0,0,0,0,0,0,0,30
AL042021_DANNY,20210628,2320,L,TS,32.3N,80.5W,35,1010,40,0,0,0,0,0,0,0,0,0,0,0,30
AL042021_DANNY,20210629,0000,,TD,32.4N,80.7W,30,1011,0,0,0,0,0,0,0,0,0,0,0,0,30
AL052021_ELSA,20210630,1800,,TD,9.4N,42.8W,30,1008,0,0,0,0,0,0,0,0,0,0,0,0,60
AL052021_ELSA,20210701,0000,,TS,9.3N,45.3W,35,1007,90,0,0,0,0,0,0,0,0,0,0,0,60
AL052021_ELSA,20210701,0600,,TS,9.4N,47.7W,35,1006,90,0,0,90,0,0,0,0,0,0,0,0,50
AL052021_ELSA,20210701,1200,,TS,9.9N,50.2W,40,1005,90,70,0,90,0,0,0,0,0,0,0,0,50
AL052021_ELSA,20210701,1800,,TS,10.7N,52.6W,45,1004,90,80,0,90,0,0,0,0,0,0,0,0,50
AL052021_ELSA,20210702,0000,,TS,11.5N,55.0W,50,1002,100,90,0,100,40,0,0,0,0,0,0,0,40
AL052021_ELSA,20210702,0600,,TS,12.3N,57.3W,55,1000,110,100,30,110,40,0,0,0,0,0,0,0,30
AL052021_ELSA,20210702,1200,,HU,13.0N,59.8W,65,995,120,100,30,110,40,0,0,30,20,0,0,20,20
AL052021_ELSA,20210702,1800,,HU,13.8N,62.4W,75,991,120,100,30,110,40,0,0,30,20,0,0,20,15
AL052021_ELSA,20210703,0000,,HU,14.7N,65.1W,70,995,120,110,30,120,50,0,0,40,20,0,0,20,15
AL052021_ELSA,20210703,0600,,HU,15.7N,67.9W,65,998,110,100,30,110,60,0,0,40,20,0,0,20,15
AL052021_ELSA,20210703,1200,,TS,16.6N,70.3W,60,1000,110,90,30,100,60,0,0,40,0,0,0,0,15
AL052021_ELSA,20210703,1800,,TS,17.2N,72.5W,60,1002,100,80,30,100,60,0,0,40,0,0,0,0,20
AL052021_ELSA,20210704,0000,,TS,17.6N,74.4W,55,1004,100,90,30,100,60,0,0,40,0,0,0,0,20
AL052021_ELSA,20210704,0600,,TS,18.0N,75.5W,55,1006,100,70,30,100,50,0,0,40,0,0,0,0,20
AL052021_ELSA,20210704,1200,,TS,18.5N,76.5W,50,1007,90,60,30,90,40,0,0,40,0,0,0,0,20
AL052021_ELSA,20210704,1800,,TS,19.3N,77.6W,50,1007,80,60,30,80,40,0,0,30,0,0,0,0,20
AL052021_ELSA,20210705,0000,,TS,20.1N,78.6W,55,1005,70,60,20,70,30,20,0,20,0,0,0,0,20
AL052021_ELSA,20210705,0600,,TS,20.7N,79.6W,55,1005,60,60,0,60,30,20,0,0,0,0,0,0,20
AL052021_ELSA,20210705,1200,,TS,21.3N,80.7W,55,1005,60,60,0,50,30,20,0,0,0,0,0,0,20
AL052021_ELSA,20210705,1800,,TS,22.1N,81.5W,55,1005,60,60,0,50,30,0,0,0,0,0,0,0,20
AL052021_ELSA,20210705,1830,L,TS,22.2N,81.6W,55,1005,60,60,0,50,30,0,0,0,0,0,0,0,20
AL052021_ELSA,20210706,0000,,TS,22.9N,82.0W,50,1005,60,50,0,50,30,0,0,0,0,0,0,0,20
AL052021_ELSA,20210706,0600,,TS,23.7N,82.4W,50,1005,60,50,0,50,30,0,0,0,0,0,0,0,20
AL052021_ELSA,20210706,1200,,TS,24.6N,82.7W,55,1003,60,60,0,50,30,0,0,0,0,0,0,0,20
AL052021_ELSA,20210706,1800,,TS,25.5N,82.9W,60,997,70,70,0,60,30,40,0,20,0,0,0,0,20
AL052021_ELSA,20210707,0000,,HU,26.6N,83.2W,65,996,70,80,0,60,30,40,0,20,20,0,0,0,20
AL052021_ELSA,20210707,0600,,TS,27.8N,83.5W,55,998,70,80,0,60,30,30,0,0,0,0,0,0,20
AL052021_ELSA,20210707,1200,,TS,29.1N,83.6W,55,999,70,80,0,50,30,30,0,0,0,0,0,0,25
AL052021_ELSA,20210707,1430,L,TS,29.8N,83.5W,55,1000,70,80,0,50,30,30,0,0,0,0,0,0,25
AL052021_ELSA,20210707,1800,,TS,30.3N,83.4W,45,1002,60,60,0,30,0,0,0,0,0,0,0,0,40
AL052021_ELSA,20210708,0000,,TS,31.5N,82.7W,45,1005,0,100,0,0,0,0,0,0,0,0,0,0,60
AL052021_ELSA,20210708,0600,,TS,32.8N,81.8W,40,1006,0,100,0,0,0,0,0,0,0,0,0,0,75
AL052021_ELSA,20210708,1200,,TS,34.2N,80.5W,40,1006,0,120,0,0,0,0,0,0,0,0,0,0,90
AL052021_ELSA,20210708,1800,,TS,35.5N,79.0W,45,1004,0,140,0,0,0,0,0,0,0,0,0,0,90
AL052021_ELSA,20210709,0000,,TS,36.8N,77.4W,45,1003,0,140,0,0,0,0,0,0,0,0,0,0,90
AL052021_ELSA,20210709,0600,,TS,38.4N,75.5W,50,1001,70,140,0,0,0,80,0,0,0,0,0,0,75
AL052021_ELSA,20210709,1200,,TS,40.3N,73.1W,50,999,70,140,0,0,0,80,0,0,0,0,0,0,70
AL052021_ELSA,20210709,1500,L,TS,40.9N,72.3W,50,999,70,140,0,0,0,80,0,0,0,0,0,0,70
AL052021_ELSA,20210709,1630,L,TS,41.4N,71.7W,50,999,70,140,0,0,0,80,0,0,0,0,0,0,70
AL052021_ELSA,20210709,1800,,EX,42.0N,71.0W,45,999,70,120,0,0,0,0,0,0,0,0,0,0,70
AL052021_ELSA,20210710,0000,,EX,44.0N,68.3W,40,997,70,120,0,0,0,0,0,0,0,0,0,0,70
AL052021_ELSA,20210710,0600,,EX,46.8N,64.4W,35,999,70,120,0,0,0,0,0,0,0,0,0,0,70
AL062021_FRED,20210809,1800,,DB,13.9N,58.7W,30,1011,0,0,0,0,0,0,0,0,0,0,0,0,70
AL062021_FRED,20210810,0000,,DB,14.6N,60.1W,30,1011,0,0,0,0,0,0,0,0,0,0,0,0,60
AL062021_FRED,20210810,0600,,DB,15.3N,61.6W,30,1011,0,0,0,0,0,0,0,0,0,0,0,0,60
AL062021_FRED,20210810,1200,,DB,16.0N,63.1W,30,1011,0,0,0,0,0,0,0,0,0,0,0,0,50
AL062021_FRED,20210810,1800,,DB,16.7N,64.6W,30,1011,0,0,0,0,0,0,0,0,0,0,0,0,50
AL062021_FRED,20210811,0000,,TS,17.3N,66.1W,35,1009,40,0,0,0,0,0,0,0,0,0,0,0,40
AL062021_FRED,20210811,0600,,TS,17.7N,67.6W,35,1007,40,0,0,0,0,0,0,0,0,0,0,0,40
AL062021_FRED,20210811,1200,,TS,18.0N,69.0W,40,1005,50,0,0,0,0,0,0,0,0,0,0,0,40
AL062021_FRED,20210811,1700,L,TS,18.4N,70.1W,40,1005,50,0,0,0,0,0,0,0,0,0,0,0,40
AL062021_FRED,20210811,1800,,TS,18.5N,70.4W,35,1006,50,0,0,0,0,0,0,0,0,0,0,0,40
AL062021_FRED,20210812,0000,,TD,19.2N,71.7W,30,1009,0,0,0,0,0,0,0,0,0,0,0,0,40
AL062021_FRED,20210812,0600,,TD,20.0N,72.9W,30,1010,0,0,0,0,0,0,0,0,0,0,0,0,40
AL062021_FRED,20210812,1200,,TD,20.5N,73.9W,30,1010,0,0,0,0,0,0,0,0,0,0,0,0,50
AL062021_FRED,20210812,1800,,TD,20.9N,74.7W,30,1010,0,0,0,0,0,0,0,0,0,0,0,0,50
AL062021_FRED,20210813,0000,,TS,21.2N,75.5W,35,1010,60,0,0,0,0,0,0,0,0,0,0,0,50
AL062021_FRED,20210813,0600,,TS,21.6N,76.6W,35,1010,60,0,0,0,0,0,0,0,0,0,0,0,60
AL062021_FRED,20210813,1200,,TD,22.0N,77.7W,30,1010,0,0,0,0,0,0,0,0,0,0,0,0,60
AL062021_FRED,20210813,1800,,TD,22.3N,79.0W,30,1011,0,0,0,0,0,0,0,0,0,0,0,0,60
AL062021_FRED,20210814,0000,,DB,22.5N,80.2W,30,1012,0,0,0,0,0,0,0,0,0,0,0,0,60
AL062021_FRED,20210814,0600,,DB,22.7N,81.3W,30,1012,0,0,0,0,0,0,0,0,0,0,0,0,60
AL062021_FRED,20210814,1200,,DB,22.9N,82.5W,30,1012,0,0,0,0,0,0,0,0,0,0,0,0,60
AL062021_FRED,20210814,1800,,DB,23.3N,83.5W,30,1012,0,0,0,0,0,0,0,0,0,0,0,0,60
AL062021_FRED,20210815,0000,,DB,24.1N,84.1W,35,1011,130,0,0,0,0,0,0,0,0,0,0,0,60
AL062021_FRED,20210815,0600,,DB,25.0N,84.4W,35,1010,110,0,0,0,0,0,0,0,0,0,0,0,60
AL062021_FRED,20210815,1200,,TS,25.7N,84.7W,35,1008,90,0,0,0,0,0,0,0,0,0,0,0,60
AL062021_FRED,20210815,1800,,TS,26.4N,85.2W,40,1005,80,60,0,0,0,0,0,0,0,0,0,0,60
AL062021_FRED,20210816,0000,,TS,27.0N,85.8W,50,999,80,60,0,0,40,30,0,0,0,0,0,0,60
AL062021_FRED,20210816,0600,,TS,27.8N,85.9W,50,996,90,80,0,0,40,40,0,0,0,0,0,0,50
AL062021_FRED,20210816,1200,,TS,28.7N,85.7W,50,993,100,100,30,40,50,50,0,20,0,0,0,0,40
AL062021_FRED,20210816,1800,,TS,29.5N,85.4W,55,991,100,100,30,40,50,50,0,20,0,0,0,0,30
AL062021_FRED,20210816,1900,L,TS,29.7N,85.4W,55,991,100,100,30,40,50,50,0,20,0,0,0,0,30
AL062021_FRED,20210817,0000,,TS,30.6N,85.4W,45,998,60,80,20,40,0,0,0,0,0,0,0,0,30
AL062021_FRED,20210817,0600,,TS,31.7N,85.4W,35,1004,40,30,0,0,0,0,0,0,0,0,0,0,50
AL062021_FRED,20210817,1200,,TD,32.8N,85.2W,25,1006,0,0,0,0,0,0,0,0,0,0,0,0,60
AL062021_FRED,20210817,1800,,TD,34.0N,84.7W,25,1008,0,0,0,0,0,0,0,0,0,0,0,0,70
AL062021_FRED,20210818,0000,,LO,35.9N,83.6W,25,1009,0,0,0,0,0,0,0,0,0,0,0,0,70
AL062021_FRED,20210818,0600,,LO,37.7N,82.3W,20,1010,0,0,0,0,0,0,0,0,0,0,0,0,80
AL062021_FRED,20210818,1200,,LO,39.2N,81.1W,20,1011,0,0,0,0,0,0,0,0,0,0,0,0,90
AL062021_FRED,20210818,1800,,LO,40.4N,79.7W,20,1013,0,0,0,0,0,0,0,0,0,0,0,0,100
AL062021_FRED,20210819,0000,,EX,41.2N,78.2W,20,1012,0,0,0,0,0,0,0,0,0,0,0,0,100
AL062021_FRED,20210819,0600,,EX,41.9N,76.7W,20,1011,0,0,0,0,0,0,0,0,0,0,0,0,100
AL062021_FRED,20210819,1200,,EX,42.4N,75.1W,20,1011,0,0,0,0,0,0,0,0,0,0,0,0,100
AL062021_FRED,20210819,1800,,EX,42.7N,73.5W,25,1010,0,0,0,0,0,0,0,0,0,0,0,0,100
AL062021_FRED,20210820,0000,,EX,42.7N,72.2W,25,1009,0,0,0,0,0,0,0,0,0,0,0,0,100
AL062021_FRED,20210820,0600,,EX,42.6N,71.0W,25,1008,0,0,0,0,0,0,0,0,0,0,0,0,100
AL072021_GRACE,20210813,0600,,TD,15.0N,46.7W,30,1010,0,0,0,0,0,0,0,0,0,0,0,0,20
AL072021_GRACE,20210813,1200,,TD,15.2N,48.7W,30,1010,0,0,0,0,0,0,0,0,0,0,0,0,20
AL072021_GRACE,20210813,1800,,TD,15.3N,50.8W,30,1010,0,0,0,0,0,0,0,0,0,0,0,0,20
AL072021_GRACE,20210814,0000,,TD,15.4N,52.8W,30,1010,0,0,0,0,0,0,0,0,0,0,0,0,20
AL072021_GRACE,20210814,0600,,TD,15.7N,54.8W,30,1010,0,0,0,0,0,0,0,0,0,0,0,0,20
AL072021_GRACE,20210814,1200,,TS,16.1N,57.2W,35,1009,30,0,0,30,0,0,0,0,0,0,0,0,30
AL072021_GRACE,20210814,1800,,TS,16.2N,59.5W,35,1009,30,0,0,30,0,0,0,0,0,0,0,0,30
AL072021_GRACE,20210815,0000,,TD,16.5N,61.7W,30,1010,0,0,0,0,0,0,0,0,0,0,0,0,40
AL072021_GRACE,20210815,0600,,TD,16.7N,63.7W,30,1010,0,0,0,0,0,0,0,0,0,0,0,0,40
AL072021_GRACE,20210815,1200,,TD,16.9N,65.4W,30,1010,0,0,0,0,0,0,0,0,0,0,0,0,40
AL072021_GRACE,20210815,1800,,TD,17.0N,66.7W,30,1011,0,0,0,0,0,0,0,0,0,0,0,0,40
AL072021_GRACE,20210816,0000,,TD,17.1N,68.1W,30,1011,0,0,0,0,0,0,0,0,0,0,0,0,30
AL072021_GRACE,20210816,0600,,TD,17.2N,69.6W,30,1010,0,0,0,0,0,0,0,0,0,0,0,0,30
AL072021_GRACE,20210816,1200,,TS,17.5N,70.8W,35,1007,30,20,0,0,0,0,0,0,0,0,0,0,20
AL072021_GRACE,20210816,1630,L,TS,17.7N,71.4W,35,1007,40,20,0,0,0,0,0,0,0,0,0,0,20
AL072021_GRACE,20210816,1800,,TS,17.8N,71.7W,35,1007,40,20,0,0,0,0,0,0,0,0,0,0,20
AL072021_GRACE,20210817,0000,,TS,17.9N,73.2W,35,1006,30,20,0,0,0,0,0,0,0,0,0,0,20
AL072021_GRACE,20210817,0600,,TS,18.0N,74.8W,40,1006,30,30,0,20,0,0,0,0,0,0,0,0,25
AL072021_GRACE,20210817,1200,,TS,18.2N,76.1W,45,1005,60,60,0,40,0,0,0,0,0,0,0,0,25
AL072021_GRACE,20210817,1400,L,TS,18.2N,76.6W,50,1004,60,60,0,40,30,0,0,0,0,0,0,0,30
AL072021_GRACE,20210817,1800,,TS,18.3N,77.4W,50,1003,80,70,0,40,40,0,0,0,0,0,0,0,30
AL072021_GRACE,20210818,0000,,TS,18.3N,78.6W,50,1000,100,80,0,60,50,0,0,0,0,0,0,0,30
AL072021_GRACE,20210818,0600,,TS,18.7N,80.1W,55,998,120,90,0,60,60,0,0,0,0,0,0,0,30
AL072021_GRACE,20210818,1200,,HU,19.2N,81.5W,65,993,120,90,20,80,60,30,0,0,20,0,0,0,20
AL072021_GRACE,20210818,1800,,HU,19.6N,83.0W,70,990,120,90,40,80,60,30,0,20,20,15,0,10,20
AL072021_GRACE,20210819,0000,,HU,19.7N,84.8W,70,988,140,100,50,80,80,40,20,30,30,20,0,20,20
AL072021_GRACE,20210819,0600,,HU,19.9N,86.4W,70,985,140,100,60,80,80,30,20,40,30,20,0,20,20
AL072021_GRACE,20210819,0945,L,HU,20.1N,87.5W,75,978,140,100,60,80,80,30,20,40,30,20,0,20,20
AL072021_GRACE,20210819,1200,,TS,20.2N,88.1W,60,994,140,80,30,100,40,0,0,20,0,0,0,0,25
AL072021_GRACE,20210819,1800,,TS,20.5N,89.5W,45,998,140,50,0,130,0,0,0,0,0,0,0,0,25
AL072021_GRACE,20210820,0000,,TS,20.8N,91.1W,55,994,130,60,40,110,40,0,0,30,0,0,0,0,20
AL072021_GRACE,20210820,0600,,TS,20.7N,92.6W,60,991,150,80,60,100,40,30,0,30,0,0,0,0,20
AL072021_GRACE,20210820,1200,,HU,20.6N,93.8W,75,982,150,90,80,100,60,30,30,30,30,0,0,0,20
AL072021_GRACE,20210820,1800,,HU,20.6N,94.7W,85,975,150,90,80,100,60,40,30,40,30,20,0,20,20
AL072021_GRACE,20210821,0000,,HU,20.7N,95.8W,105,967,120,100,70,100,60,50,40,50,40,30,20,30,15
AL072021_GRACE,20210821,0530,L,HU,20.6N,97.1W,105,967,110,110,70,100,60,50,40,50,40,30,20,30,15
AL072021_GRACE,20210821,0600,,HU,20.6N,97.2W,100,969,100,110,60,100,50,50,30,50,35,25,15,25,15
AL072021_GRACE,20210821,1200,,TS,20.2N,98.0W,60,988,80,70,20,50,30,20,0,0,0,0,0,0,20
AL082021_HENRI,20210815,0000,,LO,35.8N,63.4W,25,1014,0,0,0,0,0,0,0,0,0,0,0,0,30
AL082021_HENRI,20210815,0600,,LO,35.4N,63.1W,25,1012,0,0,0,0,0,0,0,0,0,0,0,0,20
AL082021_HENRI,20210815,1200,,LO,34.8N,62.8W,25,1012,0,0,0,0,0,0,0,0,0,0,0,0,20
AL082021_HENRI,20210815,1800,,TD,34.1N,62.7W,25,1011,0,0,0,0,0,0,0,0,0,0,0,0,20
AL082021_HENRI,20210816,0000,,TD,33.4N,62.7W,30,1010,0,0,0,0,0,0,0,0,0,0,0,0,25
AL082021_HENRI,20210816,0600,,TD,32.5N,62.7W,30,1010,0,0,0,0,0,0,0,0,0,0,0,0,25
AL082021_HENRI,20210816,1200,,TD,31.6N,62.7W,30,1010,0,0,0,0,0,0,0,0,0,0,0,0,25
AL082021_HENRI,20210816,1800,,TS,31.1N,62.9W,35,1009,20,30,20,0,0,0,0,0,0,0,0,0,25
AL082021_HENRI,20210817,0000,,TS,30.8N,63.1W,40,1008,20,30,20,0,0,0,0,0,0,0,0,0,25
AL082021_HENRI,20210817,0600,,TS,30.6N,63.3W,45,1004,30,30,20,0,0,0,0,0,0,0,0,0,25
AL082021_HENRI,20210817,1200,,TS,30.4N,63.6W,45,1004,30,30,20,0,0,0,0,0,0,0,0,0,25
AL082021_HENRI,20210817,1800,,TS,30.3N,63.9W,55,1000,50,60,20,40,30,0,0,0,0,0,0,0,25
AL082021_HENRI,20210818,0000,,TS,30.2N,64.5W,55,998,50,70,20,50,30,0,0,0,0,0,0,0,20
AL082021_HENRI,20210818,0600,,TS,30.1N,65.3W,55,998,50,70,20,50,30,0,0,0,0,0,0,0,20
AL082021_HENRI,20210818,1200,,TS,30.0N,66.2W,55,998,50,70,20,50,30,0,0,0,0,0,0,0,20
AL082021_HENRI,20210818,1800,,TS,29.9N,67.1W,60,995,50,70,40,50,30,20,0,30,0,0,0,0,20
AL082021_HENRI,20210819,0000,,TS,29.7N,68.0W,60,995,70,70,40,70,40,40,0,20,0,0,0,0,25
AL082021_HENRI,20210819,0600,,TS,29.5N,69.0W,60,995,70,70,40,70,40,40,0,20,0,0,0,0,25
AL082021_HENRI,20210819,1200,,TS,29.5N,70.0W,60,995,70,70,40,70,40,40,0,20,0,0,0,0,25
AL082021_HENRI,20210819,1800,,TS,29.6N,71.0W,55,999,80,70,40,70,40,40,0,0,0,0,0,0,25
AL082021_HENRI,20210820,0000,,TS,29.7N,72.0W,55,997,80,70,40,70,50,40,0,0,0,0,0,0,30
AL082021_HENRI,20210820,0600,,TS,29.9N,72.9W,55,995,80,70,40,70,50,40,0,0,0,0,0,0,30
AL082021_HENRI,20210820,1200,,TS,30.1N,73.6W,55,995,90,100,50,70,50,50,0,0,0,0,0,0,30
AL082021_HENRI,20210820,1800,,TS,30.8N,73.8W,60,994,90,100,50,70,50,50,0,0,0,0,0,0,30
AL082021_HENRI,20210821,0000,,TS,31.6N,73.7W,60,993,90,100,50,70,50,50,0,0,0,0,0,0,30
AL082021_HENRI,20210821,0600,,TS,32.5N,73.4W,60,993,90,100,50,70,50,50,0,0,0,0,0,0,30
AL082021_HENRI,20210821,1200,,HU,33.6N,72.7W,65,991,100,130,100,50,60,80,0,0,0,40,0,0,30
AL082021_HENRI,20210821,1800,,HU,35.4N,71.8W,65,990,100,130,100,50,60,80,0,0,0,40,0,0,30
AL082021_HENRI,20210822,0000,,HU,37.6N,70.9W,65,988,100,130,100,50,60,80,30,0,0,30,0,0,25
AL082021_HENRI,20210822,0600,,HU,39.4N,71.0W,65,986,80,110,80,50,50,70,0,0,0,30,0,0,25
AL082021_HENRI,20210822,1200,,TS,40.7N,71.3W,55,986,80,90,60,50,40,50,0,0,0,0,0,0,25
AL082021_HENRI,20210822,1520,L,TS,41.2N,71.6W,55,987,50,60,40,40,40,50,0,0,0,0,0,0,25
AL082021_HENRI,20210822,1615,L,TS,41.3N,71.8W,55,988,50,60,40,40,40,50,0,0,0,0,0,0,25
AL082021_HENRI,20210822,1800,,TS,41.5N,72.0W,40,991,30,40,30,20,0,0,0,0,0,0,0,0,25
AL082021_HENRI,20210823,0000,,TD,41.8N,73.0W,30,1000,0,0,0,0,0,0,0,0,0,0,0,0,30
AL082021_HENRI,20210823,0600,,TD,41.7N,74.4W,25,1005,0,0,0,0,0,0,0,0,0,0,0,0,30
AL082021_HENRI,20210823,1200,,TD,41.6N,74.2W,25,1005,0,0,0,0,0,0,0,0,0,0,0,0,30
AL082021_HENRI,20210823,1800,,LO,41.5N,73.8W,25,1005,0,0,0,0,0,0,0,0,0,0,0,0,30
AL082021_HENRI,20210824,0000,,LO,41.4N,72.7W,20,1006,0,0,0,0,0,0,0,0,0,0,0,0,30
AL082021_HENRI,20210824,0600,,LO,41.9N,71.2W,20,1006,0,0,0,0,0,0,0,0,0,0,0,0,30
AL082021_HENRI,20210824,1200,,LO,42.2N,69.6W,20,1007,0,0,0,0,0,0,0,0,0,0,0,0,30
AL082021_HENRI,20210824,1800,,LO,42.3N,67.3W,25,1008,0,0,0,0,0,0,0,0,0,0,0,0,30
AL092021_IDA,20210826,1200,,TD,16.5N,78.9W,30,1006,0,0,0,0,0,0,0,0,0,0,0,0,60
AL092021_IDA,20210826,1800,,TS,17.4N,79.5W,35,1006,60,0,0,0,0,0,0,0,0,0,0,0,50
AL092021_IDA,20210827,0000,,TS,18.3N,80.2W,40,1004,60,0,0,0,0,0,0,0,0,0,0,0,50
AL092021_IDA,20210827,0600,,TS,19.4N,80.9W,45,1002,70,0,0,0,0,0,0,0,0,0,0,0,40
AL092021_IDA,20210827,1200,,TS,20.4N,81.7W,55,996,80,60,0,60,30,0,0,0,0,0,0,0,30
AL092021_IDA,20210827,1800,L,HU,21.5N,82.6W,70,987,80,60,40,60,40,30,0,20,20,0,0,0,20
AL092021_IDA,20210827,2325,L,HU,22.4N,83.2W,70,988,80,60,40,60,40,30,0,20,20,0,0,0,20
AL092021_IDA,20210828,0000,,HU,22.6N,83.5W,70,989,100,60,40,70,50,30,0,30,20,0,0,0,20
AL092021_IDA,20210828,0600,,HU,23.5N,84.7W,70,987,100,60,40,70,50,30,0,30,20,0,0,0,20
AL092021_IDA,20210828,1200,,HU,24.4N,85.7W,70,986,110,80,60,100,50,40,20,30,25,20,0,0,20
AL092021_IDA,20210828,1800,,HU,25.6N,86.6W,80,976,110,100,70,100,50,40,20,40,25,20,10,20,20
AL092021_IDA,20210829,0000,,HU,26.7N,87.6W,90,967,120,100,80,110,70,60,40,60,35,30,20,30,20
AL092021_IDA,20210829,0600,,HU,27.6N,88.7W,115,950,120,100,80,110,70,60,40,60,35,30,20,30,15
AL092021_IDA,20210829,1200,,HU,28.5N,89.6W,130,929,130,110,80,110,70,60,40,60,45,35,20,30,10
AL092021_IDA,20210829,1655,L,HU,29.1N,90.2W,130,931,130,110,80,110,70,60,40,60,45,35,20,30,10
AL092021_IDA,20210829,1800,,HU,29.2N,90.4W,125,932,130,120,80,80,70,60,40,40,45,35,20,25,10
AL092021_IDA,20210830,0000,,HU,29.9N,90.6W,105,944,80,120,80,70,50,60,40,40,30,30,20,20,10
AL092021_IDA,20210830,0600,,HU,30.6N,90.8W,65,978,80,130,80,40,50,50,0,0,30,30,0,0,30
AL092021_IDA,20210830,1200,,TS,31.5N,90.9W,40,992,50,160,60,30,0,0,0,0,0,0,0,0,40
AL092021_IDA,20210830,1800,,TS,32.2N,90.5W,35,996,0,160,0,0,0,0,0,0,0,0,0,0,80
AL092021_IDA,20210831,0000,,TD,33.0N,90.0W,30,996,0,0,0,0,0,0,0,0,0,0,0,0,250
AL092021_IDA,20210831,0600,,TD,33.8N,89.4W,25,996,0,0,0,0,0,0,0,0,0,0,0,0,210
AL092021_IDA,20210831,1200,,TD,34.4N,88.4W,25,996,0,0,0,0,0,0,0,0,0,0,0,0,250
AL092021_IDA,20210831,1800,,TD,35.1N,87.1W,20,999,0,0,0,0,0,0,0,0,0,0,0,0,250
AL092021_IDA,20210901,0000,,TD,35.8N,85.5W,20,1000,0,0,0,0,0,0,0,0,0,0,0,0,270
AL092021_IDA,20210901,0600,,TD,36.7N,83.6W,20,1000,0,0,0,0,0,0,0,0,0,0,0,0,270
AL092021_IDA,20210901,1200,,EX,37.7N,81.5W,25,1000,0,0,0,0,0,0,0,0,0,0,0,0,300
AL092021_IDA,20210901,1800,,EX,39.0N,78.5W,30,999,0,0,0,0,0,0,0,0,0,0,0,0,210
AL092021_IDA,20210902,0000,,EX,39.8N,75.6W,35,997,0,150,0,0,0,0,0,0,0,0,0,0,150
AL092021_IDA,20210902,0600,,EX,40.6N,72.8W,40,997,0,150,150,0,0,0,0,0,0,0,0,0,150
AL092021_IDA,20210902,1200,,EX,41.4N,69.7W,40,997,180,150,0,0,0,0,0,0,0,0,0,0,150
AL092021_IDA,20210902,1800,,EX,43.3N,67.2W,40,996,0,150,0,0,0,0,0,0,0,0,0,0,150
AL092021_IDA,20210903,0000,,EX,45.4N,64.7W,40,995,150,150,0,0,0,0,0,0,0,0,0,0,150
AL092021_IDA,20210903,0600,,EX,46.6N,63.6W,45,992,150,150,60,150,0,0,0,0,0,0,0,0,120
AL092021_IDA,20210903,1200,,EX,47.5N,62.7W,45,991,120,150,90,90,0,0,0,0,0,0,0,0,90
AL092021_IDA,20210903,1800,,EX,48.6N,62.4W,45,992,250,150,120,120,0,0,0,0,0,0,0,0,90
AL092021_IDA,20210904,0000,,EX,48.8N,63.1W,45,992,180,90,90,120,0,0,0,0,0,0,0,0,90
AL092021_IDA,20210904,0600,,EX,48.7N,63.9W,40,992,120,0,0,120,0,0,0,0,0,0,0,0,90
AL092021_IDA,20210904,1200,,EX,47.6N,63.9W,35,996,120,0,0,120,0,0,0,0,0,0,0,0,90
AL092021_IDA,20210904,1800,,EX,46.6N,63.5W,30,999,0,0,0,0,0,0,0,0,0,0,0,0,90
AL102021_KATE,20210827,1200,,LO,13.1N,47.3W,25,1009,0,0,0,0,0,0,0,0,0,0,0,0,70
AL102021_KATE,20210827,1800,,LO,13.3N,48.4W,25,1009,0,0,0,0,0,0,0,0,0,0,0,0,60
AL102021_KATE,20210828,0000,,LO,13.5N,49.5W,25,1009,0,0,0,0,0,0,0,0,0,0,0,0,50
AL102021_KATE,20210828,0600,,TD,13.7N,49.8W,30,1008,0,0,0,0,0,0,0,0,0,0,0,0,40
AL102021_KATE,20210828,1200,,TD,14.5N,50.0W,30,1008,0,0,0,0,0,0,0,0,0,0,0,0,40
AL102021_KATE,20210828,1800,,TD,15.2N,50.0W,30,1008,0,0,0,0,0,0,0,0,0,0,0,0,40
AL102021_KATE,20210829,0000,,TD,16.2N,49.9W,30,1008,0,0,0,0,0,0,0,0,0,0,0,0,40
AL102021_KATE,20210829,0600,,TD,17.3N,50.0W,30,1008,0,0,0,0,0,0,0,0,0,0,0,0,35
AL102021_KATE,20210829,1200,,TD,18.4N,50.2W,30,1008,0,0,0,0,0,0,0,0,0,0,0,0,35
AL102021_KATE,20210829,1800,,TD,19.2N,50.3W,30,1008,0,0,0,0,0,0,0,0,0,0,0,0,35
AL102021_KATE,20210830,0000,,TD,19.8N,50.5W,30,1008,0,0,0,0,0,0,0,0,0,0,0,0,30
AL102021_KATE,20210830,0600,,TS,20.5N,50.6W,35,1006,30,30,0,0,0,0,0,0,0,0,0,0,30
AL102021_KATE,20210830,1200,,TS,21.3N,50.8W,40,1004,40,40,0,0,0,0,0,0,0,0,0,0,25
AL102021_KATE,20210830,1800,,TS,22.1N,50.9W,35,1006,40,40,0,0,0,0,0,0,0,0,0,0,30
AL102021_KATE,20210831,0000,,TS,22.6N,50.9W,35,1006,40,40,0,0,0,0,0,0,0,0,0,0,35
AL102021_KATE,20210831,0600,,TS,22.8N,50.9W,35,1006,40,40,0,0,0,0,0,0,0,0,0,0,40
AL102021_KATE,20210831,1200,,TD,23.2N,50.9W,30,1007,0,0,0,0,0,0,0,0,0,0,0,0,40
AL102021_KATE,20210831,1800,,TD,23.9N,50.9W,30,1007,0,0,0,0,0,0,0,0,0,0,0,0,40
AL102021_KATE,20210901,0000,,TD,24.6N,51.2W,30,1007,0,0,0,0,0,0,0,0,0,0,0,0,40
AL102021_KATE,20210901,0600,,TD,25.3N,51.5W,30,1008,0,0,0,0,0,0,0,0,0,0,0,0,45
AL102021_KATE,20210901,1200,,TD,26.6N,52.3W,30,1009,0,0,0,0,0,0,0,0,0,0,0,0,45
AL112021_JULIAN,20210828,1200,,LO,32.1N,51.7W,25,1010,0,0,0,0,0,0,0,0,0,0,0,0,50
AL112021_JULIAN,20210828,1800,,TD,32.2N,51.0W,30,1008,0,0,0,0,0,0,0,0,0,0,0,0,50
AL112021_JULIAN,20210829,0000,,TD,32.6N,50.1W,30,1006,0,0,0,0,0,0,0,0,0,0,0,0,50
AL112021_JULIAN,20210829,0600,,TS,33.5N,49.3W,35,1003,0,60,0,0,0,0,0,0,0,0,0,0,40
AL112021_JULIAN,20210829,1200,,TS,34.5N,47.8W,45,997,30,70,40,0,0,0,0,0,0,0,0,0,30
AL112021_JULIAN,20210829,1800,,TS,35.9N,45.7W,50,995,60,80,40,0,0,30,0,0,0,0,0,0,25
AL112021_JULIAN,20210830,0000,,TS,37.1N,42.6W,50,994,60,80,40,30,0,30,0,0,0,0,0,0,20
AL112021_JULIAN,20210830,0600,,TS,38.9N,40.0W,50,993,80,100,50,30,0,30,0,0,0,0,0,0,20
AL112021_JULIAN,20210830,1200,,EX,40.6N,37.9W,50,993,90,100,50,20,0,30,0,0,0,0,0,0,25
AL112021_JULIAN,20210830,1800,,EX,42.5N,36.0W,45,995,90,100,50,20,0,0,0,0,0,0,0,0,30
AL112021_JULIAN,20210831,0000,,EX,44.8N,35.1W,45,997,100,100,30,0,0,0,0,0,0,0,0,0,40
AL112021_JULIAN,20210831,0600,,EX,47.5N,34.5W,45,999,150,120,0,0,0,0,0,0,0,0,0,0,60
AL112021_JULIAN,20210831,1200,,EX,50.5N,35.5W,45,1000,180,150,0,0,0,0,0,0,0,0,0,0,70
AL122021_LARRY,20210831,1800,,TD,11.5N,20.6W,30,1006,0,0,0,0,0,0,0,0,0,0,0,0,50
AL122021_LARRY,20210901,0000,,TS,11.9N,22.5W,35,1005,30,30,0,30,0,0,0,0,0,0,0,0,45
AL122021_LARRY,20210901,0600,,TS,12.2N,24.5W,40,1004,40,40,40,30,0,0,0,0,0,0,0,0,40
AL122021_LARRY,20210901,1200,,TS,12.4N,26.5W,45,1003,50,50,40,40,0,0,0,0,0,0,0,0,30
AL122021_LARRY,20210901,1800,,TS,12.5N,28.4W,55,999,60,50,40,60,20,0,0,20,0,0,0,0,20
AL122021_LARRY,20210902,0000,,TS,12.7N,30.0W,60,996,60,50,40,60,20,0,0,20,0,0,0,0,20
AL122021_LARRY,20210902,0600,,HU,13.0N,31.6W,65,991,80,80,50,80,30,20,0,30,15,15,0,15,15
AL122021_LARRY,20210902,1200,,HU,13.3N,33.3W,70,987,100,100,50,100,30,20,20,30,15,15,0,15,15
AL122021_LARRY,20210902,1800,,HU,13.6N,35.0W,70,987,110,100,50,100,40,30,20,40,20,15,0,20,20
AL122021_LARRY,20210903,0000,,HU,13.9N,36.7W,75,985,130,100,50,120,40,40,20,40,20,15,0,20,20
AL122021_LARRY,20210903,0600,,HU,14.1N,38.4W,80,983,130,100,50,120,40,40,20,40,20,15,0,20,20
AL122021_LARRY,20210903,1200,,HU,14.4N,40.0W,80,980,130,110,60,120,50,40,20,50,20,15,0,20,20
AL122021_LARRY,20210903,1800,,HU,14.7N,41.4W,90,973,130,110,60,120,50,40,30,50,25,20,15,25,20
AL122021_LARRY,20210904,0000,,HU,15.2N,42.7W,100,964,130,110,70,120,70,60,30,60,30,25,15,25,20
AL122021_LARRY,20210904,0600,,HU,15.8N,44.0W,110,956,130,110,70,120,70,60,30,60,30,25,15,25,20
AL122021_LARRY,20210904,1200,,HU,16.4N,45.3W,110,956,130,110,80,120,70,60,30,60,35,25,20,30,25
AL122021_LARRY,20210904,1800,,HU,17.0N,46.5W,105,958,140,120,80,130,70,60,40,60,40,30,25,35,30
AL122021_LARRY,20210905,0000,,HU,17.7N,47.5W,105,958,140,130,80,130,80,70,40,70,40,30,25,35,30
AL122021_LARRY,20210905,0600,,HU,18.4N,48.5W,105,958,140,140,80,130,80,70,40,70,40,30,25,35,30
AL122021_LARRY,20210905,1200,,HU,19.2N,49.4W,110,953,150,150,80,130,80,80,40,70,40,30,25,35,30
AL122021_LARRY,20210905,1800,,HU,20.0N,50.3W,110,953,150,150,80,140,80,80,40,70,50,40,30,40,30
AL122021_LARRY,20210906,0000,,HU,20.7N,51.2W,110,953,150,150,90,140,90,80,60,80,60,50,40,50,40
AL122021_LARRY,20210906,0600,,HU,21.2N,52.0W,105,956,150,150,100,140,90,80,60,80,60,50,40,50,40
AL122021_LARRY,20210906,1200,,HU,21.6N,52.7W,105,956,160,150,110,140,90,80,60,80,60,50,40,50,40
AL122021_LARRY,20210906,1800,,HU,22.1N,53.5W,105,956,160,150,110,140,90,80,70,80,60,50,40,50,40
AL122021_LARRY,20210907,0000,,HU,22.7N,54.2W,105,956,160,150,110,140,90,80,70,80,60,50,40,50,40
AL122021_LARRY,20210907,0600,,HU,23.3N,54.8W,100,960,160,160,110,140,90,80,70,80,60,50,40,50,40
AL122021_LARRY,20210907,1200,,HU,24.0N,55.4W,95,963,160,160,120,140,100,90,70,80,60,50,40,50,40
AL122021_LARRY,20210907,1800,,HU,24.7N,56.0W,95,965,160,160,120,140,100,90,70,80,60,50,40,50,40
AL122021_LARRY,20210908,0000,,HU,25.4N,56.5W,95,966,160,160,120,140,100,90,70,90,60,50,40,50,40
AL122021_LARRY,20210908,0600,,HU,26.2N,57.1W,95,966,170,180,140,140,100,90,70,90,60,50,40,50,50
AL122021_LARRY,20210908,1200,,HU,27.2N,57.9W,90,966,180,200,140,150,100,90,70,90,60,50,40,50,50
AL122021_LARRY,20210908,1800,,HU,28.2N,58.9W,90,967,200,200,140,150,100,100,70,90,60,50,40,50,60
AL122021_LARRY,20210909,0000,,HU,29.1N,59.9W,85,968,200,200,140,140,110,110,70,90,80,60,30,50,60
AL122021_LARRY,20210909,0600,,HU,30.1N,60.8W,80,968,200,200,140,140,110,110,70,90,80,60,30,50,60
AL122021_LARRY,20210909,1200,,HU,31.3N,61.5W,80,966,200,200,140,140,110,110,70,90,80,60,30,50,60
AL122021_LARRY,20210909,1800,,HU,32.8N,62.1W,80,966,200,200,140,140,110,110,70,90,80,60,30,50,60
AL122021_LARRY,20210910,0000,,HU,34.4N,62.3W,80,966,210,210,140,140,120,120,70,90,80,60,30,50,60
AL122021_LARRY,20210910,0600,,HU,36.5N,62.2W,75,964,210,210,160,140,120,120,90,90,80,70,30,50,60
AL122021_LARRY,20210910,1200,,HU,38.9N,61.1W,70,961,220,220,180,120,120,120,120,80,60,90,0,0,60
AL122021_LARRY,20210910,1800,,HU,41.9N,59.5W,70,958,220,220,180,120,120,120,120,80,60,90,0,0,70
AL122021_LARRY,20210911,0000,,HU,45.1N,56.6W,70,958,220,220,180,120,120,120,120,80,60,90,0,0,70
AL122021_LARRY,20210911,0330,L,HU,47.3N,54.6W,70,958,220,220,180,120,120,120,120,80,60,90,0,0,70
AL122021_LARRY,20210911,0600,,HU,48.8N,53.3W,65,959,240,240,180,120,90,120,90,0,60,90,0,0,70
AL122021_LARRY,20210911,1200,,EX,52.5N,49.7W,60,963,240,270,210,150,90,120,70,0,0,0,0,0,70
AL122021_LARRY,20210911,1800,,EX,55.3N,46.8W,55,967,240,270,210,150,90,120,70,0,0,0,0,0,70
AL132021_MINDY,20210908,1800,,TS,28.4N,86.8W,35,1006,0,30,0,0,0,0,0,0,0,0,0,0,30
AL132021_MINDY,20210909,0000,,TS,29.5N,85.4W,45,1001,0,40,0,0,0,0,0,0,0,0,0,0,30
AL132021_MINDY,20210909,0115,L,TS,29.7N,85.1W,50,1000,0,40,0,0,0,30,0,0,0,0,0,0,30
AL132021_MINDY,20210909,0600,,TS,30.5N,83.9W,35,1001,0,40,0,0,0,0,0,0,0,0,0,0,30
AL132021_MINDY,20210909,1200,,TD,31.2N,81.8W,30,1005,0,0,0,0,0,0,0,0,0,0,0,0,40
AL132021_MINDY,20210909,1800,,TD,31.7N,79.4W,30,1005,0,0,0,0,0,0,0,0,0,0,0,0,40
AL132021_MINDY,20210910,0000,,LO,32.1N,76.8W,30,1005,0,0,0,0,0,0,0,0,0,0,0,0,40
AL132021_MINDY,20210910,0600,,LO,32.6N,74.0W,30,1005,0,0,0,0,0,0,0,0,0,0,0,0,40
AL132021_MINDY,20210910,1200,,LO,33.2N,71.8W,30,1005,0,0,0,0,0,0,0,0,0,0,0,0,40
AL132021_MINDY,20210910,1800,,LO,33.7N,69.8W,30,1006,0,0,0,0,0,0,0,0,0,0,0,0,40
AL142021_NICHOLAS,20210912,1200,,TS,21.0N,95.2W,35,1008,90,0,0,0,0,0,0,0,0,0,0,0,80
AL142021_NICHOLAS,20210912,1800,,TS,22.4N,95.6W,35,1008,90,0,0,0,0,0,0,0,0,0,0,0,80
AL142021_NICHOLAS,20210913,0000,,TS,23.7N,96.1W,40,1007,100,0,0,0,0,0,0,0,0,0,0,0,50
AL142021_NICHOLAS,20210913,0600,,TS,24.8N,96.5W,50,1001,100,80,0,0,30,0,0,0,0,0,0,0,30
AL142021_NICHOLAS,20210913,1200,,TS,25.9N,96.7W,50,1000,100,80,0,30,30,0,0,0,0,0,0,0,30
AL142021_NICHOLAS,20210913,1800,,TS,27.0N,96.6W,55,998,100,100,0,40,30,0,0,0,0,0,0,0,30
AL142021_NICHOLAS,20210914,0000,,HU,28.0N,96.2W,65,988,100,120,40,50,50,40,0,30,25,25,0,20,25
AL142021_NICHOLAS,20210914,0530,L,HU,28.7N,95.7W,65,991,100,120,40,50,50,40,0,30,25,25,0,20,20
AL142021_NICHOLAS,20210914,0600,,HU,28.8N,95.7W,65,991,110,140,40,50,60,40,0,20,25,25,0,0,20
AL142021_NICHOLAS,20210914,1200,,TS,29.3N,95.4W,50,999,120,160,0,30,80,80,0,0,0,0,0,0,50
AL142021_NICHOLAS,20210914,1800,,TS,29.6N,94.9W,35,1003,120,160,0,0,0,0,0,0,0,0,0,0,80
AL142021_NICHOLAS,20210915,0000,,TD,29.9N,94.4W,30,1003,0,0,0,0,0,0,0,0,0,0,0,0,80
AL142021_NICHOLAS,20210915,0600,,TD,30.2N,93.8W,30,1004,0,0,0,0,0,0,0,0,0,0,0,0,100
AL142021_NICHOLAS,20210915,1200,,TD,30.3N,93.1W,25,1006,0,0,0,0,0,0,0,0,0,0,0,0,100
AL142021_NICHOLAS,20210915,1800,,LO,30.2N,92.4W,25,1006,0,0,0,0,0,0,0,0,0,0,0,0,100
AL142021_NICHOLAS,20210916,0000,,LO,29.9N,91.8W,25,1006,0,0,0,0,0,0,0,0,0,0,0,0,100
AL142021_NICHOLAS,20210916,0600,,LO,29.3N,91.6W,20,1007,0,0,0,0,0,0,0,0,0,0,0,0,100
AL142021_NICHOLAS,20210916,1200,,LO,29.7N,91.7W,20,1007,0,0,0,0,0,0,0,0,0,0,0,0,100
AL142021_NICHOLAS,20210916,1800,,LO,29.9N,92.2W,20,1009,0,0,0,0,0,0,0,0,0,0,0,0,100
AL142021_NICHOLAS,20210917,0000,,LO,30.3N,92.6W,15,1009,0,0,0,0,0,0,0,0,0,0,0,0,100
AL142021_NICHOLAS,20210917,0600,,LO,30.8N,93.0W,15,1010,0,0,0,0,0,0,0,0,0,0,0,0,100
AL152021_ODETTE,20210916,0600,,LO,30.4N,74.3W,30,1011,0,0,0,0,0,0,0,0,0,0,0,0,120
AL152021_ODETTE,20210916,1200,,LO,31.4N,74.8W,30,1011,0,0,0,0,0,0,0,0,0,0,0,0,120
AL152021_ODETTE,20210916,1800,,LO,32.3N,75.2W,30,1011,0,0,0,0,0,0,0,0,0,0,0,0,120
AL152021_ODETTE,20210917,0000,,LO,33.3N,75.3W,30,1011,0,0,0,0,0,0,0,0,0,0,0,0,120
AL152021_ODETTE,20210917,0600,,LO,34.1N,74.9W,30,1011,0,0,0,0,0,0,0,0,0,0,0,0,120
AL152021_ODETTE,20210917,1200,,LO,35.0N,73.9W,30,1011,0,0,0,0,0,0,0,0,0,0,0,0,100
AL152021_ODETTE,20210917,1800,,TS,35.9N,72.7W,35,1010,140,120,0,60,0,0,0,0,0,0,0,0,80
AL152021_ODETTE,20210918,0000,,TS,36.8N,71.4W,40,1008,150,120,0,60,0,0,0,0,0,0,0,0,90
AL152021_ODETTE,20210918,0600,,TS,37.6N,70.1W,40,1005,170,150,0,60,0,0,0,0,0,0,0,0,90
AL152021_ODETTE,20210918,1200,,EX,38.3N,68.3W,40,1002,180,180,0,60,0,0,0,0,0,0,0,0,90
AL152021_ODETTE,20210918,1800,,EX,38.7N,66.2W,40,1001,180,180,0,90,0,0,0,0,0,0,0,0,120
AL152021_ODETTE,20210919,0000,,EX,39.2N,64.1W,45,999,180,210,0,90,0,0,0,0,0,0,0,0,120
AL152021_ODETTE,20210919,0600,,EX,39.9N,61.9W,45,997,180,240,0,90,0,0,0,0,0,0,0,0,120
AL152021_ODETTE,20210919,1200,,EX,41.1N,59.4W,45,995,180,240,0,120,0,0,0,0,0,0,0,0,110
AL152021_ODETTE,20210919,1800,,EX,42.7N,56.6W,50,992,180,210,90,150,0,0,50,50,0,0,0,0,90
AL152021_ODETTE,20210920,0000,,EX,44.1N,54.1W,55,989,180,190,120,180,0,0,80,50,0,0,0,0,70
AL152021_ODETTE,20210920,0600,,EX,45.0N,51.6W,55,989,180,190,120,180,0,0,80,50,0,0,0,0,70
AL152021_ODETTE,20210920,1200,,EX,44.7N,49.7W,50,990,180,190,120,180,0,0,80,50,0,0,0,0,70
AL152021_ODETTE,20210920,1800,,EX,44.2N,48.1W,50,993,180,190,150,180,0,0,80,50,0,0,0,0,60
AL152021_ODETTE,20210921,0000,,EX,43.2N,46.6W,50,993,180,190,150,180,0,0,80,50,0,0,0,0,60
AL152021_ODETTE,20210921,0600,,EX,41.8N,45.4W,50,995,180,180,150,180,0,0,80,50,0,0,0,0,60
AL152021_ODETTE,20210921,1200,,EX,40.4N,43.8W,45,997,180,180,150,180,0,0,0,0,0,0,0,0,60
AL152021_ODETTE,20210921,1800,,EX,39.9N,41.9W,45,997,180,150,150,210,0,0,0,0,0,0,0,0,60
AL152021_ODETTE,20210922,0000,,EX,40.2N,40.1W,45,998,180,150,150,210,0,0,0,0,0,0,0,0,60
AL152021_ODETTE,20210922,0600,,EX,41.3N,39.9W,45,999,150,150,150,210,0,0,0,0,0,0,0,0,60
AL152021_ODETTE,20210922,1200,,EX,42.4N,40.2W,45,999,120,150,150,180,0,0,0,0,0,0,0,0,60
AL152021_ODETTE,20210922,1800,,EX,43.5N,40.8W,40,1000,90,120,120,150,0,0,0,0,0,0,0,0,60
AL152021_ODETTE,20210923,0000,,EX,44.1N,41.2W,40,1000,90,90,90,120,0,0,0,0,0,0,0,0,60
AL152021_ODETTE,20210923,0600,,EX,44.2N,41.8W,40,1000,90,90,90,120,0,0,0,0,0,0,0,0,60
AL152021_ODETTE,20210923,1200,,EX,44.1N,42.4W,40,1000,80,80,90,120,0,0,0,0,0,0,0,0,60
AL152021_ODETTE,20210923,1800,,EX,43.8N,42.0W,35,1000,70,60,70,90,0,0,0,0,0,0,0,0,60
AL152021_ODETTE,20210924,0000,,EX,44.1N,41.4W,35,1001,50,50,70,0,0,0,0,0,0,0,0,0,60
AL152021_ODETTE,20210924,0600,,EX,44.1N,41.0W,35,1001,50,50,70,0,0,0,0,0,0,0,0,0,60
AL152021_ODETTE,20210924,1200,,EX,43.6N,40.5W,35,1002,50,50,70,0,0,0,0,0,0,0,0,0,60
AL152021_ODETTE,20210924,1800,,LO,42.7N,40.0W,35,1003,50,50,70,0,0,0,0,0,0,0,0,0,60
AL152021_ODETTE,20210925,0000,,LO,41.6N,39.4W,35,1004,0,0,70,90,0,0,0,0,0,0,0,0,60
AL152021_ODETTE,20210925,0600,,LO,40.3N,38.7W,35,1005,0,0,70,90,0,0,0,0,0,0,0,0,60
AL152021_ODETTE,20210925,1200,,LO,38.9N,38.0W,35,1006,0,0,0,90,0,0,0,0,0,0,0,0,60
AL152021_ODETTE,20210925,1800,,LO,37.3N,38.1W,35,1007,0,0,0,90,0,0,0,0,0,0,0,0,60
AL152021_ODETTE,20210926,0000,,LO,35.8N,38.6W,35,1008,0,0,0,90,0,0,0,0,0,0,0,0,60
AL152021_ODETTE,20210926,0600,,LO,34.4N,39.5W,30,1009,0,0,0,0,0,0,0,0,0,0,0,0,60
AL152021_ODETTE,20210926,1200,,LO,32.9N,40.5W,30,1010,0,0,0,0,0,0,0,0,0,0,0,0,60
AL152021_ODETTE,20210926,1800,,LO,31.5N,41.4W,30,1010,0,0,0,0,0,0,0,0,0,0,0,0,60
AL162021_PETER,20210919,0000,,TD,16.4N,52.7W,30,1007,0,0,0,0,0,0,0,0,0,0,0,0,40
AL162021_PETER,20210919,0600,,TS,16.8N,54.4W,35,1006,90,40,0,0,0,0,0,0,0,0,0,0,40
AL162021_PETER,20210919,1200,,TS,17.3N,55.8W,40,1006,100,40,0,0,0,0,0,0,0,0,0,0,40
AL162021_PETER,20210919,1800,,TS,17.9N,57.0W,45,1005,110,0,0,0,0,0,0,0,0,0,0,0,50
AL162021_PETER,20210920,0000,,TS,18.4N,58.0W,45,1005,110,0,0,0,0,0,0,0,0,0,0,0,50
AL162021_PETER,20210920,0600,,TS,18.8N,59.0W,45,1005,110,0,0,0,0,0,0,0,0,0,0,0,60
AL162021_PETER,20210920,1200,,TS,19.2N,60.1W,45,1006,110,0,0,0,0,0,0,0,0,0,0,0,60
AL162021_PETER,20210920,1800,,TS,19.5N,61.2W,45,1007,130,0,0,0,0,0,0,0,0,0,0,0,60
AL162021_PETER,20210921,0000,,TS,19.6N,62.3W,45,1007,150,0,0,0,0,0,0,0,0,0,0,0,60
AL162021_PETER,20210921,0600,,TS,19.6N,63.2W,40,1007,150,0,0,0,0,0,0,0,0,0,0,0,60
AL162021_PETER,20210921,1200,,TS,19.8N,64.0W,35,1008,130,0,0,0,0,0,0,0,0,0,0,0,60
AL162021_PETER,20210921,1800,,TD,20.2N,64.6W,30,1008,0,0,0,0,0,0,0,0,0,0,0,0,70
AL162021_PETER,20210922,0000,,TD,20.6N,65.2W,30,1008,0,0,0,0,0,0,0,0,0,0,0,0,70
AL162021_PETER,20210922,0600,,TD,21.0N,65.8W,30,1008,0,0,0,0,0,0,0,0,0,0,0,0,70
AL162021_PETER,20210922,1200,,TD,21.4N,66.4W,30,1008,0,0,0,0,0,0,0,0,0,0,0,0,70
AL162021_PETER,20210922,1800,,TD,21.7N,66.9W,30,1008,0,0,0,0,0,0,0,0,0,0,0,0,70
AL172021_ROSE,20210919,0000,,TD,10.4N,27.4W,30,1008,0,0,0,0,0,0,0,0,0,0,0,0,30
AL172021_ROSE,20210919,0600,,TD,11.3N,27.8W,30,1008,0,0,0,0,0,0,0,0,0,0,0,0,30
AL172021_ROSE,20210919,1200,,TD,12.6N,28.4W,30,1008,0,0,0,0,0,0,0,0,0,0,0,0,30
AL172021_ROSE,20210919,1800,,TS,13.8N,29.4W,35,1007,30,30,0,0,0,0,0,0,0,0,0,0,25
AL172021_ROSE,20210920,0000,,TS,14.7N,30.6W,35,1007,30,30,0,0,0,0,0,0,0,0,0,0,25
AL172021_ROSE,20210920,0600,,TS,15.6N,31.8W,35,1007,30,30,30,0,0,0,0,0,0,0,0,0,25
AL172021_ROSE,20210920,1200,,TS,16.7N,32.9W,35,1007,30,30,30,0,0,0,0,0,0,0,0,0,25
AL172021_ROSE,20210920,1800,,TS,17.7N,34.1W,40,1006,60,60,40,0,0,0,0,0,0,0,0,0,25
AL172021_ROSE,20210921,0000,,TS,18.8N,35.3W,50,1004,80,80,40,0,30,0,0,0,0,0,0,0,30
AL172021_ROSE,20210921,0600,,TS,20.0N,36.1W,40,1006,80,80,40,0,0,0,0,0,0,0,0,0,50
AL172021_ROSE,20210921,1200,,TS,21.1N,36.7W,35,1007,80,80,0,0,0,0,0,0,0,0,0,0,70
AL172021_ROSE,20210921,1800,,TS,22.1N,37.3W,35,1007,80,80,0,0,0,0,0,0,0,0,0,0,70
AL172021_ROSE,20210922,0000,,TS,22.7N,37.7W,35,1008,90,90,0,0,0,0,0,0,0,0,0,0,80
AL172021_ROSE,20210922,0600,,TD,23.1N,38.1W,30,1009,0,0,0,0,0,0,0,0,0,0,0,0,80
AL172021_ROSE,20210922,1200,,LO,23.4N,38.8W,30,1009,0,0,0,0,0,0,0,0,0,0,0,0,80
AL172021_ROSE,20210922,1800,,LO,23.8N,39.7W,30,1010,0,0,0,0,0,0,0,0,0,0,0,0,80
AL172021_ROSE,20210923,0000,,LO,24.2N,40.6W,30,1010,0,0,0,0,0,0,0,0,0,0,0,0,90
AL172021_ROSE,20210923,0600,,LO,25.0N,41.4W,30,1010,0,0,0,0,0,0,0,0,0,0,0,0,90
AL172021_ROSE,20210923,1200,,LO,26.0N,41.9W,25,1010,0,0,0,0,0,0,0,0,0,0,0,0,90
AL172021_ROSE,20210923,1800,,LO,27.0N,42.0W,25,1010,0,0,0,0,0,0,0,0,0,0,0,0,90
AL172021_ROSE,20210924,0000,,LO,27.8N,42.0W,25,1010,0,0,0,0,0,0,0,0,0,0,0,0,90
AL172021_ROSE,20210924,0600,,LO,28.3N,41.7W,25,1010,0,0,0,0,0,0,0,0,0,0,0,0,90
AL182021_SAM,20210922,1800,,TD,10.0N,33.1W,30,1008,0,0,0,0,0,0,0,0,0,0,0,0,40
AL182021_SAM,20210923,0000,,TD,10.2N,34.4W,30,1008,0,0,0,0,0,0,0,0,0,0,0,0,40
AL182021_SAM,20210923,0600,,TS,10.4N,36.0W,35,1006,30,0,0,30,0,0,0,0,0,0,0,0,30
AL182021_SAM,20210923,1200,,TS,10.7N,37.6W,45,1003,40,0,0,40,0,0,0,0,0,0,0,0,30
AL182021_SAM,20210923,1800,,TS,10.9N,39.0W,50,1000,40,30,0,40,20,0,0,0,0,0,0,0,20
AL182021_SAM,20210924,0000,,TS,11.1N,40.3W,60,997,40,30,20,40,20,0,0,10,0,0,0,0,15
AL182021_SAM,20210924,0600,,HU,11.4N,41.6W,65,993,50,40,30,40,30,20,20,20,15,0,0,0,15
AL182021_SAM,20210924,1200,,HU,11.6N,43.0W,65,993,50,40,30,40,30,20,20,20,15,0,0,0,15
AL182021_SAM,20210924,1800,,HU,11.9N,44.3W,70,989,50,40,30,50,30,20,20,20,15,0,0,10,15
AL182021_SAM,20210925,0000,,HU,12.3N,45.4W,85,982,50,40,30,50,30,20,20,20,15,10,5,10,10
AL182021_SAM,20210925,0600,,HU,12.6N,46.3W,95,973,50,40,30,50,30,30,20,30,15,15,10,15,10
AL182021_SAM,20210925,1200,,HU,12.8N,47.2W,105,960,70,90,40,60,30,30,20,30,20,15,10,15,10
AL182021_SAM,20210925,1800,,HU,13.1N,48.1W,115,950,70,90,40,60,40,30,20,30,25,20,15,20,10
AL182021_SAM,20210926,0000,,HU,13.4N,48.8W,130,943,80,90,40,60,40,30,20,30,25,20,15,20,10
AL182021_SAM,20210926,0600,,HU,13.6N,49.4W,130,943,80,80,40,60,40,30,20,30,25,20,15,20,10
AL182021_SAM,20210926,1200,,HU,13.8N,50.0W,130,939,80,80,50,70,40,30,30,30,25,20,20,20,10
AL182021_SAM,20210926,1800,,HU,14.1N,50.3W,135,927,80,80,60,70,40,30,30,30,25,20,20,20,5
AL182021_SAM,20210927,0000,,HU,14.5N,50.6W,130,940,80,80,60,70,40,30,30,30,25,20,20,20,10
AL182021_SAM,20210927,0600,,HU,15.0N,51.1W,115,948,90,90,60,70,40,30,30,40,25,20,20,20,10
AL182021_SAM,20210927,1200,,HU,15.4N,51.7W,105,955,90,90,60,70,40,30,30,40,25,20,20,20,10
AL182021_SAM,20210927,1800,,HU,15.9N,52.3W,105,958,90,90,60,70,40,30,30,40,25,20,20,20,10
AL182021_SAM,20210928,0000,,HU,16.5N,52.9W,105,955,110,90,70,90,60,50,40,50,35,30,25,30,15
AL182021_SAM,20210928,0600,,HU,16.9N,53.5W,115,952,110,90,70,90,60,50,40,50,35,30,25,30,15
AL182021_SAM,20210928,1200,,HU,17.3N,54.1W,115,952,110,120,90,110,60,50,40,50,35,30,25,30,15
AL182021_SAM,20210928,1800,,HU,17.7N,54.7W,115,947,110,120,90,110,60,50,40,50,35,30,25,30,15
AL182021_SAM,20210929,0000,,HU,18.1N,55.3W,115,947,110,120,80,90,60,50,40,50,35,30,25,30,15
AL182021_SAM,20210929,0600,,HU,18.6N,55.9W,115,952,110,120,80,90,60,50,40,50,35,30,25,30,15
AL182021_SAM,20210929,1200,,HU,19.1N,56.6W,115,952,120,120,80,90,70,50,40,50,35,30,25,30,15
AL182021_SAM,20210929,1800,,HU,19.7N,57.3W,115,945,120,120,80,90,70,50,40,50,35,30,25,30,15
AL182021_SAM,20210930,0000,,HU,20.3N,58.0W,125,940,130,120,90,100,90,60,60,70,50,40,35,40,15
AL182021_SAM,20210930,0600,,HU,21.0N,58.8W,125,937,130,120,90,110,80,70,50,60,50,40,35,40,15
AL182021_SAM,20210930,1200,,HU,22.0N,59.6W,125,937,130,120,90,110,80,70,50,60,50,40,35,40,15
AL182021_SAM,20210930,1800,,HU,23.0N,60.4W,125,941,140,130,90,110,80,70,50,60,50,45,35,40,15
AL182021_SAM,20211001,0000,,HU,24.3N,61.0W,125,938,150,140,90,110,90,80,50,60,50,50,35,40,15
AL182021_SAM,20211001,0600,,HU,25.8N,61.6W,130,936,150,140,90,110,90,80,50,60,60,50,35,40,15
AL182021_SAM,20211001,1200,,HU,27.4N,61.9W,130,936,150,180,130,130,80,90,70,70,50,50,35,30,15
AL182021_SAM,20211001,1800,,HU,29.2N,61.9W,130,937,150,180,130,130,80,90,70,70,50,45,35,35,20
AL182021_SAM,20211002,0000,,HU,30.8N,61.5W,125,940,150,180,130,130,80,90,70,70,50,45,35,35,20
AL182021_SAM,20211002,0600,,HU,32.1N,61.0W,120,945,150,180,140,160,80,90,70,80,55,45,40,30,20
AL182021_SAM,20211002,1200,,HU,33.4N,60.1W,115,948,180,210,160,190,100,100,70,90,60,60,40,30,20
AL182021_SAM,20211002,1800,,HU,34.7N,59.1W,110,950,180,210,160,190,100,100,70,90,60,60,40,30,20
AL182021_SAM,20211003,0000,,HU,35.8N,57.9W,100,954,180,210,160,190,100,100,70,90,60,60,40,30,20
AL182021_SAM,20211003,0600,,HU,36.7N,56.6W,90,960,180,210,180,190,80,80,60,80,40,40,20,20,20
AL182021_SAM,20211003,1200,,HU,37.3N,55.4W,85,964,180,210,180,190,80,80,60,80,40,40,20,20,20
AL182021_SAM,20211003,1800,,HU,38.0N,53.9W,85,964,210,210,200,210,90,80,90,100,40,50,20,20,20
AL182021_SAM,20211004,0000,,HU,38.7N,52.2W,90,957,210,210,210,210,90,90,100,90,50,60,50,20,20
AL182021_SAM,20211004,0600,,HU,39.9N,49.9W,90,957,220,220,220,210,90,90,100,80,0,60,50,0,20
AL182021_SAM,20211004,1200,,HU,41.4N,47.1W,85,960,220,220,220,220,100,100,100,70,0,60,50,0,20
AL182021_SAM,20211004,1800,,HU,43.8N,43.6W,80,965,240,240,260,210,120,120,100,70,0,70,60,0,40
AL182021_SAM,20211005,0000,,HU,46.5N,40.5W,75,965,240,270,300,300,120,150,150,60,0,70,70,0,40
AL182021_SAM,20211005,0600,,EX,49.4N,39.7W,70,965,240,270,300,300,120,150,150,60,0,70,70,0,40
AL182021_SAM,20211005,1200,,EX,52.2N,39.6W,65,966,270,360,260,270,150,120,150,150,0,0,0,60,40
AL182021_SAM,20211005,1800,,EX,50.6N,42.1W,65,966,270,360,240,270,150,120,150,150,0,0,0,60,40
AL182021_SAM,20211006,0000,,EX,49.9N,38.9W,60,967,240,360,360,420,0,120,120,0,0,0,0,0,40
AL182021_SAM,20211006,0600,,EX,50.5N,35.5W,55,968,210,360,360,360,0,120,120,0,0,0,0,0,40
AL182021_SAM,20211006,1200,,EX,51.5N,32.4W,50,969,210,300,240,0,0,120,120,0,0,0,0,0,40
AL182021_SAM,20211006,1800,,EX,53.1N,29.0W,45,971,210,300,240,0,0,0,0,0,0,0,0,0,40
AL182021_SAM,20211007,0000,,EX,55.2N,25.4W,45,973,0,270,210,0,0,0,0,0,0,0,0,0,60
AL182021_SAM,20211007,0600,,EX,58.1N,22.3W,40,976,0,270,0,0,0,0,0,0,0,0,0,0,80
AL192021_TERESA,20210924,0600,,SD,31.4N,62.0W,30,1011,0,0,0,0,0,0,0,0,0,0,0,0,80
AL192021_TERESA,20210924,1200,,SS,32.8N,62.9W,35,1010,80,0,0,80,0,0,0,0,0,0,0,0,80
AL192021_TERESA,20210924,1800,,SS,33.6N,64.1W,40,1008,80,0,0,80,0,0,0,0,0,0,0,0,80
AL192021_TERESA,20210925,0000,,SS,34.1N,65.0W,40,1008,100,0,0,0,0,0,0,0,0,0,0,0,80
AL192021_TERESA,20210925,0600,,SS,34.3N,65.5W,35,1009,120,0,0,0,0,0,0,0,0,0,0,0,90
AL192021_TERESA,20210925,1200,,SD,34.3N,65.2W,30,1010,0,0,0,0,0,0,0,0,0,0,0,0,90
AL192021_TERESA,20210925,1800,,LO,34.3N,64.5W,30,1010,0,0,0,0,0,0,0,0,0,0,0,0,100
AL192021_TERESA,20210926,0000,,LO,34.7N,63.9W,30,1010,0,0,0,0,0,0,0,0,0,0,0,0,100
AL192021_TERESA,20210926,0600,,LO,35.2N,63.2W,30,1010,0,0,0,0,0,0,0,0,0,0,0,0,100
AL192021_TERESA,20210926,1200,,LO,35.6N,61.8W,25,1011,0,0,0,0,0,0,0,0,0,0,0,0,100
AL202021_VICTOR,20210929,0000,,LO,7.0N,22.0W,30,1008,0,0,0,0,0,0,0,0,0,0,0,0,50
AL202021_VICTOR,20210929,0600,,LO,7.4N,23.0W,30,1007,0,0,0,0,0,0,0,0,0,0,0,0,50
AL202021_VICTOR,20210929,1200,,TD,7.8N,24.1W,30,1006,0,0,0,0,0,0,0,0,0,0,0,0,50
AL202021_VICTOR,20210929,1800,,TS,8.1N,25.1W,35,1005,50,0,0,40,0,0,0,0,0,0,0,0,40
AL202021_VICTOR,20210930,0000,,TS,8.3N,26.0W,35,1005,50,0,0,40,0,0,0,0,0,0,0,0,40
AL202021_VICTOR,20210930,0600,,TS,8.7N,27.1W,40,1004,70,0,0,50,0,0,0,0,0,0,0,0,40
AL202021_VICTOR,20210930,1200,,TS,9.2N,28.4W,40,1003,90,0,0,70,0,0,0,0,0,0,0,0,40
AL202021_VICTOR,20210930,1800,,TS,9.8N,29.5W,45,1001,90,0,0,90,0,0,0,0,0,0,0,0,40
AL202021_VICTOR,20211001,0000,,TS,10.5N,30.6W,50,999,110,70,0,100,40,0,0,40,0,0,0,0,40
AL202021_VICTOR,20211001,0600,,TS,11.0N,31.8W,50,998,120,80,0,100,40,0,0,40,0,0,0,0,40
AL202021_VICTOR,20211001,1200,,TS,11.4N,33.0W,55,997,120,80,60,120,50,0,0,50,0,0,0,0,40
AL202021_VICTOR,20211001,1800,,TS,11.8N,33.9W,55,997,120,80,60,120,50,0,0,50,0,0,0,0,45
AL202021_VICTOR,20211002,0000,,TS,12.1N,34.9W,50,999,120,60,0,120,50,0,0,0,0,0,0,0,50
AL202021_VICTOR,20211002,0600,,TS,12.5N,35.8W,45,1001,100,60,0,80,0,0,0,0,0,0,0,0,50
AL202021_VICTOR,20211002,1200,,TS,12.7N,36.7W,35,1005,60,0,0,60,0,0,0,0,0,0,0,0,60
AL202021_VICTOR,20211002,1800,,TD,13.5N,37.7W,30,1007,0,0,0,0,0,0,0,0,0,0,0,0,60
AL202021_VICTOR,20211003,0000,,TD,14.4N,38.4W,30,1007,0,0,0,0,0,0,0,0,0,0,0,0,60
AL202021_VICTOR,20211003,0600,,TD,15.1N,39.2W,30,1007,0,0,0,0,0,0,0,0,0,0,0,0,60
AL202021_VICTOR,20211003,1200,,TD,15.7N,40.0W,30,1007,0,0,0,0,0,0,0,0,0,0,0,0,60
AL202021_VICTOR,20211003,1800,,TD,16.5N,41.0W,30,1007,0,0,0,0,0,0,0,0,0,0,0,0,70
AL202021_VICTOR,20211004,0000,,TD,17.2N,42.1W,30,1007,0,0,0,0,0,0,0,0,0,0,0,0,70
AL202021_VICTOR,20211004,0600,,TD,17.8N,43.1W,25,1009,0,0,0,0,0,0,0,0,0,0,0,0,70
AL212021_WANDA,20211025,1800,,EX,32.5N,76.3W,35,1006,0,60,0,0,0,0,0,0,0,0,0,0,40
AL212021_WANDA,20211026,0000,,EX,34.2N,74.1W,45,1002,180,90,0,0,0,0,0,0,0,0,0,0,60
AL212021_WANDA,20211026,0600,,EX,35.9N,71.3W,45,996,240,240,0,0,0,0,0,0,0,0,0,0,60
AL212021_WANDA,20211026,1200,,EX,37.7N,69.1W,50,992,270,240,0,60,60,60,0,0,0,0,0,0,60
AL212021_WANDA,20211026,1800,,EX,39.5N,68.2W,55,984,300,210,30,90,150,0,0,50,0,0,0,0,70
AL212021_WANDA,20211027,0000,,EX,40.8N,67.6W,60,979,300,120,60,210,150,0,0,100,0,0,0,0,80
AL212021_WANDA,20211027,0600,,EX,41.4N,69.4W,60,973,420,180,90,210,150,0,0,110,0,0,0,0,90
AL212021_WANDA,20211027,1200,,EX,39.9N,70.1W,55,976,480,240,180,240,120,0,0,120,0,0,0,0,100
AL212021_WANDA,20211027,1800,,EX,38.7N,68.5W,50,980,540,300,180,300,0,0,0,120,0,0,0,0,100
AL212021_WANDA,20211028,0000,,EX,39.0N,65.9W,45,981,540,210,240,360,0,0,0,0,0,0,0,0,200
AL212021_WANDA,20211028,0600,,EX,39.4N,63.9W,45,982,540,180,240,360,0,0,0,0,0,0,0,0,200
AL212021_WANDA,20211028,1200,,EX,39.8N,61.9W,45,982,540,180,240,360,0,0,0,0,0,0,0,0,200
AL212021_WANDA,20211028,1800,,EX,40.2N,59.8W,45,982,480,180,210,330,0,0,0,0,0,0,0,0,180
AL212021_WANDA,20211029,0000,,EX,40.6N,58.1W,45,982,420,180,210,300,0,0,0,0,0,0,0,0,150
AL212021_WANDA,20211029,0600,,EX,40.7N,56.8W,45,982,390,180,180,300,0,0,0,0,0,0,0,0,150
AL212021_WANDA,20211029,1200,,EX,40.6N,55.5W,45,981,360,180,180,300,0,0,0,0,0,0,0,0,150
AL212021_WANDA,20211029,1800,,EX,40.4N,54.0W,45,981,330,180,180,330,0,0,0,0,0,0,0,0,100
AL212021_WANDA,20211030,0000,,EX,40.1N,52.4W,45,982,270,120,150,270,0,0,0,0,0,0,0,0,60
AL212021_WANDA,20211030,0600,,EX,39.4N,51.2W,40,984,120,100,150,210,0,0,0,0,0,0,0,0,60
AL212021_WANDA,20211030,1200,,SS,38.5N,49.6W,40,986,0,90,150,150,0,0,0,0,0,0,0,0,60
AL212021_WANDA,20211030,1800,,SS,37.5N,47.8W,40,988,0,90,150,90,0,0,0,0,0,0,0,0,50
AL212021_WANDA,20211031,0000,,SS,36.5N,46.0W,45,987,60,90,90,0,0,0,0,0,0,0,0,0,40
AL212021_WANDA,20211031,0600,,SS,36.6N,44.2W,50,985,60,70,70,0,30,40,0,0,0,0,0,0,40
AL212021_WANDA,20211031,1200,,SS,36.5N,43.4W,50,983,60,60,60,30,20,40,0,0,0,0,0,0,40
AL212021_WANDA,20211031,1800,,SS,36.4N,43.5W,50,985,60,30,60,90,0,0,0,40,0,0,0,0,40
AL212021_WANDA,20211101,0000,,SS,35.8N,44.0W,45,989,60,0,60,120,0,0,0,0,0,0,0,0,35
AL212021_WANDA,20211101,0600,,SS,34.8N,44.2W,40,991,60,0,50,80,0,0,0,0,0,0,0,0,35
AL212021_WANDA,20211101,1200,,TS,34.1N,43.4W,40,993,0,40,40,40,0,0,0,0,0,0,0,0,35
AL212021_WANDA,20211101,1800,,TS,34.1N,42.6W,35,997,0,40,40,40,0,0,0,0,0,0,0,0,35
AL212021_WANDA,20211102,0000,,TS,34.4N,41.9W,35,997,50,50,50,50,0,0,0,0,0,0,0,0,35
AL212021_WANDA,20211102,0600,,TS,34.9N,41.3W,40,996,50,50,50,50,0,0,0,0,0,0,0,0,30
AL212021_WANDA,20211102,1200,,TS,35.5N,40.7W,40,996,50,50,30,30,0,0,0,0,0,0,0,0,25
AL212021_WANDA,20211102,1800,,TS,36.2N,40.5W,40,996,60,60,20,30,0,0,0,0,0,0,0,0,25
AL212021_WANDA,20211103,0000,,TS,36.9N,40.4W,40,996,80,80,0,30,0,0,0,0,0,0,0,0,25
AL212021_WANDA,20211103,0600,,TS,37.6N,40.2W,40,995,80,80,0,30,0,0,0,0,0,0,0,0,25
AL212021_WANDA,20211103,1200,,TS,38.4N,39.9W,40,994,80,80,0,40,0,0,0,0,0,0,0,0,30
AL212021_WANDA,20211103,1800,,TS,39.3N,39.7W,45,992,80,90,30,40,0,0,0,0,0,0,0,0,30
AL212021_WANDA,20211104,0000,,TS,40.2N,39.7W,45,992,80,90,50,60,0,0,0,0,0,0,0,0,35
AL212021_WANDA,20211104,0600,,TS,41.0N,39.7W,45,992,70,80,50,60,0,0,0,0,0,0,0,0,35
AL212021_WANDA,20211104,1200,,TS,41.7N,39.7W,40,994,60,60,50,60,0,0,0,0,0,0,0,0,35
AL212021_WANDA,20211104,1800,,TS,42.1N,39.6W,40,994,60,60,50,60,0,0,0,0,0,0,0,0,35
AL212021_WANDA,20211105,0000,,TS,42.3N,39.0W,45,992,60,70,80,70,0,0,0,0,0,0,0,0,40
AL212021_WANDA,20211105,0600,,TS,42.0N,38.3W,45,992,50,70,90,80,0,0,0,0,0,0,0,0,40
AL212021_WANDA,20211105,1200,,TS,41.1N,37.8W,45,993,40,50,120,100,0,0,0,0,0,0,0,0,40
AL212021_WANDA,20211105,1800,,TS,39.6N,37.5W,45,996,40,40,110,100,0,0,0,0,0,0,0,0,40
AL212021_WANDA,20211106,0000,,TS,38.4N,38.0W,45,999,50,30,80,90,0,0,0,0,0,0,0,0,40
AL212021_WANDA,20211106,0600,,TS,37.6N,38.3W,45,1000,50,30,60,60,0,0,0,0,0,0,0,0,35
AL212021_WANDA,20211106,1200,,TS,37.2N,38.4W,40,1001,50,30,50,0,0,0,0,0,0,0,0,0,35
AL212021_WANDA,20211106,1800,,TS,37.1N,38.0W,35,1002,50,50,50,0,0,0,0,0,0,0,0,0,35
AL212021_WANDA,20211107,0000,,TS,37.4N,37.4W,35,1003,0,60,0,0,0,0,0,0,0,0,0,0,40
AL212021_WANDA,20211107,0600,,TS,38.1N,36.4W,35,1004,0,60,0,0,0,0,0,0,0,0,0,0,45
AL212021_WANDA,20211107,1200,,LO,39.2N,34.9W,35,1006,0,90,0,0,0,0,0,0,0,0,0,0,50
AL212021_WANDA,20211107,1800,,LO,40.9N,32.8W,40,1006,0,90,0,0,0,0,0,0,0,0,0,0,50
AL212021_WANDA,20211108,0000,,LO,43.2N,29.7W,40,1006,30,70,0,0,0,0,0,0,0,0,0,0,40
AL012022_ALEX,20220602,1800,,DB,21.3N,87.5W,30,1004,0,0,0,0,0,0,0,0,0,0,0,0,80
AL012022_ALEX,20220603,0000,,DB,21.6N,87.3W,30,1003,0,0,0,0,0,0,0,0,0,0,0,0,80
AL012022_ALEX,20220603,0600,,DB,21.9N,87.1W,35,1003,60,60,0,0,0,0,0,0,0,0,0,0,80
AL012022_ALEX,20220603,1200,,DB,22.2N,86.9W,35,1003,90,90,0,0,0,0,0,0,0,0,0,0,120
AL012022_ALEX,20220603,1800,,DB,22.8N,86.3W,35,1003,90,180,0,0,0,0,0,0,0,0,0,0,180
AL012022_ALEX,20220604,0000,,DB,23.9N,85.1W,35,1003,0,210,0,0,0,0,0,0,0,0,0,0,180
AL012022_ALEX,20220604,0600,,DB,25.0N,83.7W,35,1003,0,210,0,0,0,0,0,0,0,0,0,0,180
AL012022_ALEX,20220604,1200,,DB,26.2N,82.0W,35,1002,0,210,0,0,0,0,0,0,0,0,0,0,150
AL012022_ALEX,20220604,1800,,DB,27.2N,80.4W,40,1001,90,210,0,0,0,0,0,0,0,0,0,0,120
AL012022_ALEX,20220605,0000,,TS,28.0N,78.8W,40,999,150,180,0,0,0,0,0,0,0,0,0,0,90
AL012022_ALEX,20220605,0600,,TS,28.8N,77.2W,45,995,150,180,0,30,0,0,0,0,0,0,0,0,80
AL012022_ALEX,20220605,1200,,TS,29.9N,75.0W,50,993,150,180,0,40,0,90,0,0,0,0,0,0,80
AL012022_ALEX,20220605,1800,,TS,31.0N,72.5W,60,985,160,180,60,80,0,90,30,40,0,0,0,0,60
AL012022_ALEX,20220606,0000,,TS,32.1N,70.2W,60,984,180,180,90,90,0,90,40,40,0,0,0,0,50
AL012022_ALEX,20220606,0600,,TS,33.0N,67.8W,55,987,180,180,90,90,0,90,40,40,0,0,0,0,50
AL012022_ALEX,20220606,1200,,LO,33.8N,65.2W,55,992,180,180,90,90,0,90,40,40,0,0,0,0,50
AL012022_ALEX,20220606,1800,,LO,34.7N,62.2W,50,994,180,180,90,90,0,90,40,40,0,0,0,0,50
AL022022_BONNIE,20220627,1800,,DB,8.3N,50.5W,35,1009,100,0,0,120,0,0,0,0,0,0,0,0,120
AL022022_BONNIE,20220628,0000,,DB,8.7N,52.2W,35,1009,100,0,0,120,0,0,0,0,0,0,0,0,120
AL022022_BONNIE,20220628,0600,,DB,9.1N,54.2W,35,1009,100,0,0,120,0,0,0,0,0,0,0,0,120
AL022022_BONNIE,20220628,1200,,DB,9.6N,56.5W,35,1009,100,0,0,110,0,0,0,0,0,0,0,0,110
AL022022_BONNIE,20220628,1800,,DB,10.2N,58.9W,35,1009,100,0,0,110,0,0,0,0,0,0,0,0,100
AL022022_BONNIE,20220629,0000,,DB,10.7N,61.6W,35,1009,100,0,0,100,0,0,0,0,0,0,0,0,90
AL022022_BONNIE,20220629,0600,,DB,11.1N,64.0W,35,1009,100,0,0,100,0,0,0,0,0,0,0,0,80
AL022022_BONNIE,20220629,1200,,DB,11.4N,66.2W,35,1009,100,0,0,100,0,0,0,0,0,0,0,0,80
AL022022_BONNIE,20220629,1800,,DB,11.7N,68.0W,35,1009,100,0,0,100,0,0,0,0,0,0,0,0,80
AL022022_BONNIE,20220630,0000,,DB,11.9N,69.7W,35,1009,90,0,0,90,0,0,0,0,0,0,0,0,80
AL022022_BONNIE,20220630,0600,,DB,12.0N,71.4W,35,1009,70,0,0,70,0,0,0,0,0,0,0,0,70
AL022022_BONNIE,20220630,1200,,DB,12.0N,73.1W,35,1008,70,0,0,60,0,0,0,0,0,0,0,0,60
AL022022_BONNIE,20220630,1800,,DB,12.0N,74.9W,35,1007,70,0,0,60,0,0,0,0,0,0,0,0,60
AL022022_BONNIE,20220701,0000,,DB,11.9N,76.7W,35,1005,70,0,0,60,0,0,0,0,0,0,0,0,50
AL022022_BONNIE,20220701,0600,,TS,11.6N,78.5W,35,1005,80,0,0,60,0,0,0,0,0,0,0,0,50
AL022022_BONNIE,20220701,1200,,TS,11.3N,80.2W,35,1005,100,0,0,60,0,0,0,0,0,0,0,0,40
AL022022_BONNIE,20220701,1800,,TS,11.2N,81.8W,40,1004,100,0,0,60,0,0,0,0,0,0,0,0,30
AL022022_BONNIE,20220702,0000,,TS,10.9N,83.1W,50,996,100,30,20,60,10,10,0,0,0,0,0,0,10
AL022022_BONNIE,20220702,0300,L,TS,11.0N,83.8W,50,996,100,30,20,60,10,10,0,0,0,0,0,0,10
AL022022_BONNIE,20220702,0600,,TS,11.1N,84.5W,40,1000,60,0,0,40,0,0,0,0,0,0,0,0,20
AL022022_BONNIE,20220702,1200,,TS,11.2N,85.9W,35,1002,60,0,0,40,0,0,0,0,0,0,0,0,30
AL022022_BONNIE,20220702,1800,,TS,11.2N,87.4W,45,999,60,20,20,40,0,0,0,0,0,0,0,0,20
AL022022_BONNIE,20220703,0000,,TS,11.2N,88.9W,50,997,60,30,30,50,20,0,0,20,0,0,0,0,20
AL022022_BONNIE,20220703,0600,,TS,11.5N,90.4W,50,997,60,30,30,60,20,0,0,20,0,0,0,0,20
AL022022_BONNIE,20220703,1200,,TS,11.8N,91.9W,55,995,60,30,30,60,20,0,0,20,0,0,0,0,20
AL022022_BONNIE,20220703,1800,,TS,12.2N,93.4W,60,993,70,50,30,60,30,20,0,30,0,0,0,0,15
AL022022_BONNIE,20220704,0000,,HU,12.9N,94.9W,65,989,70,60,30,60,40,30,0,30,20,15,0,0,15
AL022022_BONNIE,20220704,0600,,HU,13.4N,96.6W,70,987,70,60,30,60,40,30,0,30,20,15,0,0,15
AL022022_BONNIE,20220704,1200,,HU,13.6N,98.2W,75,984,80,70,40,70,40,30,20,30,20,15,10,15,15
AL022022_BONNIE,20220704,1800,,HU,13.8N,99.6W,85,978,80,70,40,70,40,30,20,30,20,15,10,15,10
AL022022_BONNIE,20220705,0000,,HU,14.4N,100.9W,90,974,80,70,40,70,40,30,20,30,20,15,10,15,10
AL022022_BONNIE,20220705,0600,,HU,14.9N,102.4W,95,968,90,80,40,70,40,30,20,30,20,15,10,15,5
AL022022_BONNIE,20220705,1200,,HU,15.1N,103.8W,100,964,90,80,50,80,40,40,30,40,25,20,15,20,5
AL022022_BONNIE,20220705,1800,,HU,15.4N,105.1W,95,967,90,80,50,80,40,40,30,40,25,20,15,20,5
AL022022_BONNIE,20220706,0000,,HU,15.6N,106.4W,90,970,90,80,50,80,40,40,30,40,20,20,15,20,5
AL022022_BONNIE,20220706,0600,,HU,15.8N,107.6W,85,974,80,70,50,80,40,40,30,40,20,20,15,20,20
AL022022_BONNIE,20220706,1200,,HU,16.0N,108.5W,85,975,60,50,40,70,40,30,20,40,20,15,10,10,20
AL022022_BONNIE,20220706,1800,,HU,16.3N,109.5W,85,975,70,60,50,70,30,30,20,40,20,15,10,10,20
AL022022_BONNIE,20220707,0000,,HU,16.6N,110.6W,80,980,70,60,50,70,30,30,20,40,20,15,10,10,20
AL022022_BONNIE,20220707,0600,,HU,16.9N,111.8W,80,980,60,40,40,60,30,30,20,40,20,15,10,10,20
AL022022_BONNIE,20220707,1200,,HU,17.2N,113.1W,80,980,60,40,40,60,30,30,20,40,20,15,10,10,15
AL022022_BONNIE,20220707,1800,,HU,17.5N,114.5W,85,976,60,50,50,60,40,30,20,40,20,15,10,10,15
AL022022_BONNIE,20220708,0000,,HU,17.8N,116.1W,85,976,60,50,50,60,40,30,20,40,20,15,10,15,15
AL022022_BONNIE,20220708,0600,,HU,18.0N,117.7W,75,982,60,50,50,60,40,30,20,40,20,10,0,15,15
AL022022_BONNIE,20220708,1200,,HU,18.2N,119.3W,65,989,60,50,50,60,40,30,20,40,20,10,0,15,15
AL022022_BONNIE,20220708,1800,,TS,18.6N,121.0W,55,998,50,40,30,50,20,0,0,30,0,0,0,0,20
AL022022_BONNIE,20220709,0000,,TS,19.0N,122.8W,50,1001,50,40,30,50,20,0,0,30,0,0,0,0,20
AL022022_BONNIE,20220709,0600,,TS,19.2N,124.7W,45,1002,50,40,30,50,0,0,0,0,0,0,0,0,20
AL022022_BONNIE,20220709,1200,,TS,19.4N,126.6W,40,1005,40,30,0,40,0,0,0,0,0,0,0,0,20
AL022022_BONNIE,20220709,1800,,LO,19.5N,128.6W,40,1008,40,0,0,40,0,0,0,0,0,0,0,0,25
AL022022_BONNIE,20220710,0000,,LO,19.6N,130.5W,35,1008,40,0,0,40,0,0,0,0,0,0,0,0,25
AL022022_BONNIE,20220710,0600,,LO,19.5N,132.3W,35,1008,40,0,0,40,0,0,0,0,0,0,0,0,25
AL022022_BONNIE,20220710,1200,,LO,19.4N,134.0W,30,1008,0,0,0,0,0,0,0,0,0,0,0,0,25
AL022022_BONNIE,20220710,1800,,LO,19.4N,135.5W,25,1010,0,0,0,0,0,0,0,0,0,0,0,0,25
AL022022_BONNIE,20220711,0000,,LO,19.4N,136.9W,25,1010,0,0,0,0,0,0,0,0,0,0,0,0,25
AL032022_COLIN,20220701,1800,,TD,31.8N,80.5W,30,1014,0,0,0,0,0,0,0,0,0,0,0,0,50
AL032022_COLIN,20220701,2330,L,TS,32.4N,80.5W,35,1011,40,60,0,0,0,0,0,0,0,0,0,0,50
AL032022_COLIN,20220702,0000,,TS,32.5N,80.4W,35,1011,40,60,0,0,0,0,0,0,0,0,0,0,50
AL032022_COLIN,20220702,0600,,TS,33.0N,79.9W,35,1011,40,60,0,0,0,0,0,0,0,0,0,0,50
AL032022_COLIN,20220702,1200,,TS,33.4N,79.4W,35,1011,50,70,0,0,0,0,0,0,0,0,0,0,50
AL032022_COLIN,20220702,1800,,TD,33.8N,78.9W,30,1015,0,0,0,0,0,0,0,0,0,0,0,0,50
AL052022_DANIELLE,20220831,1200,,LO,37.5N,46.6W,25,1016,0,0,0,0,0,0,0,0,0,0,0,0,60
AL052022_DANIELLE,20220831,1800,,LO,37.8N,46.1W,25,1015,0,0,0,0,0,0,0,0,0,0,0,0,50
AL052022_DANIELLE,20220901,0000,,LO,38.0N,45.6W,25,1014,0,0,0,0,0,0,0,0,0,0,0,0,45
AL052022_DANIELLE,20220901,0600,,TD,38.1N,45.2W,30,1011,0,0,0,0,0,0,0,0,0,0,0,0,35
AL052022_DANIELLE,20220901,1200,,TS,38.1N,44.8W,35,1007,30,30,0,0,0,0,0,0,0,0,0,0,30
AL052022_DANIELLE,20220901,1800,,TS,38.0N,44.4W,45,1002,40,30,0,30,0,0,0,0,0,0,0,0,25
AL052022_DANIELLE,20220902,0000,,TS,37.9N,44.1W,55,996,60,40,20,50,20,20,0,20,0,0,0,0,20
AL052022_DANIELLE,20220902,0600,,TS,37.8N,43.8W,60,990,70,50,40,60,20,20,20,20,0,0,0,0,15
AL052022_DANIELLE,20220902,1200,,HU,37.8N,43.6W,65,986,80,60,60,70,30,20,20,20,0,0,0,15,15
AL052022_DANIELLE,20220902,1800,,HU,37.9N,43.5W,65,985,90,70,70,80,30,30,30,20,0,0,15,15,15
AL052022_DANIELLE,20220903,0000,,HU,38.0N,43.6W,65,986,100,80,80,90,40,30,30,30,15,15,0,0,15
AL052022_DANIELLE,20220903,0600,,TS,38.0N,43.8W,60,989,110,90,80,90,50,40,40,40,0,0,0,0,20
AL052022_DANIELLE,20220903,1200,,TS,38.0N,44.2W,60,989,110,90,80,90,50,40,40,50,0,0,0,0,20
AL052022_DANIELLE,20220903,1800,,TS,38.0N,44.6W,60,989,110,90,80,100,60,50,40,50,0,0,0,0,25
AL052022_DANIELLE,20220904,0000,,HU,37.9N,45.0W,65,986,110,100,80,100,60,50,40,60,15,25,0,0,25
AL052022_DANIELLE,20220904,0600,,HU,37.9N,45.3W,70,982,110,100,80,100,60,50,50,60,15,30,0,0,30
AL052022_DANIELLE,20220904,1200,,HU,38.1N,45.4W,70,979,110,100,80,100,60,50,50,50,20,35,0,15,35
AL052022_DANIELLE,20220904,1800,,HU,38.4N,45.2W,75,976,110,100,90,90,60,50,50,50,20,40,0,15,40
AL052022_DANIELLE,20220905,0000,,HU,38.7N,45.0W,75,975,110,100,90,90,50,50,50,50,20,40,0,15,40
AL052022_DANIELLE,20220905,0600,,HU,39.2N,44.6W,75,975,110,110,90,90,50,50,50,50,20,40,0,15,40
AL052022_DANIELLE,20220905,1200,,HU,39.9N,44.1W,75,975,110,110,100,90,50,50,50,50,20,40,20,20,40
AL052022_DANIELLE,20220905,1800,,HU,40.6N,43.6W,75,976,110,120,100,100,50,60,60,50,20,40,20,20,40
AL052022_DANIELLE,20220906,0000,,HU,41.3N,43.1W,70,980,120,130,110,100,60,70,60,50,20,45,20,20,45
AL052022_DANIELLE,20220906,0600,,HU,41.8N,42.5W,65,982,120,130,120,100,60,70,70,50,20,45,20,0,45
AL052022_DANIELLE,20220906,1200,,HU,42.1N,41.8W,65,982,130,140,130,110,60,80,70,60,25,50,20,0,50
AL052022_DANIELLE,20220906,1800,,HU,42.3N,41.0W,65,980,140,150,140,110,60,90,80,70,25,55,25,0,55
AL052022_DANIELLE,20220907,0000,,HU,42.5N,39.9W,65,978,150,160,140,120,70,100,80,70,30,60,30,0,60
AL052022_DANIELLE,20220907,0600,,HU,42.9N,38.6W,70,974,160,170,150,130,70,100,90,80,35,60,40,0,60
AL052022_DANIELLE,20220907,1200,,HU,43.5N,37.2W,70,972,170,170,160,140,70,110,90,80,40,60,50,0,60
AL052022_DANIELLE,20220907,1800,,HU,44.4N,35.6W,70,972,170,180,160,150,70,110,100,80,45,60,60,0,60
AL052022_DANIELLE,20220908,0000,,HU,45.3N,33.9W,65,973,180,180,170,160,70,110,100,80,50,60,60,0,60
AL052022_DANIELLE,20220908,0600,,TS,46.2N,32.4W,60,974,190,180,170,170,70,100,90,70,0,0,0,0,60
AL052022_DANIELLE,20220908,1200,,EX,47.3N,31.4W,55,975,190,180,180,190,70,100,90,70,0,0,0,0,60
AL052022_DANIELLE,20220908,1800,,EX,48.5N,30.8W,55,975,200,170,180,200,70,90,90,60,0,0,0,0,60
AL052022_DANIELLE,20220909,0000,,EX,49.8N,30.5W,55,975,200,160,180,200,70,90,90,60,0,0,0,0,60
AL052022_DANIELLE,20220909,0600,,EX,51.0N,31.1W,50,976,200,150,180,200,80,0,0,60,0,0,0,0,60
AL052022_DANIELLE,20220909,1200,,EX,51.1N,33.2W,50,977,200,130,180,200,0,0,0,60,0,0,0,0,60
AL052022_DANIELLE,20220909,1800,,EX,49.8N,34.8W,45,979,0,120,180,190,0,0,0,0,0,0,0,0,60
AL052022_DANIELLE,20220910,0000,,EX,47.8N,34.1W,45,983,0,120,180,160,0,0,0,0,0,0,0,0,60
AL052022_DANIELLE,20220910,0600,,EX,46.1N,31.2W,45,985,0,120,170,0,0,0,0,0,0,0,0,0,60
AL052022_DANIELLE,20220910,1200,,EX,45.2N,28.0W,40,987,0,120,170,0,0,0,0,0,0,0,0,0,60
AL052022_DANIELLE,20220910,1800,,EX,44.7N,26.1W,40,988,0,120,160,0,0,0,0,0,0,0,0,0,60
AL052022_DANIELLE,20220911,0000,,EX,43.9N,24.7W,40,990,0,120,160,0,0,0,0,0,0,0,0,0,60
AL052022_DANIELLE,20220911,0600,,EX,42.7N,23.4W,35,991,0,120,150,0,0,0,0,0,0,0,0,0,60
AL052022_DANIELLE,20220911,1200,,EX,41.2N,21.9W,35,992,0,0,150,0,0,0,0,0,0,0,0,0,60
AL052022_DANIELLE,20220911,1800,,EX,40.1N,20.4W,35,993,0,0,140,0,0,0,0,0,0,0,0,0,50
AL052022_DANIELLE,20220912,0000,,EX,39.1N,18.8W,35,994,0,0,120,40,0,0,0,0,0,0,0,0,50
AL052022_DANIELLE,20220912,0600,,EX,38.4N,17.0W,35,994,0,0,110,40,0,0,0,0,0,0,0,0,40
AL052022_DANIELLE,20220912,1200,,EX,38.6N,15.0W,35,994,0,0,90,0,0,0,0,0,0,0,0,0,40
AL052022_DANIELLE,20220912,1800,,EX,39.4N,12.7W,35,993,0,60,90,0,0,0,0,0,0,0,0,0,40
AL052022_DANIELLE,20220913,0000,,EX,40.8N,11.2W,35,992,60,60,0,0,0,0,0,0,0,0,0,0,40
AL052022_DANIELLE,20220913,0600,,EX,42.5N,10.6W,35,992,60,60,0,0,0,0,0,0,0,0,0,0,40
AL052022_DANIELLE,20220913,1200,,EX,43.3N,10.7W,35,993,60,60,0,0,0,0,0,0,0,0,0,0,40
AL052022_DANIELLE,20220913,1800,,EX,43.6N,11.3W,35,994,60,60,0,0,0,0,0,0,0,0,0,0,40
AL052022_DANIELLE,20220914,0000,,EX,43.3N,11.4W,30,996,0,0,0,0,0,0,0,0,0,0,0,0,30
AL052022_DANIELLE,20220914,0600,,EX,43.0N,11.2W,25,998,0,0,0,0,0,0,0,0,0,0,0,0,30
AL052022_DANIELLE,20220914,1200,,EX,42.7N,10.9W,25,1000,0,0,0,0,0,0,0,0,0,0,0,0,30
AL052022_DANIELLE,20220914,1800,,EX,42.5N,10.4W,25,1003,0,0,0,0,0,0,0,0,0,0,0,0,30
AL052022_DANIELLE,20220915,0000,,EX,42.2N,10.1W,25,1006,0,0,0,0,0,0,0,0,0,0,0,0,30
AL052022_DANIELLE,20220915,0600,,EX,41.6N,10.0W,25,1008,0,0,0,0,0,0,0,0,0,0,0,0,30
AL052022_DANIELLE,20220915,1200,,EX,40.9N,10.1W,20,1010,0,0,0,0,0,0,0,0,0,0,0,0,30
AL052022_DANIELLE,20220915,1800,,EX,40.2N,10.3W,20,1012,0,0,0,0,0,0,0,0,0,0,0,0,30
AL062022_EARL,20220902,1800,,TS,17.9N,58.6W,35,1006,0,60,0,0,0,0,0,0,0,0,0,0,60
AL062022_EARL,20220903,0000,,TS,18.3N,59.8W,40,1005,150,150,0,0,0,0,0,0,0,0,0,0,90
AL062022_EARL,20220903,0600,,TS,18.6N,60.9W,40,1004,150,150,0,0,0,0,0,0,0,0,0,0,90
AL062022_EARL,20220903,1200,,TS,18.9N,61.9W,40,1002,150,120,0,30,0,0,0,0,0,0,0,0,90
AL062022_EARL,20220903,1800,,TS,19.2N,62.9W,45,999,90,20,0,40,0,0,0,0,0,0,0,0,60
AL062022_EARL,20220904,0000,,TS,19.4N,63.6W,45,999,90,20,0,40,0,0,0,0,0,0,0,0,40
AL062022_EARL,20220904,0600,,TS,19.5N,64.1W,45,999,90,20,0,40,0,0,0,0,0,0,0,0,40
AL062022_EARL,20220904,1200,,TS,19.8N,64.6W,45,999,90,20,0,40,0,0,0,0,0,0,0,0,40
AL062022_EARL,20220904,1800,,TS,20.0N,65.0W,50,998,90,90,0,40,40,0,0,0,0,0,0,0,40
AL062022_EARL,20220905,0000,,TS,20.3N,65.3W,50,998,90,90,0,40,50,0,0,0,0,0,0,0,50
AL062022_EARL,20220905,0600,,TS,20.8N,65.4W,55,998,90,90,0,40,50,0,0,0,0,0,0,0,50
AL062022_EARL,20220905,1200,,TS,21.5N,65.2W,55,998,90,90,0,60,50,0,0,30,0,0,0,0,50
AL062022_EARL,20220905,1800,,TS,22.0N,65.2W,60,997,90,90,0,70,50,0,0,30,0,0,0,0,40
AL062022_EARL,20220906,0000,,TS,22.5N,65.2W,60,991,100,90,20,70,50,30,0,30,0,0,0,0,30
AL062022_EARL,20220906,0600,,TS,23.1N,65.3W,55,995,100,90,20,70,50,30,0,30,0,0,0,0,30
AL062022_EARL,20220906,1200,,TS,23.5N,65.7W,55,996,100,90,20,70,60,30,0,30,0,0,0,0,30
AL062022_EARL,20220906,1800,,HU,23.9N,65.7W,65,994,100,90,20,70,60,40,0,50,0,0,0,30,30
AL062022_EARL,20220907,0000,,HU,24.5N,65.8W,70,985,100,90,80,80,60,40,0,50,35,0,0,30,30
AL062022_EARL,20220907,0600,,HU,25.0N,65.9W,75,982,110,90,80,80,60,40,30,50,35,25,25,30,30
AL062022_EARL,20220907,1200,,HU,25.4N,65.8W,75,978,120,100,90,90,60,50,30,50,35,25,25,30,30
AL062022_EARL,20220907,1800,,HU,26.1N,65.6W,80,974,130,110,90,90,60,50,30,50,40,35,25,30,35
AL062022_EARL,20220908,0000,,HU,26.8N,65.5W,90,970,130,120,90,90,60,50,30,50,40,35,25,30,35
AL062022_EARL,20220908,0600,,HU,27.7N,65.5W,90,969,140,130,100,100,70,60,60,60,50,35,25,30,35
AL062022_EARL,20220908,1200,,HU,28.7N,65.3W,85,962,140,130,100,100,70,60,60,60,50,40,30,30,30
AL062022_EARL,20220908,1800,,HU,29.7N,64.8W,80,962,140,160,120,100,70,90,70,60,50,50,40,30,30
AL062022_EARL,20220909,0000,,HU,30.6N,64.3W,80,964,140,160,120,100,70,90,70,60,50,50,40,30,30
AL062022_EARL,20220909,0600,,HU,31.9N,63.2W,80,963,170,180,150,90,100,110,70,50,60,70,30,35,40
AL062022_EARL,20220909,1200,,HU,33.4N,61.9W,85,961,170,200,170,100,100,110,70,50,60,70,30,35,40
AL062022_EARL,20220909,1800,,HU,34.9N,59.8W,90,954,200,240,200,130,100,120,80,50,60,70,30,35,40
AL062022_EARL,20220910,0000,,HU,37.1N,56.8W,95,948,220,290,230,170,100,150,110,90,60,70,50,30,40
AL062022_EARL,20220910,0600,,HU,40.0N,54.3W,90,955,220,360,350,320,110,180,110,180,70,80,50,30,45
AL062022_EARL,20220910,1200,,HU,42.4N,53.3W,80,964,300,360,350,320,110,180,110,180,70,80,50,30,45
AL062022_EARL,20220910,1800,,EX,43.3N,52.8W,70,967,300,360,420,330,180,180,110,180,70,80,50,80,60
AL062022_EARL,20220911,0000,,EX,43.3N,52.6W,60,968,330,360,350,330,0,90,160,200,0,0,0,0,60
AL062022_EARL,20220911,0600,,EX,43.8N,52.2W,55,970,300,360,420,330,180,180,110,180,0,0,0,0,60
AL062022_EARL,20220911,1200,,EX,44.2N,52.0W,50,974,300,180,350,300,0,0,0,150,0,0,0,0,60
AL062022_EARL,20220911,1800,,EX,44.3N,51.9W,45,974,150,150,350,300,0,0,0,0,0,0,0,0,60
AL062022_EARL,20220912,0000,,EX,44.2N,51.9W,45,974,190,150,320,250,0,0,0,0,0,0,0,0,90
AL062022_EARL,20220912,0600,,EX,44.3N,52.1W,40,978,120,100,280,220,0,0,0,0,0,0,0,0,90
AL062022_EARL,20220912,1200,,EX,43.9N,51.9W,40,978,120,100,280,220,0,0,0,0,0,0,0,0,90
AL062022_EARL,20220912,1800,,EX,43.2N,51.2W,35,981,0,0,300,0,0,0,0,0,0,0,0,0,90
AL062022_EARL,20220913,0000,,EX,42.9N,48.3W,35,981,0,250,270,0,0,0,0,0,0,0,0,0,90
AL062022_EARL,20220913,0600,,EX,43.0N,46.8W,35,985,0,240,220,0,0,0,0,0,0,0,0,0,90
AL062022_EARL,20220913,1200,,EX,43.4N,45.2W,35,989,0,240,220,0,0,0,0,0,0,0,0,0,90
AL062022_EARL,20220913,1800,,EX,44.3N,43.7W,35,989,0,240,220,0,0,0,0,0,0,0,0,0,90
AL062022_EARL,20220914,0000,,EX,45.0N,42.4W,35,990,0,220,200,0,0,0,0,0,0,0,0,0,120
AL062022_EARL,20220914,0600,,EX,45.4N,41.6W,35,990,0,220,200,0,0,0,0,0,0,0,0,0,140
AL062022_EARL,20220914,1200,,EX,45.5N,40.9W,35,990,0,0,220,0,0,0,0,0,0,0,0,0,140
AL062022_EARL,20220914,1800,,EX,45.3N,40.5W,30,992,0,0,0,0,0,0,0,0,0,0,0,0,140
AL062022_EARL,20220915,0000,,EX,45.2N,39.4W,30,994,0,0,0,0,0,0,0,0,0,0,0,0,140
AL062022_EARL,20220915,0600,,EX,45.2N,37.7W,30,995,0,0,0,0,0,0,0,0,0,0,0,0,140
AL062022_EARL,20220915,1200,,EX,45.6N,36.1W,30,996,0,0,0,0,0,0,0,0,0,0,0,0,140
AL072022_FIONA,20220914,0600,,TD,16.0N,47.9W,25,1010,0,0,0,0,0,0,0,0,0,0,0,0,70
AL072022_FIONA,20220914,1200,,TD,16.4N,49.1W,30,1009,0,0,0,0,0,0,0,0,0,0,0,0,60
AL072022_FIONA,20220914,1800,,TS,16.6N,50.1W,35,1006,60,60,0,0,0,0,0,0,0,0,0,0,50
AL072022_FIONA,20220915,0000,,TS,16.6N,51.3W,45,1002,100,120,0,0,0,0,0,0,0,0,0,0,50
AL072022_FIONA,20220915,0600,,TS,16.5N,52.4W,45,1002,100,120,0,0,0,0,0,0,0,0,0,0,50
AL072022_FIONA,20220915,1200,,TS,16.4N,53.6W,45,1002,120,110,0,100,0,0,0,0,0,0,0,0,50
AL072022_FIONA,20220915,1800,,TS,16.3N,54.8W,50,1006,120,110,0,100,30,0,0,0,0,0,0,0,30
AL072022_FIONA,20220916,0000,,TS,16.1N,56.2W,50,1005,120,110,0,100,30,0,0,0,0,0,0,0,30
AL072022_FIONA,20220916,0600,,TS,15.8N,57.5W,50,1005,120,110,0,100,30,0,0,0,0,0,0,0,30
AL072022_FIONA,20220916,1200,,TS,15.8N,58.8W,45,1005,120,110,0,100,0,0,0,0,0,0,0,0,40
AL072022_FIONA,20220916,1800,,TS,16.3N,60.4W,45,1005,120,110,0,90,0,0,0,0,0,0,0,0,40
AL072022_FIONA,20220916,2315,L,TS,16.4N,61.4W,50,1002,120,110,0,90,60,0,0,0,0,0,0,0,40
AL072022_FIONA,20220917,0000,,TS,16.4N,61.6W,50,1002,120,110,0,90,60,0,0,0,0,0,0,0,30
AL072022_FIONA,20220917,0600,,TS,16.3N,62.6W,50,1000,110,100,0,80,50,0,0,0,0,0,0,0,30
AL072022_FIONA,20220917,1200,,TS,16.4N,63.3W,50,1000,110,100,0,80,50,0,0,0,0,0,0,0,30
AL072022_FIONA,20220917,1800,,TS,16.5N,64.0W,50,1002,110,120,0,80,30,0,0,0,0,0,0,0,20
AL072022_FIONA,20220918,0000,,TS,16.5N,64.7W,50,997,110,120,30,80,30,0,0,0,0,0,0,0,30
AL072022_FIONA,20220918,0600,,TS,16.9N,65.5W,55,994,110,120,30,80,50,0,0,0,0,0,0,0,30
AL072022_FIONA,20220918,1200,,HU,17.2N,66.2W,65,990,110,120,30,80,50,50,0,0,25,25,0,0,30
AL072022_FIONA,20220918,1800,,HU,17.8N,66.9W,75,986,110,120,30,80,50,50,0,0,25,25,0,0,25
AL072022_FIONA,20220918,1920,L,HU,18.0N,67.1W,75,986,110,120,30,80,50,50,0,0,25,25,0,0,25
AL072022_FIONA,20220919,0000,,HU,18.1N,67.8W,75,984,120,120,30,90,50,50,0,30,25,25,0,15,15
AL072022_FIONA,20220919,0600,,HU,18.2N,68.4W,80,977,120,130,50,90,50,50,0,30,25,25,0,15,15
AL072022_FIONA,20220919,0730,L,HU,18.4N,68.5W,80,976,120,130,50,90,50,50,0,30,25,25,0,15,15
AL072022_FIONA,20220919,1200,,HU,18.8N,68.9W,75,980,120,120,50,100,50,50,0,30,25,25,0,15,15
AL072022_FIONA,20220919,1800,,HU,19.5N,69.5W,85,972,120,120,50,100,50,50,0,40,25,25,0,20,15
AL072022_FIONA,20220920,0000,,HU,20.2N,70.1W,95,974,130,130,60,100,60,50,30,40,25,25,15,20,10
AL072022_FIONA,20220920,0600,,HU,20.8N,70.7W,100,967,130,130,60,100,60,50,40,50,25,25,20,25,10
AL072022_FIONA,20220920,1100,L,HU,21.4N,71.1W,100,962,130,130,60,100,60,50,40,50,25,25,20,25,10
AL072022_FIONA,20220920,1200,,HU,21.5N,71.2W,100,961,130,130,80,120,70,60,40,60,30,25,20,25,10
AL072022_FIONA,20220920,1800,,HU,22.3N,71.7W,100,959,130,130,80,120,70,60,40,60,30,25,20,25,10
AL072022_FIONA,20220921,0000,,HU,22.9N,71.8W,110,951,140,130,80,120,70,60,40,60,40,30,20,30,15
AL072022_FIONA,20220921,0600,,HU,23.5N,71.8W,120,939,140,130,80,120,70,60,40,60,40,30,20,30,15
AL072022_FIONA,20220921,1200,,HU,24.2N,71.7W,115,937,140,170,80,120,70,90,40,60,40,40,20,30,15
AL072022_FIONA,20220921,1800,,HU,25.1N,71.6W,115,937,140,170,80,120,70,90,40,60,40,40,20,30,15
AL072022_FIONA,20220922,0000,,HU,26.0N,71.4W,115,934,150,180,110,130,100,100,80,90,55,60,45,45,15
AL072022_FIONA,20220922,0600,,HU,26.9N,71.1W,115,934,150,180,130,150,100,100,80,100,55,60,45,45,15
AL072022_FIONA,20220922,1200,,HU,28.0N,70.6W,115,936,150,180,130,150,100,100,80,100,55,60,45,45,20
AL072022_FIONA,20220922,1800,,HU,29.5N,70.0W,115,936,180,240,130,150,110,110,80,100,60,60,45,50,20
AL072022_FIONA,20220923,0000,,HU,30.9N,69.0W,115,931,220,240,150,160,120,120,100,100,80,100,60,50,20
AL072022_FIONA,20220923,0600,,HU,32.5N,67.5W,115,936,250,300,150,160,120,120,100,100,80,100,60,50,20
AL072022_FIONA,20220923,1200,,HU,34.3N,65.0W,115,935,250,300,150,160,120,120,100,100,80,100,60,50,25
AL072022_FIONA,20220923,1800,,HU,37.8N,61.7W,110,940,250,300,180,200,120,120,100,120,80,100,60,80,30
AL072022_FIONA,20220924,0000,,EX,42.3N,60.7W,100,932,250,300,200,200,150,180,140,170,100,160,120,80,90
AL072022_FIONA,20220924,0600,,EX,45.0N,61.2W,85,931,275,350,350,275,180,220,200,170,100,150,120,80,100
AL072022_FIONA,20220924,0700,L,EX,45.2N,61.2W,85,931,275,350,350,275,180,220,200,170,100,150,120,80,100
AL072022_FIONA,20220924,1200,,EX,46.8N,61.2W,75,938,270,350,350,240,150,180,180,150,100,100,0,0,100
AL072022_FIONA,20220924,1800,,EX,47.9N,60.8W,65,952,270,360,480,210,120,150,150,120,90,90,0,0,100
AL072022_FIONA,20220925,0000,,EX,48.8N,59.8W,60,968,200,450,480,210,90,120,120,90,0,0,0,0,100
AL072022_FIONA,20220925,0600,,EX,50.6N,58.6W,50,972,120,200,160,160,0,60,0,0,0,0,0,0,60
AL072022_FIONA,20220925,0800,L,EX,51.3N,58.3W,45,974,120,200,160,160,0,0,0,0,0,0,0,0,60
AL072022_FIONA,20220925,1200,,EX,53.1N,57.5W,45,981,120,200,160,160,0,0,0,0,0,0,0,0,60
AL072022_FIONA,20220925,1800,,EX,55.5N,58.0W,40,984,120,200,160,160,0,0,0,0,0,0,0,0,60
AL072022_FIONA,20220926,0000,,EX,57.5N,59.0W,35,985,120,200,160,160,0,0,0,0,0,0,0,0,60
AL072022_FIONA,20220926,0600,,EX,58.5N,59.0W,35,985,120,200,160,160,0,0,0,0,0,0,0,0,60
AL072022_FIONA,20220926,1200,,EX,59.5N,59.0W,35,986,120,200,160,160,0,0,0,0,0,0,0,0,60
AL072022_FIONA,20220926,1800,,EX,60.5N,58.5W,35,988,120,200,160,120,0,0,0,0,0,0,0,0,60
AL072022_FIONA,20220927,0000,,EX,61.5N,58.0W,35,994,120,200,160,120,0,0,0,0,0,0,0,0,60
AL072022_FIONA,20220927,0600,,EX,62.5N,57.0W,35,998,120,200,160,120,0,0,0,0,0,0,0,0,60
AL072022_FIONA,20220927,1200,,EX,63.3N,55.0W,35,1000,120,200,160,120,0,0,0,0,0,0,0,0,60
AL072022_FIONA,20220927,1800,,EX,64.0N,52.0W,25,1002,0,0,0,0,0,0,0,0,0,0,0,0,60
AL082022_GASTON,20220919,1200,,LO,28.7N,46.3W,25,1014,0,0,0,0,0,0,0,0,0,0,0,0,60
AL082022_GASTON,20220919,1800,,LO,29.6N,45.8W,25,1014,0,0,0,0,0,0,0,0,0,0,0,0,60
AL082022_GASTON,20220920,0000,,LO,30.4N,45.8W,25,1014,0,0,0,0,0,0,0,0,0,0,0,0,60
AL082022_GASTON,20220920,0600,,LO,31.3N,45.9W,25,1013,0,0,0,0,0,0,0,0,0,0,0,0,50
AL082022_GASTON,20220920,1200,,TD,32.5N,45.8W,30,1013,0,0,0,0,0,0,0,0,0,0,0,0,50
AL082022_GASTON,20220920,1800,,TS,34.0N,45.0W,35,1009,60,0,0,50,0,0,0,0,0,0,0,0,30
AL082022_GASTON,20220921,0000,,TS,35.5N,44.1W,45,1004,60,60,0,50,0,0,0,0,0,0,0,0,30
AL082022_GASTON,20220921,0600,,TS,36.9N,43.1W,55,999,60,60,60,50,0,30,30,30,0,0,0,0,25
AL082022_GASTON,20220921,1200,,TS,37.9N,42.0W,55,998,60,60,60,50,0,30,30,30,0,0,0,0,25
AL082022_GASTON,20220921,1800,,TS,38.6N,40.7W,55,998,40,50,50,50,0,25,25,0,0,0,0,0,25
AL082022_GASTON,20220922,0000,,TS,39.4N,38.6W,55,998,40,50,50,50,0,25,25,0,0,0,0,0,25
AL082022_GASTON,20220922,0600,,TS,40.1N,36.5W,55,998,60,70,70,70,0,25,25,0,0,0,0,0,25
AL082022_GASTON,20220922,1200,,TS,40.7N,34.8W,55,996,90,100,100,90,0,40,0,0,0,0,0,0,20
AL082022_GASTON,20220922,1800,,TS,41.0N,33.1W,55,994,90,100,100,90,0,40,0,0,0,0,0,0,20
AL082022_GASTON,20220923,0000,,TS,41.1N,31.5W,55,995,90,100,100,90,0,40,0,0,0,0,0,0,20
AL082022_GASTON,20220923,0600,,TS,40.9N,30.1W,55,995,90,100,100,90,0,40,0,0,0,0,0,0,20
AL082022_GASTON,20220923,1200,,TS,40.5N,29.2W,55,995,90,100,100,150,40,0,0,0,0,0,0,0,20
AL082022_GASTON,20220923,1800,,TS,39.8N,28.8W,50,997,90,100,100,150,0,0,0,40,0,0,0,0,20
AL082022_GASTON,20220924,0000,,TS,39.1N,29.2W,45,999,90,100,100,150,0,0,0,0,0,0,0,0,20
AL082022_GASTON,20220924,0600,,TS,38.7N,29.7W,45,1000,90,100,100,150,0,0,0,0,0,0,0,0,20
AL082022_GASTON,20220924,1200,,TS,38.2N,30.4W,40,1001,90,90,100,140,0,0,0,0,0,0,0,0,40
AL082022_GASTON,20220924,1800,,TS,38.0N,31.4W,45,998,100,0,0,100,0,0,0,0,0,0,0,0,50
AL082022_GASTON,20220925,0000,,TS,38.4N,32.7W,45,998,100,0,0,60,0,0,0,0,0,0,0,0,50
AL082022_GASTON,20220925,0600,,TS,38.9N,34.1W,45,999,100,0,0,60,0,0,0,0,0,0,0,0,50
AL082022_GASTON,20220925,1200,,TS,39.4N,35.7W,45,999,100,0,60,60,0,0,0,0,0,0,0,0,50
AL082022_GASTON,20220925,1800,,TS,39.2N,37.0W,40,1000,90,0,50,60,0,0,0,0,0,0,0,0,50
AL082022_GASTON,20220926,0000,,LO,38.8N,37.7W,35,1007,60,0,0,50,0,0,0,0,0,0,0,0,50
AL082022_GASTON,20220926,0600,,LO,38.5N,38.5W,35,1010,60,0,0,50,0,0,0,0,0,0,0,0,50
AL082022_GASTON,20220926,1200,,LO,38.4N,39.4W,30,1011,0,0,0,0,0,0,0,0,0,0,0,0,50
AL082022_GASTON,20220926,1800,,LO,38.2N,40.4W,30,1012,0,0,0,0,0,0,0,0,0,0,0,0,50
AL082022_GASTON,20220927,0000,,LO,38.0N,41.5W,30,1012,0,0,0,0,0,0,0,0,0,0,0,0,50
AL082022_GASTON,20220927,0600,,LO,37.6N,42.8W,30,1013,0,0,0,0,0,0,0,0,0,0,0,0,50
AL082022_GASTON,20220927,1200,,LO,37.2N,44.2W,25,1014,0,0,0,0,0,0,0,0,0,0,0,0,50
AL082022_GASTON,20220927,1800,,LO,37.0N,45.9W,25,1015,0,0,0,0,0,0,0,0,0,0,0,0,50
AL092022_IAN,20220922,1800,,LO,12.3N,66.3W,30,1006,0,0,0,0,0,0,0,0,0,0,0,0,70
AL092022_IAN,20220923,0000,,LO,12.9N,67.2W,30,1006,0,0,0,0,0,0,0,0,0,0,0,0,70
AL092022_IAN,20220923,0600,,TD,13.7N,68.1W,30,1006,0,0,0,0,0,0,0,0,0,0,0,0,60
AL092022_IAN,20220923,1200,,TD,14.2N,69.3W,30,1006,0,0,0,0,0,0,0,0,0,0,0,0,60
AL092022_IAN,20220923,1800,,TD,14.6N,70.6W,30,1006,0,0,0,0,0,0,0,0,0,0,0,0,60
AL092022_IAN,20220924,0000,,TS,14.7N,71.7W,35,1005,0,0,0,30,0,0,0,0,0,0,0,0,30
AL092022_IAN,20220924,0600,,TS,14.7N,72.9W,35,1005,0,0,0,30,0,0,0,0,0,0,0,0,30
AL092022_IAN,20220924,1200,,TS,14.5N,74.4W,40,1003,0,0,0,50,0,0,0,0,0,0,0,0,30
AL092022_IAN,20220924,1800,,TS,14.4N,75.8W,40,1003,0,0,0,50,0,0,0,0,0,0,0,0,30
AL092022_IAN,20220925,0000,,TS,14.6N,77.2W,40,1003,40,0,0,50,0,0,0,0,0,0,0,0,30
AL092022_IAN,20220925,0600,,TS,14.6N,78.3W,40,1003,40,0,0,50,0,0,0,0,0,0,0,0,30
AL092022_IAN,20220925,1200,,TS,15.0N,79.4W,40,1003,40,0,0,50,0,0,0,0,0,0,0,0,30
AL092022_IAN,20220925,1800,,TS,15.8N,80.1W,40,1003,40,0,0,50,0,0,0,0,0,0,0,0,30
AL092022_IAN,20220926,0000,,TS,16.8N,80.9W,50,991,60,60,0,30,30,0,0,0,0,0,0,0,30
AL092022_IAN,20220926,0600,,HU,17.7N,81.7W,65,985,70,70,30,70,30,30,0,20,15,0,0,0,15
AL092022_IAN,20220926,1200,,HU,18.7N,82.4W,70,981,90,80,40,90,40,40,0,30,20,0,0,0,15
AL092022_IAN,20220926,1800,,HU,19.7N,83.0W,80,976,100,90,60,90,50,50,20,30,30,25,0,20,20
AL092022_IAN,20220927,0000,,HU,20.8N,83.3W,85,965,100,90,60,90,50,50,20,30,30,25,0,20,20
AL092022_IAN,20220927,0600,,HU,21.8N,83.6W,100,956,100,100,70,90,50,50,30,40,30,25,20,20,15
AL092022_IAN,20220927,0830,L,HU,22.2N,83.7W,110,947,100,100,70,90,50,50,30,40,30,25,20,20,15
AL092022_IAN,20220927,1200,,HU,22.6N,83.6W,100,963,120,120,100,120,60,60,50,60,30,25,20,20,15
AL092022_IAN,20220927,1800,,HU,23.5N,83.3W,105,951,120,120,100,120,60,60,50,60,35,35,20,20,15
AL092022_IAN,20220928,0000,,HU,24.4N,83.0W,105,947,120,120,100,120,60,60,50,60,35,35,20,20,20
AL092022_IAN,20220928,0200,L,HU,24.6N,82.9W,110,952,120,120,100,120,60,60,50,60,35,35,20,20,20
AL092022_IAN,20220928,0600,,HU,25.2N,82.9W,120,945,120,130,100,150,70,60,60,70,35,35,30,35,20
AL092022_IAN,20220928,1200,,HU,26.0N,82.7W,140,937,120,140,100,150,70,60,70,80,40,40,30,40,20
AL092022_IAN,20220928,1800,,HU,26.6N,82.4W,135,938,130,150,100,150,50,60,70,80,30,40,30,45,20
AL092022_IAN,20220928,1905,L,HU,26.7N,82.2W,130,941,130,150,100,150,50,60,70,80,30,40,30,45,20
AL092022_IAN,20220928,2035,L,HU,26.8N,82.0W,125,945,130,150,100,150,50,60,70,80,30,40,30,45,20
AL092022_IAN,20220929,0000,,HU,27.2N,81.7W,100,960,180,120,120,220,50,60,50,70,30,40,30,45,20
AL092022_IAN,20220929,0600,,HU,27.7N,81.1W,65,985,360,120,150,200,60,50,40,70,30,0,0,30,20
AL092022_IAN,20220929,1200,,TS,28.4N,80.6W,60,987,360,120,150,200,60,50,40,70,0,0,0,0,40
AL092022_IAN,20220929,1800,,HU,28.9N,80.1W,65,986,360,140,150,200,60,0,50,100,0,0,0,40,40
AL092022_IAN,20220930,0000,,HU,29.6N,79.4W,70,986,420,150,120,220,60,80,80,120,0,0,40,60,40
AL092022_IAN,20220930,0600,,HU,30.3N,79.1W,75,984,420,130,100,160,80,60,80,120,0,0,40,60,40
AL092022_IAN,20220930,1200,,HU,31.5N,79.0W,75,980,240,130,120,140,80,60,80,80,40,0,40,60,40
AL092022_IAN,20220930,1800,,HU,33.3N,79.2W,70,978,190,130,100,60,80,60,80,40,0,30,40,0,40
AL092022_IAN,20220930,1805,L,HU,33.3N,79.2W,70,978,190,130,100,60,80,60,80,40,0,30,40,0,40
AL092022_IAN,20221001,0000,,EX,34.4N,79.3W,50,990,160,170,0,0,0,90,0,0,0,0,0,0,80
AL092022_IAN,20221001,0600,,EX,35.3N,79.7W,30,999,0,0,0,0,0,0,0,0,0,0,0,0,180
AL102022_HERMINE,20220923,0600,,LO,16.6N,19.4W,30,1005,0,0,0,0,0,0,0,0,0,0,0,0,60
AL102022_HERMINE,20220923,1200,,TD,17.4N,19.9W,30,1004,0,0,0,0,0,0,0,0,0,0,0,0,50
AL102022_HERMINE,20220923,1800,,TS,18.1N,20.3W,35,1003,40,0,0,0,0,0,0,0,0,0,0,0,40
AL102022_HERMINE,20220924,0000,,TS,18.7N,20.7W,35,1003,40,0,0,0,0,0,0,0,0,0,0,0,40
AL102022_HERMINE,20220924,0600,,TS,19.4N,20.9W,35,1004,40,0,0,0,0,0,0,0,0,0,0,0,40
AL102022_HERMINE,20220924,1200,,TD,20.3N,20.9W,30,1005,0,0,0,0,0,0,0,0,0,0,0,0,50
AL102022_HERMINE,20220924,1800,,TD,21.4N,20.7W,30,1006,0,0,0,0,0,0,0,0,0,0,0,0,60
AL102022_HERMINE,20220925,0000,,LO,22.4N,20.5W,30,1006,0,0,0,0,0,0,0,0,0,0,0,0,70
AL102022_HERMINE,20220925,0600,,LO,23.1N,20.3W,25,1007,0,0,0,0,0,0,0,0,0,0,0,0,80
AL102022_HERMINE,20220925,1200,,LO,23.7N,20.1W,25,1007,0,0,0,0,0,0,0,0,0,0,0,0,80
AL102022_HERMINE,20220925,1800,,LO,24.1N,19.8W,25,1008,0,0,0,0,0,0,0,0,0,0,0,0,90
AL102022_HERMINE,20220926,0000,,LO,24.6N,19.4W,25,1008,0,0,0,0,0,0,0,0,0,0,0,0,100
AL112022_ELEVEN,20220926,1800,,LO,13.8N,35.8W,25,1009,0,0,0,0,0,0,0,0,0,0,0,0,60
AL112022_ELEVEN,20220927,0000,,LO,13.6N,35.4W,25,1009,0,0,0,0,0,0,0,0,0,0,0,0,60
AL112022_ELEVEN,20220927,0600,,LO,13.6N,35.0W,25,1009,0,0,0,0,0,0,0,0,0,0,0,0,60
AL112022_ELEVEN,20220927,1200,,LO,13.8N,34.7W,25,1009,0,0,0,0,0,0,0,0,0,0,0,0,60
AL112022_ELEVEN,20220927,1800,,LO,14.1N,34.5W,25,1009,0,0,0,0,0,0,0,0,0,0,0,0,60
AL112022_ELEVEN,20220928,0000,,TD,14.5N,34.3W,30,1008,0,0,0,0,0,0,0,0,0,0,0,0,60
AL112022_ELEVEN,20220928,0600,,TD,15.1N,34.2W,30,1008,0,0,0,0,0,0,0,0,0,0,0,0,60
AL112022_ELEVEN,20220928,1200,,TD,15.7N,34.3W,25,1009,0,0,0,0,0,0,0,0,0,0,0,0,60
AL112022_ELEVEN,20220928,1800,,TD,16.2N,34.7W,25,1009,0,0,0,0,0,0,0,0,0,0,0,0,60
AL112022_ELEVEN,20220929,0000,,TD,16.7N,35.2W,25,1009,0,0,0,0,0,0,0,0,0,0,0,0,60
AL112022_ELEVEN,20220929,0600,,TD,17.5N,36.0W,25,1009,0,0,0,0,0,0,0,0,0,0,0,0,60
AL112022_ELEVEN,20220929,1200,,LO,18.3N,36.9W,25,1009,0,0,0,0,0,0,0,0,0,0,0,0,80
AL122022_TWELVE,20221004,1200,,TD,13.6N,29.5W,30,1007,0,0,0,0,0,0,0,0,0,0,0,0,40
AL122022_TWELVE,20221004,1800,,TD,14.2N,30.2W,30,1007,0,0,0,0,0,0,0,0,0,0,0,0,40
AL122022_TWELVE,20221005,0000,,TD,14.6N,30.5W,30,1007,0,0,0,0,0,0,0,0,0,0,0,0,50
AL122022_TWELVE,20221005,0600,,TD,15.0N,30.9W,30,1007,0,0,0,0,0,0,0,0,0,0,0,0,60
AL122022_TWELVE,20221005,1200,,TD,15.3N,31.5W,30,1007,0,0,0,0,0,0,0,0,0,0,0,0,60
AL122022_TWELVE,20221005,1800,,TD,16.0N,31.9W,30,1007,0,0,0,0,0,0,0,0,0,0,0,0,60
AL122022_TWELVE,20221006,0000,,TD,17.0N,32.1W,30,1007,0,0,0,0,0,0,0,0,0,0,0,0,60
AL122022_TWELVE,20221006,0600,,TD,17.7N,32.8W,30,1007,0,0,0,0,0,0,0,0,0,0,0,0,60
AL122022_TWELVE,20221006,1200,,TD,18.1N,33.9W,30,1008,0,0,0,0,0,0,0,0,0,0,0,0,60
AL122022_TWELVE,20221006,1800,,TD,18.7N,35.0W,30,1009,0,0,0,0,0,0,0,0,0,0,0,0,60
AL132022_JULIA,20221006,1200,,DB,11.4N,66.5W,30,1006,0,0,0,0,0,0,0,0,0,0,0,0,70
AL132022_JULIA,20221006,1800,,DB,11.6N,67.8W,30,1005,0,0,0,0,0,0,0,0,0,0,0,0,70
AL132022_JULIA,20221007,0000,,TD,11.9N,69.2W,30,1004,0,0,0,0,0,0,0,0,0,0,0,0,70
AL132022_JULIA,20221007,0300,L,TD,12.0N,69.8W,30,1004,0,0,0,0,0,0,0,0,0,0,0,0,70
AL132022_JULIA,20221007,0600,,TD,12.1N,70.6W,30,1004,0,0,0,0,0,0,0,0,0,0,0,0,70
AL132022_JULIA,20221007,0830,L,TD,12.2N,71.2W,30,1004,0,0,0,0,0,0,0,0,0,0,0,0,70
AL132022_JULIA,20221007,1200,,TS,12.5N,72.1W,35,1002,70,0,0,0,0,0,0,0,0,0,0,0,60
AL132022_JULIA,20221007,1800,,TS,12.8N,73.8W,40,1002,80,0,0,0,0,0,0,0,0,0,0,0,50
AL132022_JULIA,20221008,0000,,TS,12.8N,75.5W,45,999,90,0,0,70,0,0,0,0,0,0,0,0,40
AL132022_JULIA,20221008,0600,,TS,12.7N,77.2W,50,999,100,0,0,80,40,0,0,0,0,0,0,0,40
AL132022_JULIA,20221008,1200,,TS,12.7N,78.9W,55,994,100,40,40,80,40,20,0,30,0,0,0,0,30
AL132022_JULIA,20221008,1800,,TS,12.6N,80.5W,60,993,100,50,50,90,40,30,0,30,0,0,0,0,30
AL132022_JULIA,20221009,0000,,HU,12.5N,82.0W,65,989,100,60,60,100,40,30,20,30,30,0,0,0,30
AL132022_JULIA,20221009,0600,,HU,12.4N,83.3W,75,982,100,70,60,100,40,30,20,30,30,0,0,20,25
AL132022_JULIA,20221009,0715,L,HU,12.4N,83.6W,75,982,100,70,60,100,40,30,20,30,30,0,0,20,25
AL132022_JULIA,20221009,1200,,HU,12.3N,84.7W,65,985,80,60,50,80,40,20,20,30,30,0,0,20,25
AL132022_JULIA,20221009,1800,,TS,12.3N,86.2W,45,988,50,40,40,50,0,0,0,0,0,0,0,0,25
AL132022_JULIA,20221010,0000,,TS,12.6N,87.6W,40,993,40,50,30,40,0,0,0,0,0,0,0,0,30
AL132022_JULIA,20221010,0600,,TS,13.1N,88.8W,35,998,30,30,0,20,0,0,0,0,0,0,0,0,30
AL132022_JULIA,20221010,1100,L,TS,13.6N,89.7W,35,1001,30,30,0,20,0,0,0,0,0,0,0,0,30
AL132022_JULIA,20221010,1200,,TD,13.7N,89.9W,30,1002,0,0,0,0,0,0,0,0,0,0,0,0,30
AL142022_KARL,20221011,1200,,TD,19.0N,94.1W,30,1007,0,0,0,0,0,0,0,0,0,0,0,0,100
AL142022_KARL,20221011,1800,,TS,19.6N,94.5W,35,1006,120,0,90,90,0,0,0,0,0,0,0,0,100
AL142022_KARL,20221012,0000,,TS,20.2N,94.8W,35,1005,110,0,70,70,0,0,0,0,0,0,0,0,90
AL142022_KARL,20221012,0600,,TS,20.9N,94.9W,35,1004,100,0,50,50,0,0,0,0,0,0,0,0,80
AL142022_KARL,20221012,1200,,TS,21.5N,94.8W,40,1002,90,60,30,50,0,0,0,0,0,0,0,0,70
AL142022_KARL,20221012,1800,,TS,22.0N,94.6W,50,1000,70,50,30,40,60,40,0,0,0,0,0,0,60
AL142022_KARL,20221013,0000,,TS,22.4N,94.3W,50,1000,60,50,30,40,50,40,0,0,0,0,0,0,50
AL142022_KARL,20221013,0600,,TS,22.4N,94.3W,45,1000,60,60,40,30,0,0,0,0,0,0,0,0,40
AL142022_KARL,20221013,1200,,TS,21.9N,94.0W,45,1000,60,70,40,30,0,0,0,0,0,0,0,0,40
AL142022_KARL,20221013,1800,,TS,21.3N,93.6W,40,999,0,70,0,0,0,0,0,0,0,0,0,0,50
AL142022_KARL,20221014,0000,,TS,20.9N,93.0W,40,998,0,60,0,0,0,0,0,0,0,0,0,0,50
AL142022_KARL,20221014,0600,,TS,20.3N,92.6W,35,997,0,50,0,0,0,0,0,0,0,0,0,0,50
AL142022_KARL,20221014,1200,,TS,19.8N,92.6W,35,997,0,50,0,0,0,0,0,0,0,0,0,0,50
AL142022_KARL,20221014,1800,,TS,19.4N,92.6W,35,999,0,40,0,0,0,0,0,0,0,0,0,0,40
AL142022_KARL,20221015,0000,,LO,19.0N,92.7W,30,1004,0,0,0,0,0,0,0,0,0,0,0,0,40
AL142022_KARL,20221015,0600,,LO,18.7N,92.9W,25,1007,0,0,0,0,0,0,0,0,0,0,0,0,40
AL142022_KARL,20221015,1200,,LO,18.5N,93.3W,20,1009,0,0,0,0,0,0,0,0,0,0,0,0,40
AL142022_KARL,20221015,1800,,LO,18.4N,94.0W,20,1010,0,0,0,0,0,0,0,0,0,0,0,0,40
AL152022_LISA,20221030,1800,,LO,15.7N,73.3W,35,1005,100,0,0,50,0,0,0,0,0,0,0,0,70
AL152022_LISA,20221031,0000,,LO,15.7N,74.4W,35,1005,100,0,0,50,0,0,0,0,0,0,0,0,70
AL152022_LISA,20221031,0600,,LO,15.6N,75.5W,35,1005,90,70,0,0,0,0,0,0,0,0,0,0,70
AL152022_LISA,20221031,1200,,TS,15.5N,76.7W,35,1003,90,70,0,0,0,0,0,0,0,0,0,0,70
AL152022_LISA,20221031,1800,,TS,15.5N,77.8W,40,1002,90,70,0,0,0,0,0,0,0,0,0,0,70
AL152022_LISA,20221101,0000,,TS,15.6N,78.8W,40,1002,90,70,0,0,0,0,0,0,0,0,0,0,50
AL152022_LISA,20221101,0600,,TS,15.9N,79.9W,40,1003,90,70,0,0,0,0,0,0,0,0,0,0,35
AL152022_LISA,20221101,1200,,TS,16.2N,81.2W,45,1002,60,60,0,20,0,0,0,0,0,0,0,0,15
AL152022_LISA,20221101,1800,,TS,16.5N,82.5W,50,1001,60,60,0,20,20,0,0,0,0,0,0,0,15
AL152022_LISA,20221102,0000,,TS,16.7N,84.1W,55,993,60,60,20,60,20,0,0,20,0,0,0,0,15
AL152022_LISA,20221102,0600,,TS,17.0N,85.5W,60,992,60,60,20,60,20,0,0,20,0,0,0,0,10
AL152022_LISA,20221102,1200,,HU,17.1N,86.7W,70,990,60,60,20,60,20,0,0,20,10,0,0,10,10
AL152022_LISA,20221102,1800,,HU,17.3N,87.7W,75,988,50,50,30,50,25,20,0,25,15,0,0,15,15
AL152022_LISA,20221102,2130,L,HU,17.4N,88.3W,80,985,50,50,30,40,25,20,20,25,15,15,0,15,15
AL152022_LISA,20221103,0000,,HU,17.5N,88.6W,65,990,50,50,30,40,25,20,0,20,15,15,0,0,15
AL152022_LISA,20221103,0600,,TS,17.7N,89.6W,45,998,30,30,20,30,0,0,0,0,0,0,0,0,15
AL152022_LISA,20221103,1200,,TD,17.9N,90.6W,30,1008,0,0,0,0,0,0,0,0,0,0,0,0,15
AL152022_LISA,20221103,1800,,TD,18.0N,91.7W,30,1008,0,0,0,0,0,0,0,0,0,0,0,0,15
AL152022_LISA,20221104,0000,,TD,18.1N,92.7W,30,1008,0,0,0,0,0,0,0,0,0,0,0,0,30
AL152022_LISA,20221104,0600,,TD,18.3N,93.6W,30,1008,0,0,0,0,0,0,0,0,0,0,0,0,30
AL152022_LISA,20221104,1200,,TD,18.7N,94.5W,25,1008,0,0,0,0,0,0,0,0,0,0,0,0,30
AL152022_LISA,20221104,1800,,TD,19.2N,95.2W,25,1008,0,0,0,0,0,0,0,0,0,0,0,0,40
AL152022_LISA,20221105,0000,,TD,19.4N,95.4W,25,1008,0,0,0,0,0,0,0,0,0,0,0,0,40
AL152022_LISA,20221105,0600,,TD,19.7N,95.4W,25,1008,0,0,0,0,0,0,0,0,0,0,0,0,40
AL162022_MARTIN,20221030,1800,,EX,34.2N,64.0W,40,1006,180,0,0,120,0,0,0,0,0,0,0,0,100
AL162022_MARTIN,20221031,0000,,EX,34.6N,63.1W,45,1004,180,0,0,120,0,0,0,0,0,0,0,0,90
AL162022_MARTIN,20221031,0600,,EX,34.9N,62.2W,45,1004,180,0,0,150,0,0,0,0,0,0,0,0,80
AL162022_MARTIN,20221031,1200,,EX,35.0N,61.6W,40,1004,180,0,0,150,0,0,0,0,0,0,0,0,70
AL162022_MARTIN,20221031,1800,,EX,35.0N,60.9W,40,1004,180,0,0,150,0,0,0,0,0,0,0,0,60
AL162022_MARTIN,20221101,0000,,EX,35.1N,59.6W,35,1004,150,40,0,150,0,0,0,0,0,0,0,0,50
AL162022_MARTIN,20221101,0600,,EX,35.2N,57.9W,35,1002,120,40,0,120,0,0,0,0,0,0,0,0,40
AL162022_MARTIN,20221101,1200,,TS,35.3N,56.7W,40,998,90,60,60,90,0,0,0,0,0,0,0,0,30
AL162022_MARTIN,20221101,1800,,TS,35.3N,55.4W,45,993,60,90,90,80,0,0,0,0,0,0,0,0,20
AL162022_MARTIN,20221102,0000,,TS,35.1N,54.2W,50,991,60,90,90,80,0,30,30,0,0,0,0,0,20
AL162022_MARTIN,20221102,0600,,TS,35.0N,53.0W,55,989,80,100,100,90,0,40,40,0,0,0,0,0,30
AL162022_MARTIN,20221102,1200,,HU,35.1N,50.9W,65,983,100,120,100,70,30,60,60,0,0,30,0,0,30
AL162022_MARTIN,20221102,1800,,HU,36.1N,48.9W,75,974,120,150,100,70,40,60,60,30,30,40,30,0,30
AL162022_MARTIN,20221103,0000,,HU,38.0N,46.4W,75,970,180,180,120,90,60,90,60,40,40,50,40,0,30
AL162022_MARTIN,20221103,0600,,HU,40.3N,43.6W,75,965,240,240,210,180,120,120,90,90,40,50,40,20,35
AL162022_MARTIN,20221103,1200,,EX,43.7N,38.8W,75,960,300,300,300,300,180,150,150,150,50,60,50,30,35
AL162022_MARTIN,20221103,1800,,EX,49.0N,35.3W,75,950,360,420,390,390,240,180,180,150,50,60,50,30,40
AL162022_MARTIN,20221104,0000,,EX,52.7N,38.0W,70,947,420,540,450,450,300,240,180,150,50,60,50,30,50
AL162022_MARTIN,20221104,0600,,EX,54.7N,37.7W,65,936,330,600,540,450,210,240,270,150,50,60,50,30,60
AL162022_MARTIN,20221104,1200,,EX,55.8N,37.2W,60,932,270,720,660,450,150,240,360,150,0,0,0,0,60
AL162022_MARTIN,20221104,1800,,EX,56.5N,36.5W,55,939,210,720,660,450,120,240,300,150,0,0,0,0,60
AL172022_NICOLE,20221106,1200,,LO,20.6N,66.8W,30,1005,0,0,0,0,0,0,0,0,0,0,0,0,100
AL172022_NICOLE,20221106,1800,,LO,22.4N,66.8W,35,1005,120,0,0,0,0,0,0,0,0,0,0,0,100
AL172022_NICOLE,20221107,0000,,LO,23.9N,67.5W,35,1005,240,240,0,0,0,0,0,0,0,0,0,0,100
AL172022_NICOLE,20221107,0600,,SS,25.2N,68.2W,40,1004,240,240,0,0,0,0,0,0,0,0,0,0,200
AL172022_NICOLE,20221107,1200,,SS,25.9N,69.3W,40,1002,240,240,0,70,0,0,0,0,0,0,0,0,200
AL172022_NICOLE,20221107,1800,,SS,26.4N,70.3W,40,1001,270,270,0,80,0,0,0,0,0,0,0,0,200
AL172022_NICOLE,20221108,0000,,SS,26.8N,70.7W,40,998,270,270,0,180,0,0,0,0,0,0,0,0,200
AL172022_NICOLE,20221108,0600,,SS,27.5N,71.2W,40,996,240,240,0,330,0,0,0,0,0,0,0,0,200
AL172022_NICOLE,20221108,1200,,SS,27.7N,72.1W,45,993,240,240,0,330,0,0,0,0,0,0,0,0,80
AL172022_NICOLE,20221108,1800,,TS,27.6N,73.3W,50,991,240,240,0,330,0,0,0,60,0,0,0,0,60
AL172022_NICOLE,20221109,0000,,TS,27.2N,74.3W,60,984,300,240,30,330,0,0,0,60,0,0,0,0,60
AL172022_NICOLE,20221109,0600,,TS,26.8N,75.3W,60,986,360,120,60,400,0,0,0,60,0,0,0,0,60
AL172022_NICOLE,20221109,1200,,TS,26.5N,76.2W,55,985,360,120,60,400,20,0,20,50,0,0,0,0,20
AL172022_NICOLE,20221109,1700,L,TS,26.5N,77.1W,60,985,360,120,60,400,20,0,20,50,0,0,0,0,20
AL172022_NICOLE,20221109,1800,,TS,26.5N,77.3W,60,985,420,80,60,390,20,0,20,50,0,0,0,0,20
AL172022_NICOLE,20221109,2300,L,HU,26.6N,78.2W,65,980,420,80,60,390,30,30,20,50,20,20,0,0,20
AL172022_NICOLE,20221110,0000,,HU,26.7N,78.4W,65,980,420,80,60,390,30,30,20,50,20,20,0,0,20
AL172022_NICOLE,20221110,0600,,HU,27.3N,79.8W,65,980,390,90,180,300,80,30,20,80,20,20,0,0,20
AL172022_NICOLE,20221110,0745,L,HU,27.6N,80.3W,65,980,390,90,180,300,80,30,20,80,20,20,0,0,20
AL172022_NICOLE,20221110,1200,,TS,28.0N,81.6W,55,984,330,90,150,200,120,0,0,0,0,0,0,0,110
AL172022_NICOLE,20221110,1800,,TS,29.0N,82.8W,40,989,200,60,100,130,0,0,0,0,0,0,0,0,70
AL172022_NICOLE,20221110,1900,L,TS,29.2N,83.0W,40,989,200,60,100,130,0,0,0,0,0,0,0,0,70
AL172022_NICOLE,20221111,0000,L,TS,30.1N,84.0W,35,992,200,60,100,100,0,0,0,0,0,0,0,0,70
AL172022_NICOLE,20221111,0600,,TD,31.2N,84.6W,30,996,0,0,0,0,0,0,0,0,0,0,0,0,90
AL172022_NICOLE,20221111,1200,,TD,33.2N,84.6W,25,999,0,0,0,0,0,0,0,0,0,0,0,0,250
AL172022_NICOLE,20221111,1800,,LO,35.4N,83.8W,25,1000,0,0,0,0,0,0,0,0,0,0,0,0,400
AL012023_UNNAMED,20230115,0000,,EX,36.4N,71.3W,45,989,0,0,180,180,0,0,0,0,0,0,0,0,80
AL012023_UNNAMED,20230115,0600,,EX,36.8N,70.6W,45,986,30,0,200,200,0,0,0,0,0,0,0,0,70
AL012023_UNNAMED,20230115,1200,,EX,37.2N,69.7W,45,986,30,40,200,200,0,0,0,0,0,0,0,0,60
AL012023_UNNAMED,20230115,1800,,EX,37.4N,68.8W,45,983,30,40,200,200,0,0,0,0,0,0,0,0,50
AL012023_UNNAMED,20230116,0000,,EX,37.5N,68.3W,45,983,60,80,200,200,0,0,0,0,0,0,0,0,50
AL012023_UNNAMED,20230116,0600,,EX,37.3N,67.6W,50,982,80,100,200,200,0,0,40,0,0,0,0,0,40
AL012023_UNNAMED,20230116,1200,,SS,37.1N,66.1W,50,982,120,240,240,120,0,60,60,0,0,0,0,0,40
AL012023_UNNAMED,20230116,1800,,SS,37.6N,63.6W,55,980,120,240,240,120,0,60,60,0,0,0,0,0,30
AL012023_UNNAMED,20230117,0000,,SS,39.8N,61.6W,60,976,180,240,240,120,50,60,60,0,0,0,0,0,30
AL012023_UNNAMED,20230117,0600,,SS,42.4N,60.6W,55,977,150,180,120,60,50,60,40,0,0,0,0,0,30
AL012023_UNNAMED,20230117,1200,,SS,45.5N,60.0W,45,981,120,150,80,50,0,0,0,0,0,0,0,0,40
AL012023_UNNAMED,20230117,1245,L,SS,45.9N,60.0W,45,983,120,150,80,50,0,0,0,0,0,0,0,0,40
AL012023_UNNAMED,20230117,1800,,LO,48.4N,60.2W,40,988,90,90,0,0,0,0,0,0,0,0,0,0,40
AL012023_UNNAMED,20230118,0000,,LO,50.4N,60.2W,35,991,50,50,0,0,0,0,0,0,0,0,0,0,40
AL012023_UNNAMED,20230118,0600,,LO,51.4N,60.2W,30,994,0,0,0,0,0,0,0,0,0,0,0,0,40
AL022023_ARLENE,20230531,1800,,LO,26.4N,85.9W,20,1009,0,0,0,0,0,0,0,0,0,0,0,0,100
AL022023_ARLENE,20230601,0000,,LO,26.7N,85.7W,20,1008,0,0,0,0,0,0,0,0,0,0,0,0,100
AL022023_ARLENE,20230601,0600,,LO,27.2N,85.8W,25,1008,0,0,0,0,0,0,0,0,0,0,0,0,90
AL022023_ARLENE,20230601,1200,,TD,27.7N,86.2W,30,1007,0,0,0,0,0,0,0,0,0,0,0,0,70
AL022023_ARLENE,20230601,1800,,TD,28.0N,86.5W,30,1007,0,0,0,0,0,0,0,0,0,0,0,0,50
AL022023_ARLENE,20230602,0000,,TD,27.7N,86.5W,30,1006,0,0,0,0,0,0,0,0,0,0,0,0,40
AL022023_ARLENE,20230602,0600,,TS,27.3N,86.4W,35,1004,60,0,0,60,0,0,0,0,0,0,0,0,40
AL022023_ARLENE,20230602,1200,,TS,27.0N,86.3W,35,1002,60,0,0,60,0,0,0,0,0,0,0,0,40
AL022023_ARLENE,20230602,1800,,TS,26.7N,86.0W,35,1000,60,0,0,60,0,0,0,0,0,0,0,0,40
AL022023_ARLENE,20230603,0000,,TS,25.9N,85.7W,35,998,0,0,0,60,0,0,0,0,0,0,0,0,50
AL022023_ARLENE,20230603,0600,,TD,25.0N,85.6W,30,999,0,0,0,0,0,0,0,0,0,0,0,0,50
AL022023_ARLENE,20230603,1200,,LO,24.4N,85.3W,25,1000,0,0,0,0,0,0,0,0,0,0,0,0,40
AL022023_ARLENE,20230603,1800,,LO,23.9N,85.0W,25,1001,0,0,0,0,0,0,0,0,0,0,0,0,40
AL022023_ARLENE,20230604,0000,,LO,23.5N,84.1W,25,1002,0,0,0,0,0,0,0,0,0,0,0,0,40
AL022023_ARLENE,20230604,0600,,LO,23.3N,83.0W,25,1002,0,0,0,0,0,0,0,0,0,0,0,0,30
AL032023_BRET,20230619,0600,,TD,10.7N,37.3W,30,1009,0,0,0,0,0,0,0,0,0,0,0,0,60
AL032023_BRET,20230619,1200,,TD,10.9N,39.1W,30,1009,0,0,0,0,0,0,0,0,0,0,0,0,60
AL032023_BRET,20230619,1800,,TS,11.1N,40.9W,35,1008,40,30,0,0,0,0,0,0,0,0,0,0,40
AL032023_BRET,20230620,0000,,TS,11.3N,42.7W,35,1008,40,30,0,40,0,0,0,0,0,0,0,0,40
AL032023_BRET,20230620,0600,,TS,11.5N,44.5W,35,1008,40,30,0,40,0,0,0,0,0,0,0,0,40
AL032023_BRET,20230620,1200,,TS,11.7N,46.3W,35,1008,50,40,0,50,0,0,0,0,0,0,0,0,40
AL032023_BRET,20230620,1800,,TS,12.0N,48.0W,40,1006,50,40,0,50,0,0,0,0,0,0,0,0,30
AL032023_BRET,20230621,0000,,TS,12.4N,49.4W,45,1004,50,40,0,50,0,0,0,0,0,0,0,0,30
AL032023_BRET,20230621,0600,,TS,12.7N,50.7W,50,1001,60,40,0,60,20,0,0,0,0,0,0,0,20
AL032023_BRET,20230621,1200,,TS,13.0N,52.0W,50,1001,70,40,0,70,20,0,0,0,0,0,0,0,20
AL032023_BRET,20230621,1800,,TS,13.3N,53.3W,55,1000,90,40,0,80,30,0,0,20,0,0,0,0,20
AL032023_BRET,20230622,0000,,TS,13.4N,54.6W,55,999,100,40,0,80,30,0,0,20,0,0,0,0,20
AL032023_BRET,20230622,0600,,TS,13.5N,55.9W,60,996,100,40,0,90,30,0,0,20,0,0,0,0,20
AL032023_BRET,20230622,1200,,TS,13.5N,57.3W,60,998,110,60,0,100,40,0,0,40,0,0,0,0,20
AL032023_BRET,20230622,1800,,TS,13.4N,58.8W,55,1000,110,80,0,110,60,0,0,60,0,0,0,0,30
AL032023_BRET,20230623,0000,,TS,13.3N,60.3W,55,1001,110,80,0,110,60,0,0,60,0,0,0,0,30
AL032023_BRET,20230623,0315,L,TS,13.3N,61.2W,55,1001,110,80,0,110,60,0,0,60,0,0,0,0,30
AL032023_BRET,20230623,0600,,TS,13.3N,62.0W,50,1001,110,80,0,110,60,0,0,40,0,0,0,0,30
AL032023_BRET,20230623,1200,,TS,13.2N,63.8W,50,1002,120,80,0,120,60,0,0,0,0,0,0,0,30
AL032023_BRET,20230623,1800,,TS,13.1N,65.6W,45,1003,120,0,0,120,0,0,0,0,0,0,0,0,30
AL032023_BRET,20230624,0000,,TS,13.0N,67.4W,45,1004,90,0,0,90,0,0,0,0,0,0,0,0,30
AL032023_BRET,20230624,0600,,TS,13.0N,69.2W,40,1005,90,0,0,60,0,0,0,0,0,0,0,0,30
AL032023_BRET,20230624,1200,,TS,13.0N,70.9W,40,1007,90,0,0,40,0,0,0,0,0,0,0,0,40
AL042023_CINDY,20230622,0000,,TD,10.4N,39.9W,30,1008,0,0,0,0,0,0,0,0,0,0,0,0,50
AL042023_CINDY,20230622,0600,,TD,10.7N,41.1W,30,1008,0,0,0,0,0,0,0,0,0,0,0,0,50
AL042023_CINDY,20230622,1200,,TD,11.0N,42.3W,30,1008,0,0,0,0,0,0,0,0,0,0,0,0,50
AL042023_CINDY,20230622,1800,,TD,11.3N,43.5W,30,1008,0,0,0,0,0,0,0,0,0,0,0,0,50
AL042023_CINDY,20230623,0000,,TS,11.5N,44.8W,35,1007,50,0,0,40,0,0,0,0,0,0,0,0,40
AL042023_CINDY,20230623,0600,,TS,11.8N,46.1W,40,1006,50,0,0,40,0,0,0,0,0,0,0,0,40
AL042023_CINDY,20230623,1200,,TS,12.2N,47.5W,45,1005,50,0,0,40,0,0,0,0,0,0,0,0,40
AL042023_CINDY,20230623,1800,,TS,12.8N,48.8W,45,1005,50,0,0,40,0,0,0,0,0,0,0,0,40
AL042023_CINDY,20230624,0000,,TS,13.6N,50.0W,45,1005,50,0,0,40,0,0,0,0,0,0,0,0,40
AL042023_CINDY,20230624,0600,,TS,14.6N,51.2W,50,1004,50,0,0,40,30,0,0,0,0,0,0,0,30
AL042023_CINDY,20230624,1200,,TS,15.7N,52.5W,50,1004,50,40,0,40,30,0,0,0,0,0,0,0,30
AL042023_CINDY,20230624,1800,,TS,16.8N,53.9W,50,1005,60,40,0,0,40,0,0,0,0,0,0,0,40
AL042023_CINDY,20230625,0000,,TS,18.2N,55.2W,45,1006,60,40,0,0,0,0,0,0,0,0,0,0,40
AL042023_CINDY,20230625,0600,,TS,19.4N,56.4W,45,1007,60,40,0,0,0,0,0,0,0,0,0,0,40
AL042023_CINDY,20230625,1200,,TS,20.5N,57.6W,40,1009,60,40,0,0,0,0,0,0,0,0,0,0,50
AL042023_CINDY,20230625,1800,,TS,21.6N,58.8W,40,1010,60,0,0,0,0,0,0,0,0,0,0,0,60
AL042023_CINDY,20230626,0000,,TS,22.5N,59.9W,35,1011,60,0,0,0,0,0,0,0,0,0,0,0,60
AL052023_DON,20230711,1200,,LO,36.5N,55.5W,25,1013,0,0,0,0,0,0,0,0,0,0,0,0,180
AL052023_DON,20230711,1800,,LO,36.6N,55.0W,25,1013,0,0,0,0,0,0,0,0,0,0,0,0,180
AL052023_DON,20230712,0000,,LO,36.2N,54.4W,25,1011,0,0,0,0,0,0,0,0,0,0,0,0,180
AL052023_DON,20230712,0600,,LO,35.3N,53.6W,25,1009,0,0,0,0,0,0,0,0,0,0,0,0,180
AL052023_DON,20230712,1200,,LO,34.0N,52.6W,25,1009,0,0,0,0,0,0,0,0,0,0,0,0,180
AL052023_DON,20230712,1800,,LO,32.9N,51.9W,30,1008,0,0,0,0,0,0,0,0,0,0,0,0,180
AL052023_DON,20230713,0000,,LO,32.0N,51.0W,30,1007,0,0,0,0,0,0,0,0,0,0,0,0,180
AL052023_DON,20230713,0600,,LO,31.3N,50.2W,30,1006,0,0,0,0,0,0,0,0,0,0,0,0,180
AL052023_DON,20230713,1200,,LO,31.2N,48.7W,35,1004,0,180,0,0,0,0,0,0,0,0,0,0,150
AL052023_DON,20230713,1800,,LO,31.7N,47.3W,40,1003,120,180,0,0,0,0,0,0,0,0,0,0,90
AL052023_DON,20230714,0000,,SS,32.5N,46.7W,45,1002,120,180,0,0,0,0,0,0,0,0,0,0,60
AL052023_DON,20230714,0600,,SS,32.9N,46.8W,45,1002,120,120,0,0,0,0,0,0,0,0,0,0,50
AL052023_DON,20230714,1200,,SS,33.4N,47.0W,40,1004,150,80,0,0,0,0,0,0,0,0,0,0,40
AL052023_DON,20230714,1800,,SS,33.8N,47.2W,40,1004,150,80,0,0,0,0,0,0,0,0,0,0,30
AL052023_DON,20230715,0000,,SS,34.3N,47.2W,40,1004,150,80,0,0,0,0,0,0,0,0,0,0,30
AL052023_DON,20230715,0600,,SS,35.3N,47.7W,40,1005,150,80,0,0,0,0,0,0,0,0,0,0,30
AL052023_DON,20230715,1200,,SS,36.2N,48.4W,40,1006,150,80,0,0,0,0,0,0,0,0,0,0,30
AL052023_DON,20230715,1800,,SS,37.1N,48.7W,35,1007,150,80,0,0,0,0,0,0,0,0,0,0,30
AL052023_DON,20230716,0000,,SS,37.8N,48.8W,35,1007,150,80,0,0,0,0,0,0,0,0,0,0,40
AL052023_DON,20230716,0600,,SS,38.4N,48.7W,35,1007,100,80,0,0,0,0,0,0,0,0,0,0,50
AL052023_DON,20230716,1200,,SD,38.9N,48.5W,30,1009,0,0,0,0,0,0,0,0,0,0,0,0,60
AL052023_DON,20230716,1800,,SD,39.4N,47.5W,30,1010,0,0,0,0,0,0,0,0,0,0,0,0,60
AL052023_DON,20230717,0000,,SD,39.5N,46.4W,30,1010,0,0,0,0,0,0,0,0,0,0,0,0,60
AL052023_DON,20230717,0600,,TD,39.3N,45.0W,30,1010,0,0,0,0,0,0,0,0,0,0,0,0,60
AL052023_DON,20230717,1200,,TD,38.9N,43.6W,30,1010,0,0,0,0,0,0,0,0,0,0,0,0,60
AL052023_DON,20230717,1800,,TD,38.4N,42.2W,30,1010,0,0,0,0,0,0,0,0,0,0,0,0,60
AL052023_DON,20230718,0000,,TS,37.8N,40.9W,35,1008,90,0,0,0,0,0,0,0,0,0,0,0,60
AL052023_DON,20230718,0600,,TS,36.8N,39.9W,35,1008,90,0,0,0,0,0,0,0,0,0,0,0,60
AL052023_DON,20230718,1200,,TS,36.0N,39.4W,35,1008,90,0,0,0,0,0,0,0,0,0,0,0,60
AL052023_DON,20230718,1800,,TS,35.3N,39.2W,35,1008,60,0,70,0,0,0,0,0,0,0,0,0,60
AL052023_DON,20230719,0000,,TS,34.6N,39.1W,35,1008,40,50,50,0,0,0,0,0,0,0,0,0,50
AL052023_DON,20230719,0600,,TS,34.2N,39.1W,35,1008,40,50,50,0,0,0,0,0,0,0,0,0,50
AL052023_DON,20230719,1200,,TS,33.9N,39.3W,35,1008,40,50,50,0,0,0,0,0,0,0,0,0,50
AL052023_DON,20230719,1800,,TS,33.8N,39.9W,40,1005,50,50,50,0,0,0,0,0,0,0,0,0,40
AL052023_DON,20230720,0000,,TS,33.8N,40.6W,45,1001,60,50,40,50,0,0,0,0,0,0,0,0,30
AL052023_DON,20230720,0600,,TS,34.0N,41.3W,45,1001,60,50,40,50,0,0,0,0,0,0,0,0,20
AL052023_DON,20230720,1200,,TS,34.3N,42.2W,40,1004,60,50,40,50,0,0,0,0,0,0,0,0,20
AL052023_DON,20230720,1800,,TS,34.5N,43.3W,40,1004,50,40,30,50,0,0,0,0,0,0,0,0,20
AL052023_DON,20230721,0000,,TS,34.6N,44.2W,40,1004,50,40,30,50,0,0,0,0,0,0,0,0,20
AL052023_DON,20230721,0600,,TS,35.0N,45.1W,40,1004,50,40,30,50,0,0,0,0,0,0,0,0,20
AL052023_DON,20230721,1200,,TS,35.4N,46.0W,45,1001,50,40,30,50,0,0,0,0,0,0,0,0,20
AL052023_DON,20230721,1800,,TS,36.2N,47.0W,45,1001,50,40,30,40,0,0,0,0,0,0,0,0,20
AL052023_DON,20230722,0000,,TS,36.9N,48.2W,45,1001,50,40,30,40,0,0,0,0,0,0,0,0,20
AL052023_DON,20230722,0600,,TS,37.7N,49.3W,45,1001,50,40,30,40,0,0,0,0,0,0,0,0,20
AL052023_DON,20230722,1200,,TS,38.5N,49.9W,55,995,50,40,30,40,20,0,0,20,0,0,0,0,20
AL052023_DON,20230722,1800,,HU,39.5N,50.1W,65,986,60,50,30,40,30,20,0,20,15,15,0,0,10
AL052023_DON,20230723,0000,,HU,40.7N,49.9W,65,986,60,80,50,40,40,50,0,20,15,15,0,0,10
AL052023_DON,20230723,0600,,TS,42.0N,49.4W,60,989,60,80,50,40,40,50,0,20,0,0,0,0,20
AL052023_DON,20230723,1200,,TS,43.3N,48.5W,55,992,60,80,50,40,40,50,0,20,0,0,0,0,20
AL052023_DON,20230723,1800,,TS,44.7N,47.3W,50,996,60,80,40,30,30,40,0,10,0,0,0,0,20
AL052023_DON,20230724,0000,,TS,45.9N,45.7W,45,1002,50,80,40,0,0,0,0,0,0,0,0,0,30
AL052023_DON,20230724,0600,,LO,46.7N,44.1W,40,1005,40,80,40,0,0,0,0,0,0,0,0,0,30
AL052023_DON,20230724,1200,,LO,47.3N,41.9W,40,1005,40,80,60,0,0,0,0,0,0,0,0,0,30
AL052023_DON,20230724,1800,,LO,47.8N,39.7W,40,1005,0,60,60,0,0,0,0,0,0,0,0,0,30
AL052023_DON,20230725,0000,,LO,48.5N,36.8W,35,1008,0,60,60,0,0,0,0,0,0,0,0,0,30
AL052023_DON,20230725,0600,,LO,49.1N,33.7W,35,1008,0,60,60,0,0,0,0,0,0,0,0,0,30
AL052023_DON,20230725,1200,,LO,49.8N,29.4W,30,1010,0,0,0,0,0,0,0,0,0,0,0,0,30
AL052023_DON,20230725,1800,,EX,50.4N,24.5W,30,1010,0,0,0,0,0,0,0,0,0,0,0,0,30
AL062023_GERT,20230819,0000,,LO,14.7N,46.6W,30,1008,0,0,0,0,0,0,0,0,0,0,0,0,70
AL062023_GERT,20230819,0600,,TD,15.4N,47.8W,30,1007,0,0,0,0,0,0,0,0,0,0,0,0,60
AL062023_GERT,20230819,1200,,TD,16.1N,48.8W,30,1006,0,0,0,0,0,0,0,0,0,0,0,0,40
AL062023_GERT,20230819,1800,,TD,16.6N,49.9W,30,1006,0,0,0,0,0,0,0,0,0,0,0,0,40
AL062023_GERT,20230820,0000,,TD,16.9N,51.1W,30,1006,0,0,0,0,0,0,0,0,0,0,0,0,40
AL062023_GERT,20230820,0600,,TD,16.8N,52.3W,30,1006,0,0,0,0,0,0,0,0,0,0,0,0,40
AL062023_GERT,20230820,1200,,TS,16.7N,53.3W,35,1005,40,0,0,0,0,0,0,0,0,0,0,0,40
AL062023_GERT,20230820,1800,,TS,16.6N,54.2W,35,1005,40,0,0,0,0,0,0,0,0,0,0,0,40
AL062023_GERT,20230821,0000,,TS,16.6N,55.1W,35,1005,60,0,0,0,0,0,0,0,0,0,0,0,40
AL062023_GERT,20230821,0600,,TS,16.6N,55.9W,35,1005,60,0,0,0,0,0,0,0,0,0,0,0,40
AL062023_GERT,20230821,1200,,TD,16.7N,56.6W,30,1006,0,0,0,0,0,0,0,0,0,0,0,0,50
AL062023_GERT,20230821,1800,,TD,16.9N,57.2W,25,1006,0,0,0,0,0,0,0,0,0,0,0,0,50
AL062023_GERT,20230822,0000,,TD,17.0N,57.9W,25,1006,0,0,0,0,0,0,0,0,0,0,0,0,50
AL062023_GERT,20230822,0600,,TD,17.1N,58.7W,25,1007,0,0,0,0,0,0,0,0,0,0,0,0,50
AL062023_GERT,20230822,1200,,LO,17.4N,59.5W,25,1008,0,0,0,0,0,0,0,0,0,0,0,0,50
AL062023_GERT,20230822,1800,,LO,17.7N,60.1W,25,1008,0,0,0,0,0,0,0,0,0,0,0,0,50
AL062023_GERT,20230823,0000,,LO,18.1N,60.2W,25,1008,0,0,0,0,0,0,0,0,0,0,0,0,50
AL062023_GERT,20230823,0600,,LO,18.3N,59.7W,25,1008,0,0,0,0,0,0,0,0,0,0,0,0,50
AL062023_GERT,20230823,1200,,LO,18.5N,59.2W,25,1009,0,0,0,0,0,0,0,0,0,0,0,0,60
AL062023_GERT,20230823,1800,,LO,18.3N,59.0W,25,1009,0,0,0,0,0,0,0,0,0,0,0,0,60
AL062023_GERT,20230824,0000,,LO,18.1N,58.9W,20,1010,0,0,0,0,0,0,0,0,0,0,0,0,60
AL062023_GERT,20230824,0600,,LO,17.7N,58.7W,20,1010,0,0,0,0,0,0,0,0,0,0,0,0,60
AL062023_GERT,20230824,1200,,LO,17.3N,58.5W,20,1010,0,0,0,0,0,0,0,0,0,0,0,0,60
AL062023_GERT,20230824,1800,,LO,16.9N,58.6W,20,1010,0,0,0,0,0,0,0,0,0,0,0,0,60
AL062023_GERT,20230825,0000,,LO,16.5N,58.8W,20,1010,0,0,0,0,0,0,0,0,0,0,0,0,60
AL062023_GERT,20230825,0600,,LO,16.1N,59.1W,20,1010,0,0,0,0,0,0,0,0,0,0,0,0,60
AL062023_GERT,20230825,1200,,LO,16.0N,59.3W,20,1010,0,0,0,0,0,0,0,0,0,0,0,0,60
AL062023_GERT,20230825,1800,,LO,16.0N,59.5W,20,1010,0,0,0,0,0,0,0,0,0,0,0,0,60
AL062023_GERT,20230826,0000,,LO,16.1N,59.7W,20,1010,0,0,0,0,0,0,0,0,0,0,0,0,60
AL062023_GERT,20230826,0600,,LO,16.3N,59.8W,25,1010,0,0,0,0,0,0,0,0,0,0,0,0,60
AL062023_GERT,20230826,1200,,DB,16.9N,59.7W,25,1010,0,0,0,0,0,0,0,0,0,0,0,0,60
AL062023_GERT,20230826,1800,,DB,17.8N,59.5W,25,1010,0,0,0,0,0,0,0,0,0,0,0,0,60
AL062023_GERT,20230827,0000,,DB,18.7N,59.4W,25,1010,0,0,0,0,0,0,0,0,0,0,0,0,60
AL062023_GERT,20230827,0600,,DB,19.4N,59.5W,25,1010,0,0,0,0,0,0,0,0,0,0,0,0,60
AL062023_GERT,20230827,1200,,DB,19.9N,59.6W,25,1010,0,0,0,0,0,0,0,0,0,0,0,0,60
AL062023_GERT,20230827,1800,,DB,20.2N,59.6W,25,1010,0,0,0,0,0,0,0,0,0,0,0,0,60
AL062023_GERT,20230828,0000,,DB,20.5N,59.6W,25,1010,0,0,0,0,0,0,0,0,0,0,0,0,60
AL062023_GERT,20230828,0600,,DB,20.8N,59.4W,25,1010,0,0,0,0,0,0,0,0,0,0,0,0,60
AL062023_GERT,20230828,1200,,DB,21.2N,59.2W,25,1010,0,0,0,0,0,0,0,0,0,0,0,0,60
AL062023_GERT,20230828,1800,,DB,21.6N,59.2W,25,1010,0,0,0,0,0,0,0,0,0,0,0,0,60
AL062023_GERT,20230829,0000,,DB,22.3N,59.4W,25,1011,0,0,0,0,0,0,0,0,0,0,0,0,60
AL062023_GERT,20230829,0600,,DB,23.0N,59.6W,25,1011,0,0,0,0,0,0,0,0,0,0,0,0,60
AL062023_GERT,20230829,1200,,DB,23.8N,59.6W,25,1012,0,0,0,0,0,0,0,0,0,0,0,0,60
AL062023_GERT,20230829,1800,,DB,24.6N,59.6W,25,1012,0,0,0,0,0,0,0,0,0,0,0,0,60
AL062023_GERT,20230830,0000,,DB,25.4N,59.3W,25,1012,0,0,0,0,0,0,0,0,0,0,0,0,60
AL062023_GERT,20230830,0600,,DB,26.2N,59.0W,25,1010,0,0,0,0,0,0,0,0,0,0,0,0,60
AL062023_GERT,20230830,1200,,DB,27.0N,58.7W,25,1010,0,0,0,0,0,0,0,0,0,0,0,0,60
AL062023_GERT,20230830,1800,,DB,27.5N,58.5W,25,1009,0,0,0,0,0,0,0,0,0,0,0,0,60
AL062023_GERT,20230831,0000,,LO,28.0N,58.3W,30,1009,0,0,0,0,0,0,0,0,0,0,0,0,60
AL062023_GERT,20230831,0600,,LO,28.4N,58.1W,30,1008,0,0,0,0,0,0,0,0,0,0,0,0,60
AL062023_GERT,20230831,1200,,LO,28.5N,57.6W,30,1008,0,0,0,0,0,0,0,0,0,0,0,0,50
AL062023_GERT,20230831,1800,,TD,28.6N,57.0W,30,1007,0,0,0,0,0,0,0,0,0,0,0,0,40
AL062023_GERT,20230901,0000,,TD,28.8N,56.4W,30,1006,0,0,0,0,0,0,0,0,0,0,0,0,30
AL062023_GERT,20230901,0600,,TD,28.8N,55.7W,30,1006,0,0,0,0,0,0,0,0,0,0,0,0,30
AL062023_GERT,20230901,1200,,TD,28.4N,55.2W,30,1006,0,0,0,0,0,0,0,0,0,0,0,0,30
AL062023_GERT,20230901,1800,,TS,27.9N,54.8W,35,1005,0,30,30,0,0,0,0,0,0,0,0,0,20
AL062023_GERT,20230902,0000,,TS,27.7N,54.6W,35,1005,0,30,30,0,0,0,0,0,0,0,0,0,20
AL062023_GERT,20230902,0600,,TS,27.6N,54.4W,40,1003,20,40,40,0,0,0,0,0,0,0,0,0,20
AL062023_GERT,20230902,1200,,TS,27.7N,54.1W,45,999,20,50,40,0,0,0,0,0,0,0,0,0,20
AL062023_GERT,20230902,1800,,TS,28.1N,53.8W,45,999,30,50,40,0,0,0,0,0,0,0,0,0,20
AL062023_GERT,20230903,0000,,TS,28.6N,53.5W,50,998,30,50,40,0,0,30,0,0,0,0,0,0,20
AL062023_GERT,20230903,0600,,TS,29.3N,53.0W,50,998,30,50,40,0,0,30,0,0,0,0,0,0,20
AL062023_GERT,20230903,1200,,TS,30.4N,52.4W,50,998,30,50,40,0,0,30,0,0,0,0,0,0,20
AL062023_GERT,20230903,1800,,TS,31.9N,51.6W,45,999,30,50,30,0,0,0,0,0,0,0,0,0,20
AL062023_GERT,20230904,0000,,TS,33.9N,50.9W,45,1000,40,50,30,0,0,0,0,0,0,0,0,0,20
AL062023_GERT,20230904,0600,,TS,36.5N,50.7W,45,1000,40,60,30,0,0,0,0,0,0,0,0,0,20
AL062023_GERT,20230904,1200,,LO,39.4N,50.8W,40,1001,40,60,0,0,0,0,0,0,0,0,0,0,20
AL072023_EMILY,20230818,1200,,LO,15.4N,32.9W,30,1009,0,0,0,0,0,0,0,0,0,0,0,0,100
AL072023_EMILY,20230818,1800,,LO,15.5N,33.9W,30,1008,0,0,0,0,0,0,0,0,0,0,0,0,90
AL072023_EMILY,20230819,0000,,LO,15.6N,34.8W,30,1007,0,0,0,0,0,0,0,0,0,0,0,0,90
AL072023_EMILY,20230819,0600,,LO,15.8N,35.3W,30,1006,0,0,0,0,0,0,0,0,0,0,0,0,90
AL072023_EMILY,20230819,1200,,LO,16.4N,35.7W,30,1006,0,0,0,0,0,0,0,0,0,0,0,0,90
AL072023_EMILY,20230819,1800,,LO,17.2N,36.1W,30,1006,0,0,0,0,0,0,0,0,0,0,0,0,80
AL072023_EMILY,20230820,0000,,TS,18.0N,36.7W,35,1004,100,0,0,80,0,0,0,0,0,0,0,0,70
AL072023_EMILY,20230820,0600,,TS,18.8N,37.5W,40,1001,120,0,0,100,0,0,0,0,0,0,0,0,60
AL072023_EMILY,20230820,1200,,TS,19.4N,38.3W,45,998,150,0,0,120,0,0,0,0,0,0,0,0,50
AL072023_EMILY,20230820,1800,,TS,20.0N,39.0W,45,998,180,0,0,120,0,0,0,0,0,0,0,0,50
AL072023_EMILY,20230821,0000,,TS,20.3N,39.8W,40,1000,180,0,0,120,0,0,0,0,0,0,0,0,50
AL072023_EMILY,20230821,0600,,LO,20.6N,40.6W,35,1003,150,0,0,0,0,0,0,0,0,0,0,0,50
AL072023_EMILY,20230821,1200,,LO,21.0N,41.4W,35,1004,120,0,0,0,0,0,0,0,0,0,0,0,50
AL072023_EMILY,20230821,1800,,LO,21.4N,42.2W,30,1005,0,0,0,0,0,0,0,0,0,0,0,0,50
AL072023_EMILY,20230822,0000,,LO,21.9N,43.1W,30,1006,0,0,0,0,0,0,0,0,0,0,0,0,50
AL072023_EMILY,20230822,0600,,LO,22.5N,44.1W,30,1006,0,0,0,0,0,0,0,0,0,0,0,0,50
AL072023_EMILY,20230822,1200,,LO,23.4N,45.1W,30,1006,0,0,0,0,0,0,0,0,0,0,0,0,60
AL072023_EMILY,20230822,1800,,LO,24.4N,46.1W,30,1006,0,0,0,0,0,0,0,0,0,0,0,0,60
AL072023_EMILY,20230823,0000,,LO,25.3N,47.2W,35,1006,80,0,0,60,0,0,0,0,0,0,0,0,60
AL072023_EMILY,20230823,0600,,LO,26.1N,48.4W,35,1006,80,0,0,60,0,0,0,0,0,0,0,0,60
AL072023_EMILY,20230823,1200,,LO,26.9N,49.2W,35,1006,60,0,0,0,0,0,0,0,0,0,0,0,50
AL072023_EMILY,20230823,1800,,LO,27.8N,49.6W,35,1006,60,0,0,0,0,0,0,0,0,0,0,0,50
AL072023_EMILY,20230824,0000,,LO,28.6N,49.6W,35,1006,60,0,0,0,0,0,0,0,0,0,0,0,50
AL072023_EMILY,20230824,0600,,LO,29.3N,49.2W,35,1006,60,60,0,0,0,0,0,0,0,0,0,0,50
AL072023_EMILY,20230824,1200,,LO,29.8N,48.9W,35,1008,60,60,0,0,0,0,0,0,0,0,0,0,50
AL072023_EMILY,20230824,1800,,LO,30.5N,48.7W,30,1010,0,0,0,0,0,0,0,0,0,0,0,0,50
AL072023_EMILY,20230825,0000,,LO,31.4N,48.6W,30,1010,0,0,0,0,0,0,0,0,0,0,0,0,50
AL072023_EMILY,20230825,0600,,LO,32.4N,48.6W,30,1010,0,0,0,0,0,0,0,0,0,0,0,0,50
AL082023_FRANKLIN,20230819,1800,,LO,12.8N,60.5W,25,1006,0,0,0,0,0,0,0,0,0,0,0,0,90
AL082023_FRANKLIN,20230820,0000,,LO,13.1N,62.1W,25,1006,0,0,0,0,0,0,0,0,0,0,0,0,90
AL082023_FRANKLIN,20230820,0600,,TD,13.5N,63.7W,30,1004,0,0,0,0,0,0,0,0,0,0,0,0,30
AL082023_FRANKLIN,20230820,1200,,TS,14.0N,65.2W,35,1002,30,0,0,30,0,0,0,0,0,0,0,0,30
AL082023_FRANKLIN,20230820,1800,,TS,14.5N,66.6W,40,1001,50,0,0,40,0,0,0,0,0,0,0,0,25
AL082023_FRANKLIN,20230821,0000,,TS,14.8N,67.9W,45,999,50,0,0,40,0,0,0,0,0,0,0,0,25
AL082023_FRANKLIN,20230821,0600,,TS,14.8N,68.8W,45,999,50,0,0,40,0,0,0,0,0,0,0,0,25
AL082023_FRANKLIN,20230821,1200,,TS,14.6N,69.5W,45,999,50,0,0,40,0,0,0,0,0,0,0,0,30
AL082023_FRANKLIN,20230821,1800,,TS,14.1N,70.0W,45,1002,50,60,0,40,0,0,0,0,0,0,0,0,30
AL082023_FRANKLIN,20230822,0000,,TS,14.0N,70.4W,45,1002,50,60,0,40,0,0,0,0,0,0,0,0,40
AL082023_FRANKLIN,20230822,0600,,TS,14.1N,70.9W,40,1002,50,60,0,40,0,0,0,0,0,0,0,0,50
AL082023_FRANKLIN,20230822,1200,,TS,14.8N,71.1W,40,1003,50,60,0,40,0,0,0,0,0,0,0,0,50
AL082023_FRANKLIN,20230822,1800,,TS,15.6N,71.3W,35,1003,90,90,0,0,0,0,0,0,0,0,0,0,70
AL082023_FRANKLIN,20230823,0000,,TS,16.5N,71.4W,35,1003,90,90,0,0,0,0,0,0,0,0,0,0,70
AL082023_FRANKLIN,20230823,0600,,TS,17.3N,71.4W,40,1003,100,100,0,0,0,0,0,0,0,0,0,0,70
AL082023_FRANKLIN,20230823,1000,L,TS,17.9N,71.2W,40,1003,100,100,0,0,0,0,0,0,0,0,0,0,70
AL082023_FRANKLIN,20230823,1200,,TS,18.3N,71.1W,40,1005,90,90,0,0,0,0,0,0,0,0,0,0,70
AL082023_FRANKLIN,20230823,1800,,TS,19.4N,70.8W,35,1004,90,90,0,0,0,0,0,0,0,0,0,0,70
AL082023_FRANKLIN,20230824,0000,,TS,20.6N,70.6W,40,1005,90,60,0,0,0,0,0,0,0,0,0,0,25
AL082023_FRANKLIN,20230824,0600,,TS,21.6N,70.5W,45,1001,90,60,0,0,0,0,0,0,0,0,0,0,25
AL082023_FRANKLIN,20230824,1200,,TS,22.0N,70.0W,50,998,90,100,0,0,0,60,0,0,0,0,0,0,30
AL082023_FRANKLIN,20230824,1800,,TS,22.2N,69.3W,50,1000,90,100,0,30,30,60,0,0,0,0,0,0,40
AL082023_FRANKLIN,20230825,0000,,TS,22.4N,68.5W,50,1000,80,90,0,30,30,40,0,0,0,0,0,0,40
AL082023_FRANKLIN,20230825,0600,,TS,22.2N,68.1W,50,1000,80,90,0,30,30,40,0,0,0,0,0,0,40
AL082023_FRANKLIN,20230825,1200,,TS,21.9N,67.9W,45,1003,80,100,0,30,0,0,0,0,0,0,0,0,40
AL082023_FRANKLIN,20230825,1800,,TS,21.8N,67.3W,45,1003,80,100,0,30,0,0,0,0,0,0,0,0,40
AL082023_FRANKLIN,20230826,0000,,TS,22.2N,66.5W,50,1002,80,100,30,30,30,30,0,0,0,0,0,0,30
AL082023_FRANKLIN,20230826,0600,,TS,22.6N,66.0W,55,992,100,100,30,60,40,30,0,0,0,0,0,0,20
AL082023_FRANKLIN,20230826,1200,,HU,23.2N,66.5W,65,989,120,100,30,70,50,30,0,30,15,0,0,0,15
AL082023_FRANKLIN,20230826,1800,,HU,23.5N,67.3W,70,982,120,100,30,70,50,30,0,30,20,0,0,0,15
AL082023_FRANKLIN,20230827,0000,,HU,23.9N,67.9W,75,977,120,100,50,80,40,30,20,30,20,10,0,0,15
AL082023_FRANKLIN,20230827,0600,,HU,24.4N,68.5W,75,973,120,100,50,80,40,30,20,30,20,10,0,10,10
AL082023_FRANKLIN,20230827,1200,,HU,24.9N,69.1W,80,970,120,100,60,80,40,30,20,30,20,10,0,10,10
AL082023_FRANKLIN,20230827,1800,,HU,25.5N,69.7W,80,967,120,100,70,80,50,30,30,30,20,10,10,10,10
AL082023_FRANKLIN,20230828,0000,,HU,26.0N,70.3W,85,964,120,110,80,80,40,30,30,40,20,20,10,20,10
AL082023_FRANKLIN,20230828,0600,,HU,26.7N,70.6W,100,951,130,110,100,80,50,40,30,40,25,20,10,20,10
AL082023_FRANKLIN,20230828,1200,,HU,27.5N,70.9W,125,937,130,110,110,80,60,40,40,40,30,20,20,20,10
AL082023_FRANKLIN,20230828,1800,,HU,28.2N,71.1W,125,931,130,120,110,80,60,40,40,40,30,25,20,20,10
AL082023_FRANKLIN,20230829,0000,,HU,28.9N,71.1W,130,926,130,120,80,90,70,40,40,40,30,25,20,20,5
AL082023_FRANKLIN,20230829,0600,,HU,29.7N,71.0W,120,935,130,120,80,90,70,40,40,40,30,25,20,20,5
AL082023_FRANKLIN,20230829,1200,,HU,30.3N,70.7W,115,941,130,120,80,90,70,40,40,40,30,25,20,20,20
AL082023_FRANKLIN,20230829,1800,,HU,31.1N,70.2W,110,947,130,120,80,90,70,40,40,40,30,25,20,20,20
AL082023_FRANKLIN,20230830,0000,,HU,31.8N,69.5W,100,953,130,120,80,90,70,40,40,40,30,25,20,20,25
AL082023_FRANKLIN,20230830,0600,,HU,32.6N,68.7W,95,956,130,140,120,80,70,80,70,50,35,40,25,20,30
AL082023_FRANKLIN,20230830,1200,,HU,33.2N,67.8W,95,958,130,140,120,90,70,80,70,50,35,40,25,20,30
AL082023_FRANKLIN,20230830,1800,,HU,33.9N,66.7W,90,960,120,150,130,90,70,80,70,50,35,40,25,20,25
AL082023_FRANKLIN,20230831,0000,,HU,34.4N,65.2W,90,961,120,150,130,90,70,80,70,50,35,40,25,20,25
AL082023_FRANKLIN,20230831,0600,,HU,34.7N,63.9W,85,963,120,150,130,90,70,80,70,50,40,50,35,20,20
AL082023_FRANKLIN,20230831,1200,,HU,35.1N,62.6W,85,964,120,140,140,80,80,80,70,40,40,50,40,20,20
AL082023_FRANKLIN,20230831,1800,,HU,35.6N,61.1W,80,969,120,140,140,80,80,80,70,40,40,50,40,20,30
AL082023_FRANKLIN,20230901,0000,,HU,36.4N,59.7W,75,975,120,140,140,80,80,80,70,40,40,50,40,20,30
AL082023_FRANKLIN,20230901,0600,,HU,37.4N,58.2W,70,978,110,150,130,150,70,80,70,60,40,40,40,30,40
AL082023_FRANKLIN,20230901,1200,,HU,38.2N,56.6W,65,982,100,160,120,220,50,90,80,80,30,30,50,50,50
AL082023_FRANKLIN,20230901,1800,,EX,38.8N,54.6W,70,979,180,200,150,230,50,90,80,80,30,30,50,50,50
AL082023_FRANKLIN,20230902,0000,,EX,39.6N,52.0W,70,979,270,240,180,240,60,100,100,90,0,40,50,50,50
AL082023_FRANKLIN,20230902,0600,,EX,41.2N,48.8W,70,980,270,240,180,240,60,100,100,90,0,40,50,50,50
AL082023_FRANKLIN,20230902,1200,,EX,43.0N,45.9W,65,981,270,240,210,180,90,110,90,90,0,0,60,60,60
AL082023_FRANKLIN,20230902,1800,,EX,44.8N,43.4W,65,982,280,250,200,180,120,120,90,100,0,0,70,70,70
AL082023_FRANKLIN,20230903,0000,,EX,45.8N,41.0W,65,984,280,250,200,200,120,120,120,90,0,90,90,0,80
AL082023_FRANKLIN,20230903,0600,,EX,46.4N,38.7W,60,986,200,250,200,180,60,90,100,100,0,0,0,0,80
AL082023_FRANKLIN,20230903,1200,,EX,47.0N,36.2W,55,988,130,250,220,180,0,60,100,100,0,0,0,0,70
AL082023_FRANKLIN,20230903,1800,,EX,47.7N,33.4W,55,990,130,250,220,180,0,60,100,100,0,0,0,0,40
AL082023_FRANKLIN,20230904,0000,,EX,47.8N,30.8W,50,991,130,180,220,180,0,60,80,0,0,0,0,0,60
AL082023_FRANKLIN,20230904,0600,,EX,47.5N,28.6W,45,993,130,180,200,210,0,0,0,0,0,0,0,0,60
AL082023_FRANKLIN,20230904,1200,,EX,47.1N,27.3W,40,994,0,0,200,240,0,0,0,0,0,0,0,0,80
AL082023_FRANKLIN,20230904,1800,,EX,46.7N,26.8W,40,995,0,0,210,210,0,0,0,0,0,0,0,0,100
AL082023_FRANKLIN,20230905,0000,,EX,46.0N,26.6W,40,995,0,0,210,210,0,0,0,0,0,0,0,0,100
AL082023_FRANKLIN,20230905,0600,,EX,44.6N,26.3W,40,995,0,0,210,150,0,0,0,0,0,0,0,0,100
AL082023_FRANKLIN,20230905,1200,,EX,42.8N,25.4W,40,995,0,0,210,120,0,0,0,0,0,0,0,0,100
AL082023_FRANKLIN,20230905,1800,,EX,41.0N,23.8W,40,995,0,0,180,120,0,0,0,0,0,0,0,0,100
AL082023_FRANKLIN,20230906,0000,,EX,40.1N,21.6W,35,995,0,120,150,0,0,0,0,0,0,0,0,0,100
AL082023_FRANKLIN,20230906,0600,,EX,40.1N,19.4W,35,995,0,120,150,0,0,0,0,0,0,0,0,0,100
AL082023_FRANKLIN,20230906,1200,,EX,41.3N,17.7W,40,993,0,120,150,0,0,0,0,0,0,0,0,0,70
AL082023_FRANKLIN,20230906,1800,,EX,43.3N,16.5W,45,992,60,120,90,0,0,0,0,0,0,0,0,0,50
AL082023_FRANKLIN,20230907,0000,,EX,45.4N,16.0W,50,991,120,90,30,60,30,30,0,0,0,0,0,0,30
AL082023_FRANKLIN,20230907,0600,,EX,46.8N,16.1W,50,991,120,90,30,60,30,30,0,0,0,0,0,0,30
AL082023_FRANKLIN,20230907,1200,,EX,47.7N,16.3W,45,993,120,90,30,60,0,0,0,0,0,0,0,0,30
AL082023_FRANKLIN,20230907,1800,,EX,48.5N,16.5W,40,996,0,80,0,0,0,0,0,0,0,0,0,0,30
AL082023_FRANKLIN,20230908,0000,,EX,48.5N,17.2W,35,998,0,80,0,0,0,0,0,0,0,0,0,0,30
AL082023_FRANKLIN,20230908,0600,,EX,48.3N,17.8W,30,1001,0,0,0,0,0,0,0,0,0,0,0,0,30
AL082023_FRANKLIN,20230908,1200,,EX,47.9N,18.5W,30,1004,0,0,0,0,0,0,0,0,0,0,0,0,30
AL082023_FRANKLIN,20230908,1800,,EX,47.2N,18.9W,30,1006,0,0,0,0,0,0,0,0,0,0,0,0,30
AL082023_FRANKLIN,20230909,0000,,EX,46.3N,19.1W,30,1007,0,0,0,0,0,0,0,0,0,0,0,0,30
AL082023_FRANKLIN,20230909,0600,,EX,45.3N,19.4W,30,1007,0,0,0,0,0,0,0,0,0,0,0,0,30
AL082023_FRANKLIN,20230909,1200,,EX,44.1N,19.8W,25,1008,0,0,0,0,0,0,0,0,0,0,0,0,30
AL082023_FRANKLIN,20230909,1800,,EX,43.1N,20.3W,25,1008,0,0,0,0,0,0,0,0,0,0,0,0,30
AL092023_HAROLD,20230821,1200,,DB,24.7N,89.2W,25,1008,0,0,0,0,0,0,0,0,0,0,0,0,90
AL092023_HAROLD,20230821,1800,,TD,25.0N,90.8W,30,1008,0,0,0,0,0,0,0,0,0,0,0,0,90
AL092023_HAROLD,20230822,0000,,TD,25.4N,92.4W,30,1008,0,0,0,0,0,0,0,0,0,0,0,0,70
AL092023_HAROLD,20230822,0600,,TS,25.8N,94.3W,40,1003,100,30,0,60,0,0,0,0,0,0,0,0,50
AL092023_HAROLD,20230822,1200,,TS,26.8N,96.4W,50,996,100,30,0,60,30,0,0,0,0,0,0,0,30
AL092023_HAROLD,20230822,1500,L,TS,27.1N,97.4W,50,995,100,30,0,60,30,0,0,0,0,0,0,0,30
AL092023_HAROLD,20230822,1800,,TS,27.3N,98.3W,40,997,100,0,0,0,0,0,0,0,0,0,0,0,30
AL092023_HAROLD,20230823,0000,,TD,27.7N,100.1W,30,1002,0,0,0,0,0,0,0,0,0,0,0,0,40
AL092023_HAROLD,20230823,0600,,TD,28.5N,101.7W,25,1007,0,0,0,0,0,0,0,0,0,0,0,0,50
AL092023_HAROLD,20230823,1200,,LO,29.7N,103.3W,20,1011,0,0,0,0,0,0,0,0,0,0,0,0,50
AL102023_IDALIA,20230826,1200,,TD,20.8N,86.1W,25,1006,0,0,0,0,0,0,0,0,0,0,0,0,90
AL102023_IDALIA,20230826,1800,,TD,21.3N,86.2W,25,1006,0,0,0,0,0,0,0,0,0,0,0,0,70
AL102023_IDALIA,20230827,0000,,TD,21.1N,86.4W,30,1004,0,0,0,0,0,0,0,0,0,0,0,0,40
AL102023_IDALIA,20230827,0600,L,TD,20.5N,86.8W,30,1002,0,0,0,0,0,0,0,0,0,0,0,0,20
AL102023_IDALIA,20230827,1200,,TS,19.9N,86.3W,35,999,0,60,0,0,0,0,0,0,0,0,0,0,20
AL102023_IDALIA,20230827,1800,,TS,19.9N,85.8W,40,996,0,60,0,0,0,0,0,0,0,0,0,0,20
AL102023_IDALIA,20230828,0000,,TS,19.8N,85.4W,45,992,40,80,20,0,0,0,0,0,0,0,0,0,20
AL102023_IDALIA,20230828,0600,,TS,19.9N,85.2W,55,989,60,80,20,0,20,20,0,0,0,0,0,0,20
AL102023_IDALIA,20230828,1200,,TS,20.6N,85.2W,55,989,70,100,40,30,30,30,0,0,0,0,0,0,20
AL102023_IDALIA,20230828,1800,,TS,21.2N,85.2W,60,986,80,120,50,50,30,40,20,20,0,0,0,0,20
AL102023_IDALIA,20230829,0000,,TS,21.8N,85.1W,60,984,90,130,50,50,30,40,20,20,0,0,0,0,20
AL102023_IDALIA,20230829,0600,,HU,22.6N,85.0W,65,981,110,140,50,50,40,40,20,20,15,15,0,0,15
AL102023_IDALIA,20230829,1200,,HU,23.8N,84.8W,70,978,120,140,50,60,50,40,20,30,20,15,0,10,15
AL102023_IDALIA,20230829,1800,,HU,25.3N,84.8W,80,973,120,140,50,60,50,40,20,30,20,15,10,10,15
AL102023_IDALIA,20230830,0000,,HU,26.9N,84.7W,90,965,120,140,50,60,50,40,20,30,20,15,10,10,10
AL102023_IDALIA,20230830,0600,,HU,28.3N,84.5W,105,945,120,150,60,60,60,50,30,40,20,20,15,10,10
AL102023_IDALIA,20230830,0900,I,HU,29.1N,84.1W,115,942,130,150,70,60,60,50,30,40,20,20,15,10,10
AL102023_IDALIA,20230830,1145,L,HU,29.9N,83.6W,100,950,130,180,50,60,60,50,30,40,20,20,15,10,10
AL102023_IDALIA,20230830,1200,,HU,30.0N,83.5W,100,954,140,180,50,60,50,50,30,40,20,20,15,10,10
AL102023_IDALIA,20230830,1800,,TS,31.5N,82.5W,60,981,140,180,60,50,40,40,30,30,0,0,0,0,20
AL102023_IDALIA,20230831,0000,,TS,32.7N,80.9W,50,985,140,180,50,50,40,40,0,0,0,0,0,0,40
AL102023_IDALIA,20230831,0600,,TS,33.5N,78.9W,50,990,160,180,70,40,0,50,0,0,0,0,0,0,40
AL102023_IDALIA,20230831,1200,,EX,33.7N,77.0W,55,990,180,180,160,100,0,0,40,40,0,0,0,0,40
AL102023_IDALIA,20230831,1800,,EX,33.6N,74.6W,55,993,200,180,160,180,0,0,60,80,0,0,0,0,40
AL102023_IDALIA,20230901,0000,,EX,33.4N,72.3W,55,996,200,160,180,200,0,0,60,100,0,0,0,0,60
AL102023_IDALIA,20230901,0600,,EX,32.7N,70.5W,50,997,200,160,180,200,0,0,80,100,0,0,0,0,80
AL102023_IDALIA,20230901,1200,,EX,32.3N,68.8W,50,998,200,150,180,200,0,0,0,120,0,0,0,0,100
AL102023_IDALIA,20230901,1800,,EX,32.1N,67.1W,50,999,210,120,180,190,0,0,0,90,0,0,0,0,100
AL102023_IDALIA,20230902,0000,,EX,31.9N,65.7W,50,999,180,150,180,190,0,0,0,90,0,0,0,0,100
AL102023_IDALIA,20230902,0600,,EX,31.8N,64.7W,50,999,180,140,160,190,0,0,0,90,0,0,0,0,80
AL102023_IDALIA,20230902,1200,,EX,31.8N,63.9W,50,998,180,0,120,180,0,0,0,90,0,0,0,0,90
AL102023_IDALIA,20230902,1800,,EX,31.8N,63.1W,50,997,180,0,120,170,0,0,0,80,0,0,0,0,80
AL102023_IDALIA,20230903,0000,,EX,32.0N,62.2W,50,996,180,0,120,170,0,0,0,80,0,0,0,0,80
AL102023_IDALIA,20230903,0600,,EX,32.5N,61.3W,50,994,180,0,120,170,0,0,0,80,0,0,0,0,80
AL102023_IDALIA,20230903,1200,,EX,33.4N,60.5W,50,992,180,0,120,170,0,0,0,80,0,0,0,0,80
AL102023_IDALIA,20230903,1800,,EX,34.9N,59.7W,55,990,180,0,120,170,0,0,0,80,0,0,0,0,80
AL102023_IDALIA,20230904,0000,,EX,36.2N,58.9W,60,988,180,0,120,170,0,0,0,80,0,0,0,0,80
AL102023_IDALIA,20230904,0600,,EX,37.6N,58.0W,60,985,180,0,120,170,0,0,0,80,0,0,0,0,80
AL102023_IDALIA,20230904,1200,,EX,39.2N,57.5W,55,985,210,180,180,240,0,0,90,80,0,0,0,0,90
AL102023_IDALIA,20230904,1800,,EX,40.5N,57.9W,55,986,210,180,180,240,0,0,90,80,0,0,0,0,80
AL102023_IDALIA,20230905,0000,,EX,41.1N,58.7W,50,986,180,220,180,180,0,0,70,0,0,0,0,0,50
AL102023_IDALIA,20230905,0600,,EX,41.6N,59.1W,50,986,180,220,180,180,0,0,70,0,0,0,0,0,50
AL102023_IDALIA,20230905,1200,,EX,42.2N,59.3W,45,986,100,180,200,80,0,0,0,0,0,0,0,0,120
AL102023_IDALIA,20230905,1800,,EX,42.6N,59.8W,40,987,100,180,200,80,0,0,0,0,0,0,0,0,120
AL102023_IDALIA,20230906,0000,,EX,42.6N,60.5W,35,988,50,180,180,60,0,0,0,0,0,0,0,0,120
AL102023_IDALIA,20230906,0600,,EX,42.6N,61.4W,35,991,50,180,180,60,0,0,0,0,0,0,0,0,120
AL102023_IDALIA,20230906,1200,,EX,42.6N,62.0W,35,992,50,180,180,60,0,0,0,0,0,0,0,0,120
AL102023_IDALIA,20230906,1800,,EX,42.6N,62.8W,35,994,50,180,180,60,0,0,0,0,0,0,0,0,120
AL102023_IDALIA,20230907,0000,,EX,42.9N,62.9W,30,996,0,0,0,0,0,0,0,0,0,0,0,0,120
AL102023_IDALIA,20230907,0600,,EX,43.0N,62.1W,30,998,0,0,0,0,0,0,0,0,0,0,0,0,90
AL102023_IDALIA,20230907,1200,,EX,43.2N,61.1W,30,1000,0,0,0,0,0,0,0,0,0,0,0,0,40
AL102023_IDALIA,20230907,1800,,EX,43.6N,60.1W,30,1001,0,0,0,0,0,0,0,0,0,0,0,0,40
AL102023_IDALIA,20230908,0000,,EX,44.3N,59.3W,30,1002,0,0,0,0,0,0,0,0,0,0,0,0,40
AL102023_IDALIA,20230908,0600,,EX,45.2N,58.3W,30,1003,0,0,0,0,0,0,0,0,0,0,0,0,40
AL112023_JOSE,20230829,0000,,TD,27.7N,51.7W,30,1014,0,0,0,0,0,0,0,0,0,0,0,0,30
AL112023_JOSE,20230829,0600,,TD,27.7N,51.5W,30,1013,0,0,0,0,0,0,0,0,0,0,0,0,30
AL112023_JOSE,20230829,1200,,TD,27.9N,51.5W,30,1012,0,0,0,0,0,0,0,0,0,0,0,0,30
AL112023_JOSE,20230829,1800,,TD,28.0N,51.8W,30,1012,0,0,0,0,0,0,0,0,0,0,0,0,30
AL112023_JOSE,20230830,0000,,TD,28.0N,52.1W,30,1011,0,0,0,0,0,0,0,0,0,0,0,0,30
AL112023_JOSE,20230830,0600,,TD,28.1N,52.1W,30,1010,0,0,0,0,0,0,0,0,0,0,0,0,30
AL112023_JOSE,20230830,1200,,TD,28.1N,52.1W,30,1010,0,0,0,0,0,0,0,0,0,0,0,0,30
AL112023_JOSE,20230830,1800,,TD,28.2N,52.1W,30,1010,0,0,0,0,0,0,0,0,0,0,0,0,25
AL112023_JOSE,20230831,0000,,TS,28.3N,52.1W,35,1009,40,20,0,0,0,0,0,0,0,0,0,0,20
AL112023_JOSE,20230831,0600,,TS,28.6N,52.1W,40,1006,40,20,0,0,0,0,0,0,0,0,0,0,15
AL112023_JOSE,20230831,1200,,TS,29.3N,52.1W,45,1004,30,20,0,0,0,0,0,0,0,0,0,0,10
AL112023_JOSE,20230831,1800,,TS,30.4N,52.3W,50,999,30,30,20,20,20,20,0,0,0,0,0,0,5
AL112023_JOSE,20230901,0000,,TS,31.6N,52.5W,55,996,30,30,20,20,20,20,0,0,0,0,0,0,5
AL112023_JOSE,20230901,0600,,TS,32.9N,52.4W,55,996,30,30,20,20,20,20,0,0,0,0,0,0,10
AL112023_JOSE,20230901,1200,,TS,34.9N,51.4W,50,997,40,40,0,0,0,20,0,0,0,0,0,0,20
AL112023_JOSE,20230901,1800,,TS,37.4N,49.8W,50,997,60,60,0,0,0,20,0,0,0,0,0,0,20
AL122023_KATIA,20230830,0000,,LO,14.9N,21.3W,25,1008,0,0,0,0,0,0,0,0,0,0,0,0,90
AL122023_KATIA,20230830,0600,,LO,15.2N,22.4W,25,1007,0,0,0,0,0,0,0,0,0,0,0,0,80
AL122023_KATIA,20230830,1200,,LO,15.4N,23.4W,25,1007,0,0,0,0,0,0,0,0,0,0,0,0,70
AL122023_KATIA,20230830,1800,,LO,15.5N,24.1W,25,1007,0,0,0,0,0,0,0,0,0,0,0,0,60
AL122023_KATIA,20230831,0000,,LO,15.8N,24.8W,25,1007,0,0,0,0,0,0,0,0,0,0,0,0,60
AL122023_KATIA,20230831,0600,,LO,16.1N,25.5W,25,1007,0,0,0,0,0,0,0,0,0,0,0,0,60
AL122023_KATIA,20230831,1200,,LO,16.5N,26.2W,30,1006,0,0,0,0,0,0,0,0,0,0,0,0,60
AL122023_KATIA,20230831,1800,,TD,17.0N,27.0W,30,1006,0,0,0,0,0,0,0,0,0,0,0,0,50
AL122023_KATIA,20230901,0000,,TD,17.7N,27.6W,30,1006,0,0,0,0,0,0,0,0,0,0,0,0,50
AL122023_KATIA,20230901,0600,,TD,18.5N,27.9W,30,1006,0,0,0,0,0,0,0,0,0,0,0,0,50
AL122023_KATIA,20230901,1200,,TD,19.3N,28.1W,30,1006,0,0,0,0,0,0,0,0,0,0,0,0,50
AL122023_KATIA,20230901,1800,,TD,20.2N,28.3W,30,1006,0,0,0,0,0,0,0,0,0,0,0,0,50
AL122023_KATIA,20230902,0000,,TS,21.1N,28.5W,35,1005,40,0,0,0,0,0,0,0,0,0,0,0,40
AL122023_KATIA,20230902,0600,,TS,22.3N,28.8W,40,1004,70,40,0,40,0,0,0,0,0,0,0,0,30
AL122023_KATIA,20230902,1200,,TS,23.5N,29.4W,45,1000,100,70,0,80,0,0,0,0,0,0,0,0,30
AL122023_KATIA,20230902,1800,,TS,24.5N,30.1W,50,998,100,70,0,80,30,0,0,0,0,0,0,0,30
AL122023_KATIA,20230903,0000,,TS,25.3N,30.9W,45,1000,70,50,0,50,0,0,0,0,0,0,0,0,40
AL122023_KATIA,20230903,0600,,TS,26.0N,31.5W,40,1002,60,40,0,40,0,0,0,0,0,0,0,0,40
AL122023_KATIA,20230903,1200,,TS,26.5N,32.0W,35,1006,50,0,0,0,0,0,0,0,0,0,0,0,40
AL122023_KATIA,20230903,1800,,TS,26.9N,32.7W,35,1006,50,0,0,0,0,0,0,0,0,0,0,0,50
AL122023_KATIA,20230904,0000,,TD,27.1N,33.3W,30,1007,0,0,0,0,0,0,0,0,0,0,0,0,50
AL122023_KATIA,20230904,0600,,LO,27.4N,33.6W,30,1008,0,0,0,0,0,0,0,0,0,0,0,0,60
AL122023_KATIA,20230904,1200,,LO,27.7N,34.0W,30,1009,0,0,0,0,0,0,0,0,0,0,0,0,60
AL122023_KATIA,20230904,1800,,LO,27.9N,34.4W,30,1010,0,0,0,0,0,0,0,0,0,0,0,0,60
AL122023_KATIA,20230905,0000,,LO,28.0N,34.5W,25,1010,0,0,0,0,0,0,0,0,0,0,0,0,60
AL122023_KATIA,20230905,0600,,LO,28.2N,34.6W,25,1010,0,0,0,0,0,0,0,0,0,0,0,0,60
AL122023_KATIA,20230905,1200,,LO,28.3N,34.6W,25,1010,0,0,0,0,0,0,0,0,0,0,0,0,60
AL122023_KATIA,20230905,1800,,LO,28.3N,34.2W,25,1010,0,0,0,0,0,0,0,0,0,0,0,0,50
AL122023_KATIA,20230906,0000,,LO,28.0N,33.7W,25,1010,0,0,0,0,0,0,0,0,0,0,0,0,50
AL122023_KATIA,20230906,0600,,LO,27.6N,33.1W,25,1010,0,0,0,0,0,0,0,0,0,0,0,0,50
AL122023_KATIA,20230906,1200,,LO,27.4N,32.2W,25,1011,0,0,0,0,0,0,0,0,0,0,0,0,50
AL122023_KATIA,20230906,1800,,LO,26.7N,31.8W,25,1011,0,0,0,0,0,0,0,0,0,0,0,0,50
AL122023_KATIA,20230907,0000,,LO,26.0N,31.8W,30,1010,0,0,0,0,0,0,0,0,0,0,0,0,50
AL122023_KATIA,20230907,0600,,LO,25.4N,32.2W,30,1010,0,0,0,0,0,0,0,0,0,0,0,0,50
AL122023_KATIA,20230907,1200,,LO,24.6N,32.7W,25,1011,0,0,0,0,0,0,0,0,0,0,0,0,50
AL122023_KATIA,20230907,1800,,LO,24.0N,33.8W,25,1011,0,0,0,0,0,0,0,0,0,0,0,0,50
AL122023_KATIA,20230908,0000,,LO,23.2N,34.8W,25,1011,0,0,0,0,0,0,0,0,0,0,0,0,50
AL122023_KATIA,20230908,0600,,LO,22.3N,36.0W,25,1011,0,0,0,0,0,0,0,0,0,0,0,0,50
AL122023_KATIA,20230908,1200,,LO,21.5N,37.6W,25,1011,0,0,0,0,0,0,0,0,0,0,0,0,50
AL122023_KATIA,20230908,1800,,LO,20.5N,39.2W,25,1011,0,0,0,0,0,0,0,0,0,0,0,0,50
AL122023_KATIA,20230909,0000,,LO,19.6N,40.9W,25,1011,0,0,0,0,0,0,0,0,0,0,0,0,50
AL122023_KATIA,20230909,0600,,LO,18.4N,42.0W,25,1011,0,0,0,0,0,0,0,0,0,0,0,0,50
AL122023_KATIA,20230909,1200,,LO,17.6N,42.9W,25,1011,0,0,0,0,0,0,0,0,0,0,0,0,50
AL122023_KATIA,20230909,1800,,LO,16.8N,43.7W,25,1011,0,0,0,0,0,0,0,0,0,0,0,0,50
AL122023_KATIA,20230910,0000,,LO,16.0N,44.5W,20,1012,0,0,0,0,0,0,0,0,0,0,0,0,40
AL122023_KATIA,20230910,0600,,LO,15.4N,45.5W,20,1012,0,0,0,0,0,0,0,0,0,0,0,0,40
AL122023_KATIA,20230910,1200,,LO,15.0N,46.3W,20,1012,0,0,0,0,0,0,0,0,0,0,0,0,40
AL122023_KATIA,20230910,1800,,LO,14.8N,46.9W,20,1012,0,0,0,0,0,0,0,0,0,0,0,0,40
AL122023_KATIA,20230911,0000,,LO,14.6N,47.4W,20,1012,0,0,0,0,0,0,0,0,0,0,0,0,30
AL122023_KATIA,20230911,0600,,LO,14.5N,47.9W,20,1012,0,0,0,0,0,0,0,0,0,0,0,0,30
AL122023_KATIA,20230911,1200,,LO,14.4N,48.1W,20,1012,0,0,0,0,0,0,0,0,0,0,0,0,30
AL122023_KATIA,20230911,1800,,LO,14.4N,48.3W,20,1012,0,0,0,0,0,0,0,0,0,0,0,0,30
AL122023_KATIA,20230912,0000,,LO,14.4N,48.3W,20,1012,0,0,0,0,0,0,0,0,0,0,0,0,20
AL122023_KATIA,20230912,0600,,LO,14.5N,48.3W,20,1012,0,0,0,0,0,0,0,0,0,0,0,0,20
AL122023_KATIA,20230912,1200,,LO,14.6N,48.2W,20,1012,0,0,0,0,0,0,0,0,0,0,0,0,20
AL122023_KATIA,20230912,1800,,LO,14.7N,48.1W,15,1012,0,0,0,0,0,0,0,0,0,0,0,0,20
AL122023_KATIA,20230913,0000,,LO,14.9N,48.0W,15,1012,0,0,0,0,0,0,0,0,0,0,0,0,20
AL122023_KATIA,20230913,0600,,LO,15.1N,47.8W,15,1012,0,0,0,0,0,0,0,0,0,0,0,0,20
AL122023_KATIA,20230913,1200,,LO,15.0N,47.6W,15,1012,0,0,0,0,0,0,0,0,0,0,0,0,20
AL122023_KATIA,20230913,1800,,LO,14.9N,47.7W,15,1012,0,0,0,0,0,0,0,0,0,0,0,0,20
AL122023_KATIA,20230914,0000,,LO,14.7N,47.8W,15,1012,0,0,0,0,0,0,0,0,0,0,0,0,20
AL122023_KATIA,20230914,0600,,LO,14.5N,48.0W,15,1012,0,0,0,0,0,0,0,0,0,0,0,0,20
AL122023_KATIA,20230914,1200,,LO,14.2N,48.4W,15,1012,0,0,0,0,0,0,0,0,0,0,0,0,20
AL122023_KATIA,20230914,1800,,LO,13.6N,48.8W,15,1012,0,0,0,0,0,0,0,0,0,0,0,0,20
AL122023_KATIA,20230915,0000,,LO,13.0N,49.2W,15,1012,0,0,0,0,0,0,0,0,0,0,0,0,20
AL122023_KATIA,20230915,0600,,LO,12.4N,49.1W,15,1012,0,0,0,0,0,0,0,0,0,0,0,0,20
AL122023_KATIA,20230915,1200,,LO,11.8N,48.8W,15,1012,0,0,0,0,0,0,0,0,0,0,0,0,20
AL132023_LEE,20230905,1200,,TD,12.2N,39.6W,30,1008,0,0,0,0,0,0,0,0,0,0,0,0,100
AL132023_LEE,20230905,1800,,TS,12.9N,41.1W,35,1006,60,0,0,60,0,0,0,0,0,0,0,0,60
AL132023_LEE,20230906,0000,,TS,13.2N,42.5W,45,1003,60,20,0,60,0,0,0,0,0,0,0,0,60
AL132023_LEE,20230906,0600,,TS,13.5N,43.9W,55,997,70,50,30,60,30,0,0,0,0,0,0,0,30
AL132023_LEE,20230906,1200,,TS,14.0N,45.0W,60,994,70,60,40,70,30,20,0,20,0,0,0,0,30
AL132023_LEE,20230906,1800,,HU,14.6N,46.1W,65,991,80,70,50,70,40,30,20,30,15,0,0,0,15
AL132023_LEE,20230907,0000,,HU,15.1N,47.1W,70,989,80,70,50,70,40,30,20,30,15,0,0,0,15
AL132023_LEE,20230907,0600,,HU,15.6N,48.2W,75,986,90,80,50,70,40,30,20,30,15,0,0,15,15
AL132023_LEE,20230907,1200,,HU,16.1N,49.4W,85,980,110,110,50,80,40,30,30,30,25,20,15,20,15
AL132023_LEE,20230907,1800,,HU,16.6N,50.7W,105,961,120,110,50,80,40,30,30,40,30,20,20,20,15
AL132023_LEE,20230908,0000,,HU,17.0N,51.8W,135,933,120,110,50,80,60,40,30,40,40,30,20,30,10
AL132023_LEE,20230908,0600,,HU,17.5N,53.0W,145,926,120,110,50,80,70,60,40,50,40,30,30,30,10
AL132023_LEE,20230908,1200,,HU,17.9N,54.1W,135,940,120,110,60,80,70,60,30,60,30,30,25,30,10
AL132023_LEE,20230908,1800,,HU,18.5N,55.1W,125,941,130,120,60,90,70,50,30,60,30,30,20,30,10
AL132023_LEE,20230909,0000,,HU,19.0N,56.0W,105,958,150,120,70,100,70,50,40,60,25,25,15,25,10
AL132023_LEE,20230909,0600,,HU,19.5N,57.0W,100,963,150,120,70,100,70,50,40,60,25,25,15,25,10
AL132023_LEE,20230909,1200,,HU,20.0N,57.9W,100,954,150,120,70,100,70,50,40,60,30,25,15,25,10
AL132023_LEE,20230909,1800,,HU,20.4N,58.8W,95,958,160,150,80,110,80,70,30,50,35,25,20,25,10
AL132023_LEE,20230910,0000,,HU,20.8N,59.5W,85,960,160,150,80,110,80,70,30,50,35,25,20,30,10
AL132023_LEE,20230910,0600,,HU,21.2N,60.2W,90,960,140,130,80,110,80,60,30,70,35,30,20,35,15
AL132023_LEE,20230910,1200,,HU,21.5N,60.8W,95,956,140,130,80,110,80,60,30,80,35,30,20,35,15
AL132023_LEE,20230910,1800,,HU,21.9N,61.4W,105,954,150,140,100,140,90,70,50,80,50,35,30,45,15
AL132023_LEE,20230911,0000,,HU,22.3N,61.9W,105,950,150,140,100,140,110,80,60,90,65,40,40,55,15
AL132023_LEE,20230911,0600,,HU,22.8N,62.5W,105,950,160,150,110,150,110,90,70,90,65,45,40,55,15
AL132023_LEE,20230911,1200,,HU,23.2N,63.2W,105,948,160,150,110,150,110,90,70,90,65,45,40,55,15
AL132023_LEE,20230911,1800,,HU,23.5N,63.9W,100,948,160,150,110,150,110,90,70,90,65,50,45,60,15
AL132023_LEE,20230912,0000,,HU,23.7N,64.5W,100,948,160,150,120,150,110,90,80,100,70,60,50,60,25
AL132023_LEE,20230912,0600,,HU,23.9N,65.1W,100,948,160,150,120,150,120,90,80,100,70,60,50,60,25
AL132023_LEE,20230912,1200,,HU,24.1N,65.7W,100,948,180,170,140,160,120,110,80,120,80,60,50,60,30
AL132023_LEE,20230912,1800,,HU,24.5N,66.2W,100,946,210,200,150,170,150,130,90,120,90,90,60,70,30
AL132023_LEE,20230913,0000,,HU,24.9N,66.6W,100,946,210,200,150,170,150,130,90,120,110,100,60,70,30
AL132023_LEE,20230913,0600,,HU,25.3N,66.9W,100,948,210,210,160,170,130,120,90,110,110,100,60,70,30
AL132023_LEE,20230913,1200,,HU,26.0N,67.2W,95,950,210,210,160,170,130,120,90,110,100,90,60,70,40
AL132023_LEE,20230913,1800,,HU,26.8N,67.6W,90,951,230,230,170,180,140,130,100,120,100,90,80,70,50
AL132023_LEE,20230914,0000,,HU,27.6N,67.8W,90,951,230,230,170,180,140,130,120,130,90,80,80,70,50
AL132023_LEE,20230914,0600,,HU,28.5N,68.0W,85,953,250,250,170,190,140,130,110,120,90,80,70,70,50
AL132023_LEE,20230914,1200,,HU,29.8N,68.2W,80,955,270,250,170,190,140,130,110,120,80,80,70,70,50
AL132023_LEE,20230914,1800,,HU,31.1N,68.3W,75,955,270,270,200,210,170,170,120,120,90,80,70,80,60
AL132023_LEE,20230915,0000,,HU,32.1N,67.8W,75,955,270,270,200,210,160,170,110,150,90,80,70,80,60
AL132023_LEE,20230915,0600,,HU,33.6N,67.6W,75,957,280,280,200,220,160,170,110,150,90,80,70,80,60
AL132023_LEE,20230915,1200,,HU,35.1N,67.1W,75,962,280,280,200,220,160,170,110,150,90,80,70,80,60
AL132023_LEE,20230915,1800,,HU,37.1N,66.7W,75,962,270,270,240,300,160,170,120,150,90,80,70,100,75
AL132023_LEE,20230916,0000,,HU,38.7N,65.9W,75,963,300,300,250,300,180,180,150,180,90,120,110,100,90
AL132023_LEE,20230916,0600,,EX,40.9N,66.0W,70,965,300,300,250,270,180,180,160,180,0,120,110,0,100
AL132023_LEE,20230916,1200,,EX,42.7N,66.3W,65,965,220,280,200,140,130,150,0,80,0,100,0,0,100
AL132023_LEE,20230916,1800,,EX,43.8N,66.4W,55,968,220,280,200,140,130,150,0,80,0,0,0,0,100
AL132023_LEE,20230916,2000,L,EX,44.3N,66.3W,55,970,220,280,200,140,130,150,0,80,0,0,0,0,100
AL132023_LEE,20230917,0000,,EX,44.7N,66.2W,55,979,220,280,170,100,60,100,0,60,0,0,0,0,100
AL132023_LEE,20230917,0600,,EX,45.9N,64.8W,50,986,210,250,150,0,0,120,0,0,0,0,0,0,120
AL132023_LEE,20230917,1200,,EX,47.3N,63.0W,40,989,210,250,150,0,0,0,0,0,0,0,0,0,120
AL132023_LEE,20230917,1800,,EX,48.6N,60.1W,40,989,210,250,150,0,0,0,0,0,0,0,0,0,120
AL132023_LEE,20230918,0000,,EX,50.7N,57.9W,35,994,230,240,210,0,0,0,0,0,0,0,0,0,120
AL132023_LEE,20230918,0600,,EX,51.7N,53.2W,35,994,230,240,180,130,0,0,0,0,0,0,0,0,120
AL132023_LEE,20230918,1200,,EX,52.6N,48.6W,40,993,230,240,180,130,0,0,0,0,0,0,0,0,120
AL132023_LEE,20230918,1800,,EX,53.0N,42.0W,40,993,230,240,180,130,0,0,0,0,0,0,0,0,120
AL142023_MARGOT,20230907,1200,,TD,15.5N,26.0W,30,1006,0,0,0,0,0,0,0,0,0,0,0,0,20
AL142023_MARGOT,20230907,1800,,TS,16.0N,27.3W,35,1005,20,0,0,20,0,0,0,0,0,0,0,0,20
AL142023_MARGOT,20230908,0000,,TS,16.5N,28.6W,35,1005,20,0,0,20,0,0,0,0,0,0,0,0,20
AL142023_MARGOT,20230908,0600,,TS,17.1N,30.1W,35,1005,20,0,0,20,0,0,0,0,0,0,0,0,20
AL142023_MARGOT,20230908,1200,,TS,17.8N,31.8W,35,1005,20,0,0,20,0,0,0,0,0,0,0,0,20
AL142023_MARGOT,20230908,1800,,TS,18.5N,33.6W,35,1005,30,0,0,20,0,0,0,0,0,0,0,0,20
AL142023_MARGOT,20230909,0000,,TS,19.1N,35.1W,35,1005,30,0,0,20,0,0,0,0,0,0,0,0,20
AL142023_MARGOT,20230909,0600,,TS,19.7N,36.4W,40,1004,40,0,0,20,0,0,0,0,0,0,0,0,20
AL142023_MARGOT,20230909,1200,,TS,20.2N,37.5W,40,1004,50,0,0,30,0,0,0,0,0,0,0,0,20
AL142023_MARGOT,20230909,1800,,TS,20.7N,38.3W,40,1004,60,0,0,40,0,0,0,0,0,0,0,0,20
AL142023_MARGOT,20230910,0000,,TS,21.2N,38.9W,45,1003,70,50,0,50,0,0,0,0,0,0,0,0,20
AL142023_MARGOT,20230910,0600,,TS,21.8N,39.4W,45,1002,70,50,0,60,0,0,0,0,0,0,0,0,20
AL142023_MARGOT,20230910,1200,,TS,22.5N,39.8W,45,1000,70,50,0,70,0,0,0,0,0,0,0,0,20
AL142023_MARGOT,20230910,1800,,TS,23.3N,40.0W,50,998,90,60,20,80,20,0,0,20,0,0,0,0,20
AL142023_MARGOT,20230911,0000,,TS,24.0N,40.0W,55,996,110,70,40,90,20,0,0,20,0,0,0,0,20
AL142023_MARGOT,20230911,0600,,TS,24.7N,40.0W,55,993,130,80,60,100,20,0,0,20,0,0,0,0,15
AL142023_MARGOT,20230911,1200,,TS,25.5N,40.0W,60,990,150,90,70,110,30,20,20,20,0,0,0,0,15
AL142023_MARGOT,20230911,1800,,HU,26.4N,39.9W,65,986,170,100,80,120,40,30,30,30,15,15,0,15,15
AL142023_MARGOT,20230912,0000,,HU,27.5N,39.6W,70,981,190,110,90,130,50,40,40,40,15,15,0,15,15
AL142023_MARGOT,20230912,0600,,HU,28.6N,39.4W,75,977,210,130,100,140,60,60,50,50,20,20,10,20,10
AL142023_MARGOT,20230912,1200,,HU,29.8N,39.3W,75,974,230,150,120,160,60,80,60,60,30,30,20,30,10
AL142023_MARGOT,20230912,1800,,HU,31.0N,39.4W,75,972,220,180,130,170,80,80,60,70,40,40,30,40,10
AL142023_MARGOT,20230913,0000,,HU,32.1N,39.6W,75,970,200,200,140,180,90,80,60,80,50,40,30,50,10
AL142023_MARGOT,20230913,0600,,HU,33.0N,39.9W,80,969,200,200,140,180,90,80,60,80,60,40,20,50,10
AL142023_MARGOT,20230913,1200,,HU,33.7N,40.3W,80,969,200,200,140,180,90,80,60,80,60,50,10,50,10
AL142023_MARGOT,20230913,1800,,HU,34.4N,40.6W,75,970,200,200,140,180,90,80,60,80,60,60,10,50,10
AL142023_MARGOT,20230914,0000,,HU,35.1N,40.7W,75,972,190,200,140,170,90,80,60,80,60,60,10,50,10
AL142023_MARGOT,20230914,0600,,HU,35.8N,40.5W,70,974,180,200,140,170,100,90,60,90,60,60,0,60,50
AL142023_MARGOT,20230914,1200,,HU,36.3N,40.1W,70,976,180,200,140,170,110,90,70,100,60,60,0,60,60
AL142023_MARGOT,20230914,1800,,HU,36.6N,39.6W,70,978,190,190,140,180,100,90,70,100,60,0,0,60,60
AL142023_MARGOT,20230915,0000,,HU,36.7N,39.1W,65,980,200,180,140,190,100,90,70,100,60,0,0,60,60
AL142023_MARGOT,20230915,0600,,TS,36.7N,38.6W,60,982,220,170,140,200,100,90,70,100,0,0,0,0,60
AL142023_MARGOT,20230915,1200,,TS,36.5N,38.1W,55,984,240,160,140,210,90,90,0,90,0,0,0,0,60
AL142023_MARGOT,20230915,1800,,TS,36.1N,37.8W,55,986,260,150,140,220,90,90,0,90,0,0,0,0,60
AL142023_MARGOT,20230916,0000,,TS,35.7N,37.8W,55,988,280,140,140,220,80,0,0,80,0,0,0,0,60
AL142023_MARGOT,20230916,0600,,TS,35.2N,38.0W,55,990,260,120,130,210,80,0,0,80,0,0,0,0,70
AL142023_MARGOT,20230916,1200,,TS,34.7N,38.5W,50,993,240,110,110,200,80,0,0,80,0,0,0,0,80
AL142023_MARGOT,20230916,1800,,TS,34.3N,39.2W,45,996,220,100,90,190,0,0,0,0,0,0,0,0,80
AL142023_MARGOT,20230917,0000,,LO,34.0N,40.1W,40,999,160,90,70,160,0,0,0,0,0,0,0,0,80
AL142023_MARGOT,20230917,0600,,LO,34.0N,41.1W,35,1001,120,90,0,120,0,0,0,0,0,0,0,0,80
AL142023_MARGOT,20230917,1200,,LO,34.3N,42.0W,35,1003,90,90,0,60,0,0,0,0,0,0,0,0,80
AL142023_MARGOT,20230917,1800,,LO,34.7N,43.0W,35,1005,90,90,0,60,0,0,0,0,0,0,0,0,80
AL142023_MARGOT,20230918,0000,,LO,35.3N,43.6W,30,1006,0,0,0,0,0,0,0,0,0,0,0,0,80
AL142023_MARGOT,20230918,0600,,LO,36.0N,43.8W,30,1007,0,0,0,0,0,0,0,0,0,0,0,0,80
AL142023_MARGOT,20230918,1200,,LO,36.8N,43.6W,30,1008,0,0,0,0,0,0,0,0,0,0,0,0,80
AL142023_MARGOT,20230918,1800,,LO,37.8N,42.7W,30,1009,0,0,0,0,0,0,0,0,0,0,0,0,80
AL152023_NIGEL,20230915,0600,,TD,13.6N,42.2W,30,1007,0,0,0,0,0,0,0,0,0,0,0,0,70
AL152023_NIGEL,20230915,1200,,TD,14.3N,43.2W,30,1007,0,0,0,0,0,0,0,0,0,0,0,0,70
AL152023_NIGEL,20230915,1800,,TD,15.2N,44.0W,30,1007,0,0,0,0,0,0,0,0,0,0,0,0,80
AL152023_NIGEL,20230916,0000,,TD,16.1N,44.8W,30,1007,0,0,0,0,0,0,0,0,0,0,0,0,80
AL152023_NIGEL,20230916,0600,,TD,17.4N,45.4W,30,1007,0,0,0,0,0,0,0,0,0,0,0,0,100
AL152023_NIGEL,20230916,1200,,TD,18.7N,46.0W,30,1006,0,0,0,0,0,0,0,0,0,0,0,0,100
AL152023_NIGEL,20230916,1800,,TD,20.1N,46.7W,30,1006,0,0,0,0,0,0,0,0,0,0,0,0,100
AL152023_NIGEL,20230917,0000,,TS,21.4N,47.6W,35,1005,80,0,0,60,0,0,0,0,0,0,0,0,80
AL152023_NIGEL,20230917,0600,,TS,22.5N,48.3W,45,1001,120,60,40,90,0,0,0,0,0,0,0,0,40
AL152023_NIGEL,20230917,1200,,TS,23.5N,48.8W,50,997,120,60,40,90,40,30,0,0,0,0,0,0,40
AL152023_NIGEL,20230917,1800,,TS,24.5N,49.4W,55,994,120,60,40,90,40,30,0,0,0,0,0,0,40
AL152023_NIGEL,20230918,0000,,TS,25.3N,50.0W,60,992,130,90,50,110,40,30,0,40,0,0,0,0,30
AL152023_NIGEL,20230918,0600,,HU,26.0N,50.6W,65,987,140,90,50,120,50,40,20,40,20,20,0,0,20
AL152023_NIGEL,20230918,1200,,HU,26.8N,51.1W,65,987,140,110,50,120,50,40,20,40,20,20,0,0,20
AL152023_NIGEL,20230918,1800,,HU,27.5N,51.7W,70,982,140,120,80,130,50,50,30,50,20,20,0,0,20
AL152023_NIGEL,20230919,0000,,HU,28.2N,52.4W,75,979,150,120,80,130,80,60,50,70,40,40,30,40,30
AL152023_NIGEL,20230919,0600,,HU,29.0N,53.2W,75,979,150,120,80,130,80,60,50,70,40,40,30,40,30
AL152023_NIGEL,20230919,1200,,HU,29.9N,54.0W,80,975,150,120,80,130,80,60,50,70,40,40,30,40,30
AL152023_NIGEL,20230919,1800,,HU,31.1N,54.7W,85,972,150,140,100,130,90,80,60,70,50,40,35,40,30
AL152023_NIGEL,20230920,0000,,HU,32.4N,55.0W,85,971,150,140,100,130,90,80,60,70,50,40,35,40,30
AL152023_NIGEL,20230920,0600,,HU,33.7N,55.2W,85,971,140,130,100,130,90,80,60,70,50,40,35,40,30
AL152023_NIGEL,20230920,1200,,HU,35.2N,54.7W,80,972,140,130,100,130,90,80,60,70,50,40,35,40,30
AL152023_NIGEL,20230920,1800,,HU,36.7N,53.6W,80,972,140,130,100,130,90,80,60,70,50,40,35,40,30
AL152023_NIGEL,20230921,0000,,HU,38.3N,51.6W,80,973,140,130,100,130,90,80,60,70,50,40,35,40,30
AL152023_NIGEL,20230921,0600,,HU,40.0N,49.2W,75,975,130,130,110,130,80,80,60,70,50,40,30,40,30
AL152023_NIGEL,20230921,1200,,HU,41.3N,46.3W,75,975,130,150,110,130,80,80,60,70,50,40,30,40,30
AL152023_NIGEL,20230921,1800,,HU,42.8N,42.8W,70,975,160,180,180,110,100,110,80,60,60,60,40,30,40
AL152023_NIGEL,20230922,0000,,HU,44.3N,38.7W,65,975,180,200,180,110,100,110,80,60,60,60,40,30,40
AL152023_NIGEL,20230922,0600,,EX,45.4N,34.3W,60,974,180,200,190,110,90,110,80,60,0,0,0,0,40
AL152023_NIGEL,20230922,1200,,EX,47.2N,30.2W,55,972,180,200,190,100,90,110,80,40,0,0,0,0,40
AL152023_NIGEL,20230922,1800,,EX,48.9N,26.8W,55,971,100,200,190,0,30,70,80,0,0,0,0,0,40
AL152023_NIGEL,20230923,0000,,EX,50.9N,24.0W,55,969,100,200,190,0,30,70,80,0,0,0,0,0,40
AL152023_NIGEL,20230923,0600,,EX,53.3N,22.2W,55,967,270,330,180,100,120,0,0,0,0,0,0,0,40
AL152023_NIGEL,20230923,1200,,EX,55.6N,22.7W,55,964,330,480,120,150,120,0,0,0,0,0,0,0,40
AL152023_NIGEL,20230923,1800,,EX,57.7N,23.2W,55,961,360,120,120,210,60,0,0,0,0,0,0,0,40
AL152023_NIGEL,20230924,0000,,EX,58.3N,25.6W,50,958,420,120,150,270,0,0,0,120,0,0,0,0,40
AL152023_NIGEL,20230924,0600,,EX,57.4N,27.4W,50,958,420,120,150,270,0,0,0,120,0,0,0,0,50
AL152023_NIGEL,20230924,1200,,EX,56.1N,26.7W,45,961,570,510,420,420,0,0,0,0,0,0,0,0,50
AL152023_NIGEL,20230924,1800,,EX,56.4N,23.5W,45,964,540,390,360,480,0,0,0,0,0,0,0,0,50
AL152023_NIGEL,20230925,0000,,EX,58.0N,20.9W,40,969,420,360,420,540,0,0,0,0,0,0,0,0,50
AL152023_NIGEL,20230925,0600,,EX,60.1N,18.6W,40,971,420,360,420,540,0,0,0,0,0,0,0,0,50
AL152023_NIGEL,20230925,1200,,EX,61.0N,18.5W,40,972,420,360,420,540,0,0,0,0,0,0,0,0,50
AL152023_NIGEL,20230925,1800,,EX,61.5N,19.4W,40,974,420,360,420,540,0,0,0,0,0,0,0,0,50
AL152023_NIGEL,20230926,0000,,EX,61.5N,20.9W,40,976,420,360,420,540,0,0,0,0,0,0,0,0,50
AL152023_NIGEL,20230926,0600,,EX,61.5N,22.5W,40,977,420,360,420,540,0,0,0,0,0,0,0,0,50
AL152023_NIGEL,20230926,1200,,EX,61.5N,23.3W,40,977,420,360,420,540,0,0,0,0,0,0,0,0,50
AL162023_OPHELIA,20230921,1200,,EX,28.5N,76.0W,30,1012,0,0,0,0,0,0,0,0,0,0,0,0,150
AL162023_OPHELIA,20230921,1800,,EX,29.0N,75.6W,30,1012,0,0,0,0,0,0,0,0,0,0,0,0,150
AL162023_OPHELIA,20230922,0000,,EX,29.5N,75.3W,35,1008,210,0,0,180,0,0,0,0,0,0,0,0,120
AL162023_OPHELIA,20230922,0600,,EX,30.3N,75.1W,40,1002,210,0,0,180,0,0,0,0,0,0,0,0,100
AL162023_OPHELIA,20230922,1200,,EX,31.6N,75.5W,50,996,240,0,60,180,0,0,0,90,0,0,0,0,90
AL162023_OPHELIA,20230922,1800,,TS,32.7N,76.1W,60,989,270,70,70,160,0,0,40,80,0,0,0,0,60
AL162023_OPHELIA,20230923,0000,,TS,33.3N,76.6W,60,983,270,90,120,120,0,0,60,60,0,0,0,0,40
AL162023_OPHELIA,20230923,0600,,TS,33.8N,77.1W,60,981,270,90,120,90,40,40,50,60,0,0,0,0,30
AL162023_OPHELIA,20230923,1015,L,TS,34.7N,77.1W,60,981,270,120,90,80,40,40,50,60,0,0,0,0,30
AL162023_OPHELIA,20230923,1200,,TS,35.1N,77.1W,50,982,270,120,80,60,40,40,0,40,0,0,0,0,40
AL162023_OPHELIA,20230923,1800,,TS,36.3N,77.5W,40,997,270,120,0,40,0,0,0,0,0,0,0,0,100
AL162023_OPHELIA,20230924,0000,,EX,36.8N,77.6W,30,1002,0,0,0,0,0,0,0,0,0,0,0,0,150
AL162023_OPHELIA,20230924,0600,,EX,37.2N,77.6W,25,1006,0,0,0,0,0,0,0,0,0,0,0,0,150
AL162023_OPHELIA,20230924,1200,,EX,37.9N,77.4W,20,1009,0,0,0,0,0,0,0,0,0,0,0,0,200
AL162023_OPHELIA,20230924,1800,,EX,38.9N,76.9W,20,1010,0,0,0,0,0,0,0,0,0,0,0,0,200
AL172023_PHILIPPE,20230923,0600,,TD,15.5N,36.6W,30,1007,0,0,0,0,0,0,0,0,0,0,0,0,70
AL172023_PHILIPPE,20230923,1200,,TD,15.6N,38.0W,30,1007,0,0,0,0,0,0,0,0,0,0,0,0,70
AL172023_PHILIPPE,20230923,1800,,TS,15.7N,39.1W,35,1005,100,0,0,0,0,0,0,0,0,0,0,0,60
AL172023_PHILIPPE,20230924,0000,,TS,15.8N,39.8W,40,1003,100,0,0,0,0,0,0,0,0,0,0,0,50
AL172023_PHILIPPE,20230924,0600,,TS,16.0N,40.5W,45,1001,100,60,0,0,0,0,0,0,0,0,0,0,50
AL172023_PHILIPPE,20230924,1200,,TS,16.3N,41.3W,45,1000,100,80,0,80,0,0,0,0,0,0,0,0,40
AL172023_PHILIPPE,20230924,1800,,TS,16.6N,42.0W,45,1000,100,80,0,80,0,0,0,0,0,0,0,0,40
AL172023_PHILIPPE,20230925,0000,,TS,16.9N,42.9W,45,1000,100,70,0,70,0,0,0,0,0,0,0,0,40
AL172023_PHILIPPE,20230925,0600,,TS,17.1N,43.8W,50,998,100,70,0,70,30,0,0,0,0,0,0,0,30
AL172023_PHILIPPE,20230925,1200,,TS,17.1N,44.8W,50,998,100,70,0,70,30,0,0,0,0,0,0,0,30
AL172023_PHILIPPE,20230925,1800,,TS,17.1N,46.2W,45,1000,110,100,0,50,0,0,0,0,0,0,0,0,40
AL172023_PHILIPPE,20230926,0000,,TS,17.4N,47.3W,45,1001,130,150,0,50,0,0,0,0,0,0,0,0,50
AL172023_PHILIPPE,20230926,0600,,TS,17.5N,48.5W,45,1001,140,150,0,50,0,0,0,0,0,0,0,0,50
AL172023_PHILIPPE,20230926,1200,,TS,17.4N,49.7W,40,1003,150,150,0,0,0,0,0,0,0,0,0,0,60
AL172023_PHILIPPE,20230926,1800,,TS,17.1N,50.8W,40,1003,170,160,0,0,0,0,0,0,0,0,0,0,70
AL172023_PHILIPPE,20230927,0000,,TS,17.2N,51.6W,40,1003,190,170,0,0,0,0,0,0,0,0,0,0,80
AL172023_PHILIPPE,20230927,0600,,TS,17.4N,52.3W,40,1003,170,170,0,0,0,0,0,0,0,0,0,0,80
AL172023_PHILIPPE,20230927,1200,,TS,17.5N,53.0W,45,1000,150,130,0,0,0,0,0,0,0,0,0,0,80
AL172023_PHILIPPE,20230927,1800,,TS,17.8N,53.7W,45,1000,140,130,0,0,0,0,0,0,0,0,0,0,80
AL172023_PHILIPPE,20230928,0000,,TS,18.1N,54.3W,40,1002,130,130,0,0,0,0,0,0,0,0,0,0,90
AL172023_PHILIPPE,20230928,0600,,TS,18.5N,54.5W,40,1002,120,120,0,0,0,0,0,0,0,0,0,0,90
AL172023_PHILIPPE,20230928,1200,,TS,18.7N,54.7W,40,1002,120,120,0,0,0,0,0,0,0,0,0,0,90
AL172023_PHILIPPE,20230928,1800,,TS,18.6N,54.8W,40,1002,110,110,0,0,0,0,0,0,0,0,0,0,90
AL172023_PHILIPPE,20230929,0000,,TS,18.5N,54.9W,40,1002,110,110,0,0,0,0,0,0,0,0,0,0,80
AL172023_PHILIPPE,20230929,0600,,TS,18.4N,55.0W,40,1002,100,110,0,0,0,0,0,0,0,0,0,0,80
AL172023_PHILIPPE,20230929,1200,,TS,18.2N,55.3W,45,1002,100,110,0,0,0,0,0,0,0,0,0,0,80
AL172023_PHILIPPE,20230929,1800,,TS,18.0N,55.6W,45,1002,90,120,0,0,0,0,0,0,0,0,0,0,80
AL172023_PHILIPPE,20230930,0000,,TS,17.6N,55.7W,45,1001,90,120,0,0,0,0,0,0,0,0,0,0,80
AL172023_PHILIPPE,20230930,0600,,TS,17.2N,55.8W,45,999,90,120,0,70,0,0,0,0,0,0,0,0,80
AL172023_PHILIPPE,20230930,1200,,TS,16.8N,56.0W,45,999,100,120,0,70,0,0,0,0,0,0,0,0,80
AL172023_PHILIPPE,20230930,1800,,TS,16.4N,56.3W,50,998,110,130,0,80,0,70,0,0,0,0,0,0,70
AL172023_PHILIPPE,20231001,0000,,TS,16.1N,56.7W,50,998,100,130,0,80,0,70,0,0,0,0,0,0,70
AL172023_PHILIPPE,20231001,0600,,TS,16.0N,57.5W,50,999,100,140,0,60,0,70,0,0,0,0,0,0,70
AL172023_PHILIPPE,20231001,1200,,TS,16.0N,58.4W,45,1001,100,140,0,0,0,0,0,0,0,0,0,0,70
AL172023_PHILIPPE,20231001,1800,,TS,16.2N,58.8W,45,1001,100,150,0,0,0,0,0,0,0,0,0,0,70
AL172023_PHILIPPE,20231002,0000,,TS,16.5N,59.0W,45,999,100,150,0,0,0,0,0,0,0,0,0,0,70
AL172023_PHILIPPE,20231002,0600,,TS,16.8N,59.7W,45,999,100,150,0,0,0,0,0,0,0,0,0,0,70
AL172023_PHILIPPE,20231002,1200,,TS,16.9N,60.5W,45,1000,100,150,0,0,0,0,0,0,0,0,0,0,70
AL172023_PHILIPPE,20231002,1800,,TS,17.3N,61.2W,45,1001,110,150,0,0,0,0,0,0,0,0,0,0,70
AL172023_PHILIPPE,20231002,2245,L,TS,17.6N,61.8W,45,1001,110,150,0,0,0,0,0,0,0,0,0,0,70
AL172023_PHILIPPE,20231003,0000,,TS,17.6N,61.9W,45,1001,110,150,0,0,0,0,0,0,0,0,0,0,80
AL172023_PHILIPPE,20231003,0600,,TS,18.1N,62.7W,45,1001,110,150,0,0,0,0,0,0,0,0,0,0,80
AL172023_PHILIPPE,20231003,1200,,TS,18.6N,63.6W,40,1003,110,150,0,0,0,0,0,0,0,0,0,0,90
AL172023_PHILIPPE,20231003,1800,,TS,19.1N,64.5W,40,1004,100,140,0,0,0,0,0,0,0,0,0,0,90
AL172023_PHILIPPE,20231004,0000,,TS,19.5N,65.2W,40,1004,110,130,0,0,0,0,0,0,0,0,0,0,90
AL172023_PHILIPPE,20231004,0600,,TS,20.2N,65.4W,40,1004,130,120,0,0,0,0,0,0,0,0,0,0,100
AL172023_PHILIPPE,20231004,1200,,TS,21.2N,65.6W,40,1004,110,150,0,0,0,0,0,0,0,0,0,0,100
AL172023_PHILIPPE,20231004,1800,,TS,22.2N,65.8W,35,1004,100,180,0,0,0,0,0,0,0,0,0,0,100
AL172023_PHILIPPE,20231005,0000,,TS,23.1N,66.0W,35,1004,100,180,0,0,0,0,0,0,0,0,0,0,100
AL172023_PHILIPPE,20231005,0600,,TS,24.0N,66.2W,40,1004,100,200,0,0,0,0,0,0,0,0,0,0,90
AL172023_PHILIPPE,20231005,1200,,TS,25.1N,66.3W,45,1004,120,200,0,0,0,0,0,0,0,0,0,0,80
AL172023_PHILIPPE,20231005,1800,,TS,26.4N,66.1W,45,1004,120,200,0,0,0,0,0,0,0,0,0,0,80
AL172023_PHILIPPE,20231006,0000,,TS,27.6N,66.0W,45,1004,120,200,0,100,0,0,0,0,0,0,0,0,90
AL172023_PHILIPPE,20231006,0600,,TS,28.7N,65.5W,45,1003,150,150,0,130,0,0,0,0,0,0,0,0,100
AL182023_RINA,20230928,0600,,TS,15.6N,44.5W,35,1005,60,50,0,0,0,0,0,0,0,0,0,0,60
AL182023_RINA,20230928,1200,,TS,16.9N,45.1W,35,1004,80,60,0,0,0,0,0,0,0,0,0,0,50
AL182023_RINA,20230928,1800,,TS,17.7N,45.8W,35,1004,80,60,0,0,0,0,0,0,0,0,0,0,50
AL182023_RINA,20230929,0000,,TS,18.2N,46.2W,40,1002,80,80,0,0,0,0,0,0,0,0,0,0,50
AL182023_RINA,20230929,0600,,TS,18.6N,46.4W,45,999,90,100,0,0,0,0,0,0,0,0,0,0,40
AL182023_RINA,20230929,1200,,TS,19.1N,46.7W,45,999,90,120,0,0,0,0,0,0,0,0,0,0,40
AL182023_RINA,20230929,1800,,TS,19.8N,47.5W,45,1000,100,130,0,0,0,0,0,0,0,0,0,0,40
AL182023_RINA,20230930,0000,,TS,20.2N,48.4W,45,1000,100,130,0,60,0,0,0,0,0,0,0,0,40
AL182023_RINA,20230930,0600,,TS,20.5N,49.1W,45,1000,90,100,0,60,0,0,0,0,0,0,0,0,40
AL182023_RINA,20230930,1200,,TS,21.0N,50.0W,40,1002,70,60,0,0,0,0,0,0,0,0,0,0,30
AL182023_RINA,20230930,1800,,TS,22.1N,51.0W,40,1004,70,60,0,0,0,0,0,0,0,0,0,0,30
AL182023_RINA,20231001,0000,,TS,23.0N,52.2W,35,1005,50,50,0,0,0,0,0,0,0,0,0,0,30
AL182023_RINA,20231001,0600,,TS,23.8N,53.3W,35,1005,30,50,0,0,0,0,0,0,0,0,0,0,30
AL182023_RINA,20231001,1200,,TS,24.8N,54.4W,35,1006,0,50,0,0,0,0,0,0,0,0,0,0,40
AL182023_RINA,20231001,1800,,LO,25.8N,55.3W,30,1007,0,0,0,0,0,0,0,0,0,0,0,0,40
AL182023_RINA,20231002,0000,,LO,26.7N,55.6W,30,1008,0,0,0,0,0,0,0,0,0,0,0,0,50
AL192023_SEAN,20231010,1800,,TD,9.6N,30.2W,30,1007,0,0,0,0,0,0,0,0,0,0,0,0,80
AL192023_SEAN,20231011,0000,,TS,9.8N,31.4W,35,1006,80,0,0,0,0,0,0,0,0,0,0,0,80
AL192023_SEAN,20231011,0600,,TS,10.1N,32.6W,35,1006,80,0,0,0,0,0,0,0,0,0,0,0,80
AL192023_SEAN,20231011,1200,,TS,10.7N,33.7W,35,1006,80,0,0,0,0,0,0,0,0,0,0,0,80
AL192023_SEAN,20231011,1800,,TD,11.3N,34.7W,30,1007,0,0,0,0,0,0,0,0,0,0,0,0,60
AL192023_SEAN,20231012,0000,,TD,11.8N,35.6W,30,1007,0,0,0,0,0,0,0,0,0,0,0,0,40
AL192023_SEAN,20231012,0600,,TD,12.3N,36.4W,30,1007,0,0,0,0,0,0,0,0,0,0,0,0,40
AL192023_SEAN,20231012,1200,,TS,12.8N,37.1W,35,1006,80,0,0,0,0,0,0,0,0,0,0,0,40
AL192023_SEAN,20231012,1800,,TS,13.3N,37.8W,40,1005,80,0,0,0,0,0,0,0,0,0,0,0,40
AL192023_SEAN,20231013,0000,,TS,13.7N,39.0W,40,1005,80,0,0,50,0,0,0,0,0,0,0,0,40
AL192023_SEAN,20231013,0600,,TS,14.0N,40.1W,40,1005,80,0,0,50,0,0,0,0,0,0,0,0,40
AL192023_SEAN,20231013,1200,,TS,14.3N,41.2W,35,1006,60,0,0,40,0,0,0,0,0,0,0,0,40
AL192023_SEAN,20231013,1800,,TS,14.6N,42.2W,35,1006,60,0,0,20,0,0,0,0,0,0,0,0,40
AL192023_SEAN,20231014,0000,,TS,14.9N,42.7W,35,1006,60,0,0,0,0,0,0,0,0,0,0,0,40
AL192023_SEAN,20231014,0600,,TD,15.3N,43.3W,30,1007,0,0,0,0,0,0,0,0,0,0,0,0,40
AL192023_SEAN,20231014,1200,,TD,15.8N,43.9W,30,1007,0,0,0,0,0,0,0,0,0,0,0,0,40
AL192023_SEAN,20231014,1800,,TD,16.3N,44.5W,30,1007,0,0,0,0,0,0,0,0,0,0,0,0,40
AL192023_SEAN,20231015,0000,,TD,16.8N,45.1W,30,1008,0,0,0,0,0,0,0,0,0,0,0,0,40
AL192023_SEAN,20231015,0600,,TD,17.3N,45.8W,30,1009,0,0,0,0,0,0,0,0,0,0,0,0,40
AL192023_SEAN,20231015,1200,,LO,17.6N,46.6W,25,1010,0,0,0,0,0,0,0,0,0,0,0,0,40
AL192023_SEAN,20231015,1800,,LO,17.9N,47.6W,25,1010,0,0,0,0,0,0,0,0,0,0,0,0,40
AL192023_SEAN,20231016,0000,,LO,18.1N,48.6W,25,1011,0,0,0,0,0,0,0,0,0,0,0,0,40
AL192023_SEAN,20231016,0600,,LO,18.2N,49.8W,25,1011,0,0,0,0,0,0,0,0,0,0,0,0,40
AL192023_SEAN,20231016,1200,,LO,18.3N,51.0W,20,1011,0,0,0,0,0,0,0,0,0,0,0,0,40
AL192023_SEAN,20231016,1800,,LO,18.4N,52.2W,20,1011,0,0,0,0,0,0,0,0,0,0,0,0,40
AL202023_TAMMY,20231018,1800,,TS,12.9N,51.0W,35,1007,120,0,0,0,0,0,0,0,0,0,0,0,80
AL202023_TAMMY,20231019,0000,,TS,13.0N,52.5W,35,1006,120,0,0,60,0,0,0,0,0,0,0,0,60
AL202023_TAMMY,20231019,0600,,TS,13.2N,54.0W,45,1004,120,30,0,60,0,0,0,0,0,0,0,0,60
AL202023_TAMMY,20231019,1200,,TS,13.4N,55.3W,50,1004,110,90,0,60,50,0,0,0,0,0,0,0,50
AL202023_TAMMY,20231019,1800,,TS,13.5N,56.4W,50,1002,110,100,0,60,50,0,0,0,0,0,0,0,50
AL202023_TAMMY,20231020,0000,,TS,13.6N,57.2W,50,1001,110,120,0,80,50,0,0,0,0,0,0,0,50
AL202023_TAMMY,20231020,0600,,TS,13.7N,57.9W,50,1000,110,120,0,80,50,0,0,0,0,0,0,0,50
AL202023_TAMMY,20231020,1200,,TS,13.9N,58.4W,60,997,110,120,20,80,50,0,0,20,0,0,0,0,40
AL202023_TAMMY,20231020,1800,,HU,14.1N,58.9W,65,991,110,110,30,80,50,20,0,40,20,0,0,20,20
AL202023_TAMMY,20231021,0000,,HU,14.5N,59.6W,70,991,110,110,30,80,50,20,0,40,20,0,0,20,15
AL202023_TAMMY,20231021,0600,,HU,14.9N,60.3W,70,991,110,110,30,80,50,20,0,40,20,0,0,20,15
AL202023_TAMMY,20231021,1200,,HU,15.6N,60.6W,75,987,110,110,30,80,50,30,20,40,20,10,10,20,10
AL202023_TAMMY,20231021,1800,,HU,16.6N,61.0W,75,987,110,110,30,70,50,30,20,40,20,10,10,20,10
AL202023_TAMMY,20231022,0000,,HU,17.5N,61.7W,80,987,110,110,30,70,50,30,20,40,20,10,10,20,10
AL202023_TAMMY,20231022,0115,L,HU,17.6N,61.8W,80,987,110,110,30,70,50,30,20,40,20,10,10,20,10
AL202023_TAMMY,20231022,0600,,HU,18.0N,62.2W,75,989,90,120,30,70,50,30,20,40,20,10,10,20,10
AL202023_TAMMY,20231022,1200,,HU,18.7N,62.8W,75,990,90,120,30,70,40,30,20,40,20,10,0,20,10
AL202023_TAMMY,20231022,1800,,HU,19.4N,63.4W,75,990,90,100,30,70,30,20,20,30,20,10,0,20,10
AL202023_TAMMY,20231023,0000,,HU,20.2N,63.9W,75,992,90,100,30,70,30,20,20,30,20,10,0,20,10
AL202023_TAMMY,20231023,0600,,HU,21.0N,64.0W,70,993,100,110,40,70,40,20,20,30,20,15,10,20,20
AL202023_TAMMY,20231023,1200,,HU,21.6N,64.0W,70,993,100,110,40,70,40,20,20,30,20,15,10,20,20
AL202023_TAMMY,20231023,1800,,HU,22.1N,63.8W,65,988,100,110,40,70,40,20,0,30,20,0,0,0,20
AL202023_TAMMY,20231024,0000,,HU,22.6N,63.5W,65,987,110,120,40,70,30,30,0,30,0,20,0,20,20
AL202023_TAMMY,20231024,0600,,HU,23.1N,63.1W,65,987,110,120,40,70,30,30,0,30,0,20,0,20,20
AL202023_TAMMY,20231024,1200,,HU,23.6N,62.6W,65,987,110,120,40,70,30,30,0,30,0,20,0,20,20
AL202023_TAMMY,20231024,1800,,HU,24.0N,62.0W,65,987,100,150,50,60,30,30,0,30,0,20,0,0,20
AL202023_TAMMY,20231025,0000,,HU,24.5N,61.2W,75,976,100,150,60,80,40,40,30,30,20,20,0,0,20
AL202023_TAMMY,20231025,0600,,HU,25.1N,60.4W,85,969,100,150,60,80,40,50,30,30,20,20,0,0,20
AL202023_TAMMY,20231025,1200,,HU,26.1N,59.4W,95,965,100,150,60,100,40,50,30,30,20,20,0,0,20
AL202023_TAMMY,20231025,1800,,HU,27.5N,58.3W,85,968,150,150,60,100,40,50,30,30,20,20,0,0,20
AL202023_TAMMY,20231026,0000,,HU,29.1N,57.8W,80,970,150,150,100,150,50,60,40,50,25,30,0,25,20
AL202023_TAMMY,20231026,0600,,HU,30.0N,58.3W,75,972,170,140,100,160,50,50,40,50,20,25,0,25,20
AL202023_TAMMY,20231026,1200,,HU,30.5N,58.8W,70,975,170,140,100,160,60,50,40,50,20,25,0,25,20
AL202023_TAMMY,20231026,1800,,HU,31.0N,59.5W,65,977,180,120,100,220,90,40,40,90,40,0,0,35,50
AL202023_TAMMY,20231027,0000,,TS,31.5N,60.1W,60,980,180,100,120,240,90,40,40,100,0,0,0,0,50
AL202023_TAMMY,20231027,0600,,TS,31.8N,60.6W,55,985,140,80,80,210,70,20,20,80,0,0,0,0,40
AL202023_TAMMY,20231027,1200,,TS,32.0N,61.0W,55,988,140,80,80,180,70,20,20,80,0,0,0,0,40
AL202023_TAMMY,20231027,1800,,TS,32.3N,61.4W,55,988,120,80,80,180,70,30,30,80,0,0,0,0,40
AL202023_TAMMY,20231028,0000,,TS,32.6N,61.5W,50,991,100,90,80,120,40,0,0,40,0,0,0,0,40
AL202023_TAMMY,20231028,0600,,TS,32.9N,61.0W,45,994,100,90,80,120,0,0,0,0,0,0,0,0,40
AL202023_TAMMY,20231028,1200,,TS,33.1N,59.5W,45,995,100,90,80,120,0,0,0,0,0,0,0,0,40
AL202023_TAMMY,20231028,1800,,TS,33.3N,58.0W,40,997,80,90,80,80,0,0,0,0,0,0,0,0,40
AL202023_TAMMY,20231029,0000,,LO,32.8N,56.1W,35,1000,0,60,80,0,0,0,0,0,0,0,0,0,50
AL202023_TAMMY,20231029,0600,,LO,32.6N,54.3W,35,1002,0,60,80,0,0,0,0,0,0,0,0,0,50
AL202023_TAMMY,20231029,1200,,LO,31.8N,52.5W,35,1002,0,60,40,0,0,0,0,0,0,0,0,0,50
AL202023_TAMMY,20231029,1800,,LO,30.9N,50.9W,35,1002,0,50,40,0,0,0,0,0,0,0,0,0,50
AL202023_TAMMY,20231030,0000,,LO,29.6N,49.6W,30,1004,0,0,0,0,0,0,0,0,0,0,0,0,50
AL202023_TAMMY,20231030,0600,,LO,28.5N,49.0W,30,1005,0,0,0,0,0,0,0,0,0,0,0,0,50
AL202023_TAMMY,20231030,1200,,LO,27.5N,48.5W,30,1005,0,0,0,0,0,0,0,0,0,0,0,0,50
AL202023_TAMMY,20231030,1800,,LO,26.5N,48.1W,25,1006,0,0,0,0,0,0,0,0,0,0,0,0,50
AL202023_TAMMY,20231031,0000,,LO,25.6N,48.5W,25,1006,0,0,0,0,0,0,0,0,0,0,0,0,50
AL202023_TAMMY,20231031,0600,,LO,25.1N,49.0W,25,1007,0,0,0,0,0,0,0,0,0,0,0,0,50
AL202023_TAMMY,20231031,1200,,LO,24.9N,49.9W,20,1008,0,0,0,0,0,0,0,0,0,0,0,0,50
AL202023_TAMMY,20231031,1800,,LO,24.6N,50.6W,20,1008,0,0,0,0,0,0,0,0,0,0,0,0,50
AL212023_TWENTY-ONE,20231023,1200,,TD,11.4N,82.6W,25,1007,0,0,0,0,0,0,0,0,0,0,0,0,80
AL212023_TWENTY-ONE,20231023,1800,,TD,11.5N,83.2W,25,1007,0,0,0,0,0,0,0,0,0,0,0,0,60
AL212023_TWENTY-ONE,20231024,0000,,TD,12.2N,83.4W,25,1007,0,0,0,0,0,0,0,0,0,0,0,0,60
AL212023_TWENTY-ONE,20231024,0130,L,TD,12.4N,83.5W,25,1007,0,0,0,0,0,0,0,0,0,0,0,0,60
AL212023_TWENTY-ONE,20231024,0600,,TD,13.0N,83.8W,25,1007,0,0,0,0,0,0,0,0,0,0,0,0,60
AL212023_TWENTY-ONE,20231024,1200,,LO,13.5N,84.4W,20,1007,0,0,0,0,0,0,0,0,0,0,0,0,60
AL012024_ALBERTO,20240617,1800,,DB,19.9N,92.7W,35,1001,250,0,0,0,0,0,0,0,0,0,0,0,200
AL012024_ALBERTO,20240618,0000,,DB,20.4N,92.7W,35,999,250,0,0,0,0,0,0,0,0,0,0,0,240
AL012024_ALBERTO,20240618,0600,,DB,20.9N,92.7W,35,999,350,0,0,310,0,0,0,0,0,0,0,0,290
AL012024_ALBERTO,20240618,1200,,DB,21.5N,92.6W,35,999,350,0,0,340,0,0,0,0,0,0,0,0,320
AL012024_ALBERTO,20240618,1800,,DB,22.0N,92.6W,35,999,360,0,0,410,0,0,0,0,0,0,0,0,350
AL012024_ALBERTO,20240619,0000,,DB,22.3N,92.8W,35,998,390,0,0,430,0,0,0,0,0,0,0,0,350
AL012024_ALBERTO,20240619,0600,,DB,22.4N,93.5W,35,998,400,0,0,430,0,0,0,0,0,0,0,0,330
AL012024_ALBERTO,20240619,1200,,TS,22.1N,94.2W,35,995,400,0,0,430,0,0,0,0,0,0,0,0,270
AL012024_ALBERTO,20240619,1800,,TS,21.8N,94.8W,40,995,450,0,0,430,0,0,0,0,0,0,0,0,210
AL012024_ALBERTO,20240620,0000,,TS,21.5N,95.5W,45,992,450,50,40,400,0,0,0,0,0,0,0,0,90
AL012024_ALBERTO,20240620,0600,,TS,22.0N,96.7W,45,993,380,60,60,340,0,0,0,0,0,0,0,0,60
AL012024_ALBERTO,20240620,0900,L,TS,22.4N,97.8W,45,994,310,60,60,220,0,0,0,0,0,0,0,0,60
AL012024_ALBERTO,20240620,1200,,TS,22.4N,98.8W,35,998,180,60,30,120,0,0,0,0,0,0,0,0,60
AL022024_BERYL,20240628,1200,,TD,8.9N,39.6W,30,1007,0,0,0,0,0,0,0,0,0,0,0,0,50
AL022024_BERYL,20240628,1800,,TD,9.0N,41.3W,30,1007,0,0,0,0,0,0,0,0,0,0,0,0,50
AL022024_BERYL,20240629,0000,,TS,9.2N,43.1W,35,1006,40,0,0,40,0,0,0,0,0,0,0,0,40
AL022024_BERYL,20240629,0600,,TS,9.5N,45.2W,45,1003,50,30,0,40,0,0,0,0,0,0,0,0,30
AL022024_BERYL,20240629,1200,,TS,9.7N,47.0W,55,1000,50,30,20,40,20,0,0,0,0,0,0,0,20
AL022024_BERYL,20240629,1800,,TS,9.9N,48.7W,60,995,50,30,20,50,25,0,0,20,0,0,0,0,15
AL022024_BERYL,20240630,0000,,HU,10.1N,50.5W,70,989,60,40,30,50,30,20,15,25,15,0,0,15,10
AL022024_BERYL,20240630,0600,,HU,10.4N,52.3W,85,980,80,60,50,60,40,30,25,30,20,10,10,20,10
AL022024_BERYL,20240630,1200,,HU,10.5N,54.0W,100,968,100,80,70,80,50,40,40,40,25,20,15,25,10
AL022024_BERYL,20240630,1800,,HU,10.9N,55.7W,115,958,100,80,70,80,50,40,40,40,25,20,15,25,10
AL022024_BERYL,20240701,0000,,HU,11.2N,57.3W,110,958,100,80,70,80,50,40,30,40,25,20,15,25,5
AL022024_BERYL,20240701,0600,,HU,11.5N,59.0W,100,965,110,80,70,100,50,40,30,50,30,25,20,25,15
AL022024_BERYL,20240701,1200,,HU,12.0N,60.6W,115,957,110,90,70,100,60,40,30,50,35,25,20,25,15
AL022024_BERYL,20240701,1520,L,HU,12.5N,61.5W,120,950,110,90,70,100,60,40,30,50,35,25,20,25,15
AL022024_BERYL,20240701,1800,,HU,12.8N,62.3W,130,944,110,100,70,100,60,50,35,50,35,30,25,30,10
AL022024_BERYL,20240702,0000,,HU,13.5N,64.1W,140,938,110,100,70,100,60,50,30,50,35,25,20,30,5
AL022024_BERYL,20240702,0600,,HU,14.3N,65.9W,145,935,130,100,60,100,60,50,30,50,35,25,15,30,10
AL022024_BERYL,20240702,0945,I,HU,14.8N,67.2W,145,932,150,100,60,100,60,50,40,50,35,30,20,30,10
AL022024_BERYL,20240702,1200,,HU,15.0N,67.9W,140,934,150,100,60,100,60,50,40,50,35,30,20,30,10
AL022024_BERYL,20240702,1800,,HU,15.6N,69.9W,135,944,160,100,60,120,70,50,40,50,35,30,20,30,10
AL022024_BERYL,20240703,0000,,HU,16.0N,71.8W,130,945,160,100,60,120,70,50,40,50,35,30,20,30,10
AL022024_BERYL,20240703,0600,,HU,16.3N,73.5W,125,946,160,90,50,120,70,50,30,50,40,30,20,30,10
AL022024_BERYL,20240703,1200,,HU,16.8N,75.3W,125,952,160,80,50,120,70,50,30,50,40,30,20,30,10
AL022024_BERYL,20240703,1800,,HU,17.3N,76.8W,120,959,160,80,50,120,70,50,30,50,40,30,20,30,10
AL022024_BERYL,20240704,0000,,HU,17.8N,78.3W,115,960,150,80,50,110,70,40,30,60,40,25,20,30,10
AL022024_BERYL,20240704,0600,,HU,18.3N,80.0W,105,965,150,80,50,110,70,40,30,60,35,20,15,30,10
AL022024_BERYL,20240704,1200,,HU,18.8N,81.8W,95,969,140,80,50,100,50,40,30,50,25,15,15,25,10
AL022024_BERYL,20240704,1800,,HU,19.3N,83.4W,90,974,120,70,50,90,50,40,30,50,25,15,15,25,10
AL022024_BERYL,20240705,0000,,HU,19.4N,84.8W,100,962,90,60,50,80,50,30,30,40,25,15,15,25,10
AL022024_BERYL,20240705,0600,,HU,19.8N,86.2W,95,971,90,60,50,80,50,30,30,40,25,15,15,20,10
AL022024_BERYL,20240705,1100,L,HU,20.3N,87.4W,80,977,90,60,50,80,50,30,30,40,25,15,10,20,10
AL022024_BERYL,20240705,1200,,HU,20.4N,87.6W,75,980,90,60,40,80,40,30,10,30,20,15,0,20,10
AL022024_BERYL,20240705,1800,,TS,20.9N,88.8W,60,987,90,50,30,80,30,20,0,20,0,0,0,0,20
AL022024_BERYL,20240706,0000,,TS,21.4N,89.8W,50,996,100,40,40,80,40,0,0,0,0,0,0,0,40
AL022024_BERYL,20240706,0600,,TS,21.9N,90.9W,45,1001,110,40,40,80,0,0,0,0,0,0,0,0,40
AL022024_BERYL,20240706,1200,,TS,22.6N,91.8W,50,999,110,40,40,80,40,0,0,40,0,0,0,0,40
AL022024_BERYL,20240706,1800,,TS,23.6N,92.7W,50,997,110,40,40,80,40,0,0,40,0,0,0,0,40
AL022024_BERYL,20240707,0000,,TS,24.4N,93.6W,50,993,110,40,40,80,40,0,0,40,0,0,0,0,35
AL022024_BERYL,20240707,0600,,TS,24.9N,94.3W,50,995,110,40,40,90,40,0,0,40,0,0,0,0,30
AL022024_BERYL,20240707,1200,,TS,25.5N,94.9W,55,992,110,60,50,90,40,30,0,30,0,0,0,0,30
AL022024_BERYL,20240707,1800,,TS,26.3N,95.4W,55,990,100,80,60,80,50,40,30,30,0,0,0,0,30
AL022024_BERYL,20240708,0000,,TS,27.1N,95.7W,60,986,100,90,60,80,50,50,30,30,0,0,0,0,25
AL022024_BERYL,20240708,0600,,HU,28.2N,95.9W,70,982,100,100,60,80,60,60,30,30,40,40,0,0,25
AL022024_BERYL,20240708,0840,L,HU,28.6N,96.0W,80,978,100,100,60,80,70,70,30,30,50,50,0,0,25
AL022024_BERYL,20240708,1200,,HU,29.3N,96.0W,70,978,100,110,60,60,70,70,30,30,40,30,0,0,30
AL022024_BERYL,20240708,1800,,TS,30.7N,95.6W,50,988,40,120,30,30,0,30,0,0,0,0,0,0,30
AL022024_BERYL,20240709,0000,,TD,32.1N,94.9W,30,997,0,0,0,0,0,0,0,0,0,0,0,0,90
AL022024_BERYL,20240709,0600,,TD,33.4N,94.1W,25,1004,0,0,0,0,0,0,0,0,0,0,0,0,90
AL022024_BERYL,20240709,1200,,EX,35.0N,92.4W,25,1004,0,0,0,0,0,0,0,0,0,0,0,0,90
AL022024_BERYL,20240709,1800,,EX,36.9N,90.3W,25,1005,0,0,0,0,0,0,0,0,0,0,0,0,85
AL022024_BERYL,20240710,0000,,EX,38.9N,87.3W,25,1004,0,0,0,0,0,0,0,0,0,0,0,0,85
AL022024_BERYL,20240710,0600,,EX,40.4N,86.1W,25,1002,0,0,0,0,0,0,0,0,0,0,0,0,85
AL022024_BERYL,20240710,1200,,EX,41.5N,84.8W,25,1001,0,0,0,0,0,0,0,0,0,0,0,0,100
AL022024_BERYL,20240710,1800,,EX,42.2N,82.9W,30,1001,0,0,0,0,0,0,0,0,0,0,0,0,100
AL022024_BERYL,20240711,0000,,EX,42.7N,81.3W,30,1003,0,0,0,0,0,0,0,0,0,0,0,0,85
AL022024_BERYL,20240711,0600,,EX,42.9N,80.0W,25,1005,0,0,0,0,0,0,0,0,0,0,0,0,85
AL022024_BERYL,20240711,1200,,EX,43.1N,78.6W,25,1009,0,0,0,0,0,0,0,0,0,0,0,0,60
AL032024_CHRIS,20240630,1800,,TD,19.7N,95.4W,30,1007,0,0,0,0,0,0,0,0,0,0,0,0,70
AL032024_CHRIS,20240701,0000,,TS,19.9N,96.0W,35,1006,60,0,0,0,0,0,0,0,0,0,0,0,60
AL032024_CHRIS,20240701,0300,L,TS,19.9N,96.5W,40,1005,60,0,0,0,0,0,0,0,0,0,0,0,60
AL032024_CHRIS,20240701,0600,,TD,19.8N,97.0W,30,1007,0,0,0,0,0,0,0,0,0,0,0,0,60
AL042024_DEBBY,20240802,1200,,DB,20.4N,75.8W,25,1012,0,0,0,0,0,0,0,0,0,0,0,0,90
AL042024_DEBBY,20240802,1800,,DB,20.6N,77.5W,25,1011,0,0,0,0,0,0,0,0,0,0,0,0,80
AL042024_DEBBY,20240803,0000,,TD,20.9N,78.9W,25,1010,0,0,0,0,0,0,0,0,0,0,0,0,80
AL042024_DEBBY,20240803,0600,,TD,21.5N,80.2W,25,1009,0,0,0,0,0,0,0,0,0,0,0,0,80
AL042024_DEBBY,20240803,1200,,TD,22.2N,81.5W,30,1008,0,0,0,0,0,0,0,0,0,0,0,0,100
AL042024_DEBBY,20240803,1800,,TS,23.1N,82.6W,35,1006,120,120,0,0,0,0,0,0,0,0,0,0,100
AL042024_DEBBY,20240804,0000,,TS,23.9N,83.2W,35,1003,120,120,0,0,0,0,0,0,0,0,0,0,80
AL042024_DEBBY,20240804,0600,,TS,25.0N,83.8W,40,1000,120,120,0,0,0,0,0,0,0,0,0,0,80
AL042024_DEBBY,20240804,1200,,TS,26.2N,84.3W,50,994,120,150,0,0,80,80,0,0,0,0,0,0,80
AL042024_DEBBY,20240804,1800,,TS,27.3N,84.3W,60,989,120,150,0,60,80,80,0,0,0,0,0,0,60
AL042024_DEBBY,20240805,0000,,HU,28.3N,84.1W,70,986,90,130,40,70,60,70,0,30,30,0,0,0,30
AL042024_DEBBY,20240805,0600,,HU,29.1N,83.9W,70,980,70,130,50,60,50,70,0,30,30,25,0,15,25
AL042024_DEBBY,20240805,1100,L,HU,29.7N,83.5W,70,979,60,120,50,50,40,70,0,30,20,25,0,15,20
AL042024_DEBBY,20240805,1200,,HU,29.9N,83.4W,65,982,60,120,50,50,30,50,0,20,15,20,0,10,20
AL042024_DEBBY,20240805,1800,,TS,30.4N,83.0W,50,992,120,120,60,0,20,30,0,0,0,0,0,0,30
AL042024_DEBBY,20240806,0000,,TS,30.8N,82.3W,45,996,150,150,0,0,0,0,0,0,0,0,0,0,60
AL042024_DEBBY,20240806,0600,,TS,31.3N,81.8W,45,999,180,180,0,0,0,0,0,0,0,0,0,0,70
AL042024_DEBBY,20240806,1200,,TS,31.8N,81.4W,40,999,180,180,0,0,0,0,0,0,0,0,0,0,80
AL042024_DEBBY,20240806,1800,,TS,32.0N,81.1W,40,999,120,150,0,0,0,0,0,0,0,0,0,0,80
AL042024_DEBBY,20240807,0000,,SS,31.9N,80.4W,40,997,90,150,100,0,0,0,0,0,0,0,0,0,90
AL042024_DEBBY,20240807,0600,,SS,31.8N,79.7W,45,995,120,150,100,0,0,0,0,0,0,0,0,0,100
AL042024_DEBBY,20240807,1200,,SS,32.2N,79.3W,50,994,120,160,100,0,0,120,0,0,0,0,0,0,100
AL042024_DEBBY,20240807,1800,,SS,32.5N,79.2W,50,994,150,160,90,0,0,120,0,0,0,0,0,0,100
AL042024_DEBBY,20240808,0000,,SS,32.7N,79.4W,45,995,150,160,0,0,0,0,0,0,0,0,0,0,100
AL042024_DEBBY,20240808,0600,L,SS,33.0N,79.6W,40,995,160,170,0,0,0,0,0,0,0,0,0,0,100
AL042024_DEBBY,20240808,1200,,SS,33.7N,80.0W,40,995,170,180,0,0,0,0,0,0,0,0,0,0,120
AL042024_DEBBY,20240808,1800,,SS,34.6N,80.3W,40,997,180,200,0,0,0,0,0,0,0,0,0,0,150
AL042024_DEBBY,20240809,0000,,EX,35.5N,80.1W,30,1000,0,0,0,0,0,0,0,0,0,0,0,0,180
AL042024_DEBBY,20240809,0600,,EX,37.0N,79.7W,30,1003,0,0,0,0,0,0,0,0,0,0,0,0,210
AL042024_DEBBY,20240809,1200,,EX,40.3N,78.9W,30,1003,0,0,0,0,0,0,0,0,0,0,0,0,210
AL042024_DEBBY,20240809,1800,,EX,42.8N,76.5W,30,998,0,0,0,0,0,0,0,0,0,0,0,0,240
AL042024_DEBBY,20240810,0000,,EX,45.3N,73.0W,30,996,0,0,0,0,0,0,0,0,0,0,0,0,240
AL042024_DEBBY,20240810,0600,,EX,47.8N,69.1W,30,998,0,0,0,0,0,0,0,0,0,0,0,0,210
AL042024_DEBBY,20240810,1200,,EX,49.4N,64.7W,35,998,0,240,0,0,0,0,0,0,0,0,0,0,150
AL042024_DEBBY,20240810,1800,,EX,50.0N,59.5W,35,999,0,240,240,0,0,0,0,0,0,0,0,0,120
AL052024_ERNESTO,20240811,1800,,DB,14.4N,47.2W,25,1010,0,0,0,0,0,0,0,0,0,0,0,0,140
AL052024_ERNESTO,20240812,0000,,DB,14.8N,49.8W,25,1009,0,0,0,0,0,0,0,0,0,0,0,0,120
AL052024_ERNESTO,20240812,0600,,DB,15.3N,52.2W,25,1009,0,0,0,0,0,0,0,0,0,0,0,0,100
AL052024_ERNESTO,20240812,1200,,TD,15.6N,54.6W,30,1008,0,0,0,0,0,0,0,0,0,0,0,0,70
AL052024_ERNESTO,20240812,1800,,TS,15.9N,56.6W,35,1007,50,0,0,0,0,0,0,0,0,0,0,0,50
AL052024_ERNESTO,20240813,0000,,TS,16.0N,58.6W,35,1007,60,0,0,0,0,0,0,0,0,0,0,0,50
AL052024_ERNESTO,20240813,0600,,TS,16.1N,60.5W,35,1007,70,40,0,50,0,0,0,0,0,0,0,0,50
AL052024_ERNESTO,20240813,0940,L,TS,16.4N,61.4W,35,1007,70,40,0,50,0,0,0,0,0,0,0,0,50
AL052024_ERNESTO,20240813,1200,,TS,16.6N,62.0W,40,1005,90,60,0,60,0,0,0,0,0,0,0,0,50
AL052024_ERNESTO,20240813,1250,L,TS,16.7N,62.2W,40,1005,90,60,0,60,0,0,0,0,0,0,0,0,50
AL052024_ERNESTO,20240813,1800,,TS,17.6N,63.5W,50,1001,100,90,0,70,50,0,0,0,0,0,0,0,50
AL052024_ERNESTO,20240813,2330,L,TS,18.3N,64.7W,55,998,100,90,0,70,50,0,0,0,0,0,0,0,50
AL052024_ERNESTO,20240814,0000,,TS,18.4N,64.9W,55,998,110,100,0,70,50,0,0,0,0,0,0,0,50
AL052024_ERNESTO,20240814,0600,,TS,19.0N,66.0W,60,996,110,130,0,70,50,60,0,0,0,0,0,0,50
AL052024_ERNESTO,20240814,1200,,HU,19.9N,67.2W,65,991,130,150,0,90,60,60,0,0,40,0,0,0,40
AL052024_ERNESTO,20240814,1800,,HU,21.1N,68.0W,65,989,150,150,60,90,100,100,0,0,40,40,0,0,30
AL052024_ERNESTO,20240815,0000,,HU,22.3N,68.7W,70,981,150,150,60,100,100,100,0,40,40,40,0,0,20
AL052024_ERNESTO,20240815,0600,,HU,23.4N,69.2W,75,979,150,150,60,110,100,100,0,60,40,40,0,30,20
AL052024_ERNESTO,20240815,1200,,HU,24.5N,69.3W,75,975,150,180,90,110,100,100,40,60,50,50,0,30,30
AL052024_ERNESTO,20240815,1800,,HU,25.6N,69.0W,80,975,150,210,110,130,90,90,60,60,50,50,40,30,40
AL052024_ERNESTO,20240816,0000,,HU,26.6N,68.3W,85,969,160,230,110,130,90,90,80,70,55,60,50,40,40
AL052024_ERNESTO,20240816,0600,,HU,27.7N,67.5W,85,968,160,230,110,130,90,90,80,70,55,60,50,40,40
AL052024_ERNESTO,20240816,1200,,HU,28.9N,66.8W,85,967,160,240,110,130,90,100,80,70,60,65,50,40,45
AL052024_ERNESTO,20240816,1800,,HU,30.0N,66.1W,85,969,160,240,110,130,90,100,80,70,60,65,50,45,45
AL052024_ERNESTO,20240817,0000,,HU,31.0N,65.4W,80,969,160,240,110,130,90,100,70,70,60,60,40,40,40
AL052024_ERNESTO,20240817,0600,,HU,31.9N,65.0W,75,972,150,210,110,150,90,100,60,80,60,60,30,40,40
AL052024_ERNESTO,20240817,0830,L,HU,32.3N,64.8W,75,972,150,210,110,150,90,100,60,80,60,60,30,40,40
AL052024_ERNESTO,20240817,1200,,HU,32.6N,64.6W,70,974,200,210,110,160,120,100,80,100,60,60,50,40,40
AL052024_ERNESTO,20240817,1800,,HU,33.0N,64.2W,65,977,200,200,120,170,100,100,80,120,50,50,50,0,45
AL052024_ERNESTO,20240818,0000,,TS,33.5N,63.6W,60,981,200,200,120,150,100,100,80,100,0,0,0,0,50
AL052024_ERNESTO,20240818,0600,,TS,34.3N,63.2W,60,982,180,180,110,120,80,80,80,60,0,0,0,0,40
AL052024_ERNESTO,20240818,1200,,TS,35.4N,63.0W,60,980,180,180,110,100,70,80,60,50,0,0,0,0,30
AL052024_ERNESTO,20240818,1800,,HU,36.4N,62.6W,65,977,160,190,110,100,70,70,40,50,0,30,0,0,20
AL052024_ERNESTO,20240819,0000,,HU,37.7N,62.0W,70,975,160,190,110,100,70,70,40,50,30,30,0,0,20
AL052024_ERNESTO,20240819,0600,,HU,39.2N,61.2W,75,972,160,190,110,100,70,70,40,50,30,30,0,0,15
AL052024_ERNESTO,20240819,1200,,HU,40.9N,59.8W,85,967,180,190,150,80,70,90,50,40,40,40,0,20,15
AL052024_ERNESTO,20240819,1800,,HU,42.8N,58.1W,80,970,180,190,150,80,70,90,50,40,40,50,0,0,20
AL052024_ERNESTO,20240820,0000,,HU,44.8N,55.0W,75,972,180,190,140,70,60,80,50,30,30,40,0,0,30
AL052024_ERNESTO,20240820,0600,,HU,46.6N,51.4W,65,976,180,190,140,70,60,80,50,30,0,40,0,0,40
AL052024_ERNESTO,20240820,1200,,EX,48.3N,47.2W,60,987,120,200,150,0,40,90,60,0,0,0,0,0,50
AL052024_ERNESTO,20240820,1800,,EX,49.7N,41.9W,55,991,120,230,190,0,40,90,60,0,0,0,0,0,70
AL062024_FRANCINE,20240908,1800,,LO,21.4N,94.5W,45,1003,0,0,140,160,0,0,0,0,0,0,0,0,100
AL062024_FRANCINE,20240909,0000,,LO,22.0N,94.8W,45,1003,0,0,140,160,0,0,0,0,0,0,0,0,100
AL062024_FRANCINE,20240909,0600,,LO,22.7N,95.1W,45,1003,0,120,140,160,0,0,0,0,0,0,0,0,80
AL062024_FRANCINE,20240909,1200,,TS,23.2N,95.5W,45,1002,40,120,140,140,0,0,0,0,0,0,0,0,50
AL062024_FRANCINE,20240909,1800,,TS,23.7N,95.9W,50,996,50,120,100,120,20,0,0,0,0,0,0,0,20
AL062024_FRANCINE,20240910,0000,,TS,23.9N,96.1W,55,992,50,120,100,120,20,30,0,0,0,0,0,0,20
AL062024_FRANCINE,20240910,0600,,TS,24.1N,96.2W,55,992,50,120,100,100,20,30,40,30,0,0,0,0,20
AL062024_FRANCINE,20240910,1200,,TS,24.5N,95.8W,55,990,50,120,100,100,20,30,40,30,0,0,0,0,20
AL062024_FRANCINE,20240910,1800,,TS,25.3N,95.3W,55,987,60,120,100,80,30,30,30,0,0,0,0,0,30
AL062024_FRANCINE,20240911,0000,,HU,26.0N,94.7W,65,982,70,100,80,70,50,40,30,30,30,30,0,0,30
AL062024_FRANCINE,20240911,0600,,HU,26.6N,94.1W,80,977,80,100,60,70,50,50,30,40,35,35,0,25,25
AL062024_FRANCINE,20240911,1200,,HU,27.5N,93.2W,80,976,80,100,60,70,50,50,30,40,35,35,20,25,25
AL062024_FRANCINE,20240911,1800,,HU,28.6N,92.1W,85,974,90,120,70,70,50,70,40,40,35,35,20,25,20
AL062024_FRANCINE,20240911,2200,L,HU,29.3N,91.3W,90,972,90,120,70,70,50,70,40,40,35,35,20,25,20
AL062024_FRANCINE,20240912,0000,,HU,29.6N,90.9W,70,980,70,120,70,50,40,70,30,30,15,15,0,0,30
AL062024_FRANCINE,20240912,0600,,TS,30.5N,90.3W,45,988,70,130,60,20,0,0,0,0,0,0,0,0,60
AL062024_FRANCINE,20240912,1200,,TD,31.8N,90.1W,30,995,0,0,0,0,0,0,0,0,0,0,0,0,80
AL062024_FRANCINE,20240912,1800,,EX,33.4N,89.7W,25,996,0,0,0,0,0,0,0,0,0,0,0,0,70
AL062024_FRANCINE,20240913,0000,,EX,34.7N,90.5W,25,998,0,0,0,0,0,0,0,0,0,0,0,0,60
AL062024_FRANCINE,20240913,0600,,EX,35.4N,90.9W,20,1001,0,0,0,0,0,0,0,0,0,0,0,0,60
AL062024_FRANCINE,20240913,1200,,EX,35.9N,91.5W,15,1005,0,0,0,0,0,0,0,0,0,0,0,0,40
AL062024_FRANCINE,20240913,1800,,EX,35.7N,92.0W,15,1009,0,0,0,0,0,0,0,0,0,0,0,0,40
AL062024_FRANCINE,20240914,0000,,EX,34.9N,91.7W,15,1009,0,0,0,0,0,0,0,0,0,0,0,0,40
AL072024_GORDON,20240911,1200,,TD,15.7N,27.9W,30,1007,0,0,0,0,0,0,0,0,0,0,0,0,15
AL072024_GORDON,20240911,1800,,TD,16.0N,29.6W,30,1007,0,0,0,0,0,0,0,0,0,0,0,0,15
AL072024_GORDON,20240912,0000,,TD,16.4N,31.0W,30,1007,0,0,0,0,0,0,0,0,0,0,0,0,15
AL072024_GORDON,20240912,0600,,TD,16.9N,32.3W,30,1007,0,0,0,0,0,0,0,0,0,0,0,0,15
AL072024_GORDON,20240912,1200,,TD,17.5N,33.9W,30,1007,0,0,0,0,0,0,0,0,0,0,0,0,20
AL072024_GORDON,20240912,1800,,TD,18.1N,35.4W,30,1007,0,0,0,0,0,0,0,0,0,0,0,0,20
AL072024_GORDON,20240913,0000,,TD,18.5N,36.5W,30,1007,0,0,0,0,0,0,0,0,0,0,0,0,20
AL072024_GORDON,20240913,0600,,TD,19.0N,37.6W,30,1007,0,0,0,0,0,0,0,0,0,0,0,0,30
AL072024_GORDON,20240913,1200,,TS,19.3N,38.3W,35,1006,60,0,0,0,0,0,0,0,0,0,0,0,30
AL072024_GORDON,20240913,1800,,TS,19.7N,39.1W,35,1006,60,0,0,0,0,0,0,0,0,0,0,0,30
AL072024_GORDON,20240914,0000,,TS,19.9N,39.8W,40,1004,100,0,0,90,0,0,0,0,0,0,0,0,30
AL072024_GORDON,20240914,0600,,TS,20.0N,40.5W,40,1004,100,0,0,90,0,0,0,0,0,0,0,0,30
AL072024_GORDON,20240914,1200,,TS,20.1N,41.3W,40,1004,120,0,0,90,0,0,0,0,0,0,0,0,40
AL072024_GORDON,20240914,1800,,TS,20.3N,42.4W,40,1004,120,0,0,90,0,0,0,0,0,0,0,0,50
AL072024_GORDON,20240915,0000,,TS,19.8N,43.6W,35,1006,110,0,0,70,0,0,0,0,0,0,0,0,50
AL072024_GORDON,20240915,0600,,TS,19.5N,44.4W,35,1006,90,0,0,70,0,0,0,0,0,0,0,0,70
AL072024_GORDON,20240915,1200,,TS,19.3N,45.1W,35,1006,70,0,0,70,0,0,0,0,0,0,0,0,70
AL072024_GORDON,20240915,1800,,TD,19.2N,45.8W,30,1007,0,0,0,0,0,0,0,0,0,0,0,0,70
AL072024_GORDON,20240916,0000,,TD,19.1N,46.5W,30,1007,0,0,0,0,0,0,0,0,0,0,0,0,70
AL072024_GORDON,20240916,0600,,TD,19.1N,47.2W,30,1007,0,0,0,0,0,0,0,0,0,0,0,0,70
AL072024_GORDON,20240916,1200,,TD,19.1N,47.8W,30,1007,0,0,0,0,0,0,0,0,0,0,0,0,70
AL072024_GORDON,20240916,1800,,TD,19.0N,48.3W,30,1007,0,0,0,0,0,0,0,0,0,0,0,0,60
AL072024_GORDON,20240917,0000,,TD,18.9N,48.8W,30,1007,0,0,0,0,0,0,0,0,0,0,0,0,60
AL072024_GORDON,20240917,0600,,TD,18.9N,49.0W,30,1007,0,0,0,0,0,0,0,0,0,0,0,0,60
AL092024_HELENE,20240923,1200,,DB,17.2N,81.7W,30,1004,0,0,0,0,0,0,0,0,0,0,0,0,100
AL092024_HELENE,20240923,1800,,DB,17.8N,81.9W,35,1004,0,110,0,0,0,0,0,0,0,0,0,0,90
AL092024_HELENE,20240924,0000,,DB,18.2N,82.2W,35,1002,0,110,0,0,0,0,0,0,0,0,0,0,100
AL092024_HELENE,20240924,0600,,DB,18.6N,82.8W,35,1001,120,110,0,0,0,0,0,0,0,0,0,0,100
AL092024_HELENE,20240924,1200,,TS,19.2N,83.7W,40,999,120,120,0,0,0,0,0,0,0,0,0,0,100
AL092024_HELENE,20240924,1800,,TS,19.4N,84.6W,45,997,150,150,0,40,0,0,0,0,0,0,0,0,100
AL092024_HELENE,20240925,0000,,TS,19.7N,85.2W,50,990,170,170,0,70,80,0,0,0,0,0,0,0,80
AL092024_HELENE,20240925,0600,,TS,20.3N,85.9W,55,985,220,230,50,100,60,50,0,0,0,0,0,0,40
AL092024_HELENE,20240925,1200,,HU,21.1N,86.2W,65,979,270,270,70,110,60,60,40,30,0,30,0,0,30
AL092024_HELENE,20240925,1800,,HU,22.0N,86.5W,70,978,300,300,90,130,60,60,40,40,25,30,0,0,25
AL092024_HELENE,20240926,0000,,HU,22.8N,86.7W,70,973,360,300,110,130,60,80,50,50,40,50,0,0,40
AL092024_HELENE,20240926,0600,,HU,23.6N,86.5W,75,970,360,300,120,120,100,100,60,50,60,60,0,0,45
AL092024_HELENE,20240926,1200,,HU,24.7N,85.8W,85,963,360,300,130,120,100,100,90,50,70,70,30,30,35
AL092024_HELENE,20240926,1800,,HU,26.6N,85.0W,105,958,300,270,140,130,110,110,70,50,80,70,30,30,25
AL092024_HELENE,20240927,0000,,HU,28.7N,84.3W,120,941,260,270,150,150,110,110,60,50,70,70,35,35,20
AL092024_HELENE,20240927,0310,L,HU,30.0N,83.7W,120,939,240,270,150,140,100,110,60,50,60,70,35,35,20
AL092024_HELENE,20240927,0500,R,HU,30.8N,83.5W,95,947,230,290,140,90,100,110,50,30,45,50,0,0,25
AL092024_HELENE,20240927,0600,,HU,31.3N,83.3W,80,957,230,290,130,70,100,120,30,0,35,40,0,0,30
AL092024_HELENE,20240927,0900,R,TS,32.9N,83.1W,60,967,190,300,60,40,70,130,0,0,0,0,0,0,40
AL092024_HELENE,20240927,1200,,TS,34.4N,83.2W,45,973,170,320,0,0,0,0,0,0,0,0,0,0,50
AL092024_HELENE,20240927,1800,,LO,36.8N,84.9W,40,983,200,360,0,130,0,0,0,0,0,0,0,0,80
AL092024_HELENE,20240928,0000,,LO,38.1N,86.6W,40,985,130,0,0,130,0,0,0,0,0,0,0,0,120
AL092024_HELENE,20240928,0600,,LO,37.4N,88.1W,30,992,0,0,0,0,0,0,0,0,0,0,0,0,160
AL092024_HELENE,20240928,1200,,LO,36.6N,87.6W,25,997,0,0,0,0,0,0,0,0,0,0,0,0,160
AL092024_HELENE,20240928,1800,,LO,37.1N,87.0W,20,1000,0,0,0,0,0,0,0,0,0,0,0,0,160
AL102024_ISAAC,20240924,1200,,EX,38.7N,58.4W,40,1003,0,0,0,70,0,0,0,0,0,0,0,0,70
AL102024_ISAAC,20240924,1800,,EX,38.6N,58.6W,40,1002,0,0,0,70,0,0,0,0,0,0,0,0,70
AL102024_ISAAC,20240925,0000,,EX,38.1N,58.8W,45,998,100,0,0,100,0,0,0,0,0,0,0,0,60
AL102024_ISAAC,20240925,0600,,EX,37.3N,58.5W,45,998,140,0,50,120,0,0,0,0,0,0,0,0,50
AL102024_ISAAC,20240925,1200,,EX,37.0N,57.2W,45,998,140,0,50,120,0,0,0,0,0,0,0,0,50
AL102024_ISAAC,20240925,1800,,TS,36.9N,55.7W,45,998,60,30,50,60,0,0,0,0,0,0,0,0,40
AL102024_ISAAC,20240926,0000,,TS,37.0N,54.5W,45,997,60,30,50,60,0,0,0,0,0,0,0,0,40
AL102024_ISAAC,20240926,0600,,TS,37.1N,53.4W,45,997,60,50,50,60,0,0,0,0,0,0,0,0,40
AL102024_ISAAC,20240926,1200,,TS,37.2N,52.3W,45,997,60,50,50,60,0,0,0,0,0,0,0,0,40
AL102024_ISAAC,20240926,1800,,TS,37.3N,51.2W,50,992,30,50,50,40,0,30,0,0,0,0,0,0,30
AL102024_ISAAC,20240927,0000,,TS,37.2N,50.1W,55,988,30,50,50,50,0,30,30,0,0,0,0,0,30
AL102024_ISAAC,20240927,0600,,TS,37.1N,49.1W,60,985,40,60,60,60,0,30,30,0,0,0,0,0,20
AL102024_ISAAC,20240927,1200,,HU,37.1N,47.7W,65,981,40,80,60,60,20,40,30,20,0,15,0,0,15
AL102024_ISAAC,20240927,1800,,HU,37.5N,46.2W,75,976,40,80,70,60,20,40,30,20,0,15,15,0,15
AL102024_ISAAC,20240928,0000,,HU,38.0N,44.4W,85,965,80,130,110,50,20,40,40,30,0,20,20,0,20
AL102024_ISAAC,20240928,0600,,HU,38.8N,42.3W,90,963,120,130,110,50,20,40,40,30,0,20,20,0,20
AL102024_ISAAC,20240928,1200,,HU,39.7N,40.4W,90,963,170,130,130,70,40,70,80,40,20,40,40,20,20
AL102024_ISAAC,20240928,1800,,HU,40.6N,39.1W,85,965,170,130,130,90,50,70,80,40,20,40,40,20,20
AL102024_ISAAC,20240929,0000,,HU,41.5N,38.0W,75,967,180,130,130,160,50,70,60,60,20,40,30,20,20
AL102024_ISAAC,20240929,0600,,HU,42.3N,37.0W,70,969,180,130,130,160,50,70,60,60,20,40,30,20,20
AL102024_ISAAC,20240929,1200,,HU,43.0N,36.1W,65,971,180,130,120,160,50,70,60,60,0,40,30,0,35
AL102024_ISAAC,20240929,1800,,TS,43.7N,35.1W,60,973,200,130,120,160,70,80,70,60,0,0,0,0,35
AL102024_ISAAC,20240930,0000,,TS,44.1N,33.8W,55,976,200,130,150,190,70,80,80,60,0,0,0,0,35
AL102024_ISAAC,20240930,0600,,EX,44.4N,32.0W,55,978,200,130,150,190,70,80,80,60,0,0,0,0,50
AL102024_ISAAC,20240930,1200,,EX,44.7N,30.1W,50,980,150,150,140,160,0,80,80,0,0,0,0,0,70
AL102024_ISAAC,20240930,1800,,EX,45.2N,28.0W,45,983,150,150,140,160,0,0,0,0,0,0,0,0,70
AL102024_ISAAC,20241001,0000,,EX,46.1N,26.3W,45,987,160,130,140,150,0,0,0,0,0,0,0,0,70
AL102024_ISAAC,20241001,0600,,EX,47.0N,25.1W,45,991,180,130,140,150,0,0,0,0,0,0,0,0,70
AL102024_ISAAC,20241001,1200,,EX,47.8N,24.4W,45,993,240,70,80,150,0,0,0,0,0,0,0,0,70
AL102024_ISAAC,20241001,1800,,EX,48.4N,23.7W,40,995,240,90,80,150,0,0,0,0,0,0,0,0,110
AL102024_ISAAC,20241002,0000,,EX,49.1N,23.0W,40,996,240,90,80,160,0,0,0,0,0,0,0,0,150
AL102024_ISAAC,20241002,0600,,EX,49.7N,22.5W,40,996,240,90,70,150,0,0,0,0,0,0,0,0,150
AL102024_ISAAC,20241002,1200,,EX,50.4N,22.1W,40,997,250,90,70,180,0,0,0,0,0,0,0,0,150
AL102024_ISAAC,20241002,1800,,EX,51.2N,21.6W,40,997,240,90,70,220,0,0,0,0,0,0,0,0,150
AL102024_ISAAC,20241003,0000,,EX,51.9N,21.0W,40,998,230,90,70,240,0,0,0,0,0,0,0,0,150
AL112024_JOYCE,20240927,0600,,TD,17.1N,41.5W,30,1007,0,0,0,0,0,0,0,0,0,0,0,0,40
AL112024_JOYCE,20240927,1200,,TS,17.8N,42.5W,35,1005,50,0,0,60,0,0,0,0,0,0,0,0,40
AL112024_JOYCE,20240927,1800,,TS,18.2N,43.4W,45,1001,50,0,0,70,0,0,0,0,0,0,0,0,30
AL112024_JOYCE,20240928,0000,,TS,18.8N,44.3W,45,1001,50,20,20,80,0,0,0,0,0,0,0,0,20
AL112024_JOYCE,20240928,0600,,TS,19.3N,45.0W,45,1001,50,20,20,90,0,0,0,0,0,0,0,0,20
AL112024_JOYCE,20240928,1200,,TS,19.7N,45.7W,45,1002,60,20,20,100,0,0,0,0,0,0,0,0,20
AL112024_JOYCE,20240928,1800,,TS,20.2N,46.4W,40,1003,60,20,0,90,0,0,0,0,0,0,0,0,20
AL112024_JOYCE,20240929,0000,,TS,20.6N,47.1W,40,1004,70,20,0,80,0,0,0,0,0,0,0,0,20
AL112024_JOYCE,20240929,0600,,TS,21.1N,47.8W,40,1004,80,20,0,70,0,0,0,0,0,0,0,0,20
AL112024_JOYCE,20240929,1200,,TS,21.6N,48.4W,40,1005,90,0,0,60,0,0,0,0,0,0,0,0,30
AL112024_JOYCE,20240929,1800,,TS,22.0N,48.9W,35,1006,90,0,0,60,0,0,0,0,0,0,0,0,30
AL112024_JOYCE,20240930,0000,,TD,22.1N,49.5W,30,1006,0,0,0,0,0,0,0,0,0,0,0,0,40
AL112024_JOYCE,20240930,0600,,TD,22.5N,49.5W,30,1006,0,0,0,0,0,0,0,0,0,0,0,0,40
AL112024_JOYCE,20240930,1200,,TD,22.6N,49.0W,30,1006,0,0,0,0,0,0,0,0,0,0,0,0,40
AL112024_JOYCE,20240930,1800,,TD,22.5N,48.8W,30,1006,0,0,0,0,0,0,0,0,0,0,0,0,40
AL122024_KIRK,20240929,1800,,TD,13.8N,32.1W,30,1006,0,0,0,0,0,0,0,0,0,0,0,0,60
AL122024_KIRK,20240930,0000,,TD,13.8N,32.8W,30,1006,0,0,0,0,0,0,0,0,0,0,0,0,60
AL122024_KIRK,20240930,0600,,TS,13.6N,33.4W,35,1004,60,0,0,0,0,0,0,0,0,0,0,0,50
AL122024_KIRK,20240930,1200,,TS,13.4N,34.3W,45,1001,100,80,60,80,0,0,0,0,0,0,0,0,50
AL122024_KIRK,20240930,1800,,TS,13.7N,35.3W,50,999,100,80,60,80,40,40,0,0,0,0,0,0,40
AL122024_KIRK,20241001,0000,,TS,14.2N,36.3W,50,998,130,120,60,80,30,40,0,0,0,0,0,0,25
AL122024_KIRK,20241001,0600,,TS,14.7N,37.5W,50,995,140,130,60,100,30,40,0,0,0,0,0,0,25
AL122024_KIRK,20241001,1200,,TS,15.2N,38.7W,60,988,170,150,70,120,60,40,0,40,0,0,0,0,25
AL122024_KIRK,20241001,1800,,HU,15.9N,39.7W,65,986,170,170,70,130,60,40,0,40,25,0,0,0,25
AL122024_KIRK,20241002,0000,,HU,16.5N,40.6W,65,986,170,170,70,130,60,40,0,40,25,0,0,0,25
AL122024_KIRK,20241002,0600,,HU,17.1N,41.6W,70,982,170,170,70,130,60,40,0,40,25,0,0,0,25
AL122024_KIRK,20241002,1200,,HU,17.8N,42.7W,75,979,170,180,70,130,60,50,40,50,30,0,0,25,20
AL122024_KIRK,20241002,1800,,HU,18.5N,43.5W,80,975,170,190,80,130,60,50,40,60,30,20,15,25,20
AL122024_KIRK,20241003,0000,,HU,19.1N,44.1W,100,959,160,150,80,130,60,50,30,40,30,25,15,20,20
AL122024_KIRK,20241003,0600,,HU,19.6N,44.7W,105,955,160,150,80,130,60,50,30,40,30,25,15,20,20
AL122024_KIRK,20241003,1200,,HU,20.1N,45.5W,110,948,160,150,80,130,60,50,30,40,30,25,15,20,20
AL122024_KIRK,20241003,1800,,HU,20.7N,46.3W,115,944,160,150,80,130,60,50,30,40,30,25,15,20,15
AL122024_KIRK,20241004,0000,,HU,21.2N,47.1W,130,928,170,170,120,130,80,60,50,50,30,30,20,25,15
AL122024_KIRK,20241004,0600,,HU,21.9N,47.9W,130,928,170,170,120,130,80,60,50,50,30,30,20,25,15
AL122024_KIRK,20241004,1200,,HU,22.5N,48.6W,120,938,170,170,120,140,80,80,60,50,30,30,20,25,15
AL122024_KIRK,20241004,1800,,HU,23.3N,49.1W,115,942,190,170,120,140,90,90,60,50,30,30,20,25,15
AL122024_KIRK,20241005,0000,,HU,24.3N,49.7W,115,943,190,180,120,140,100,100,60,60,40,40,20,25,15
AL122024_KIRK,20241005,0600,,HU,25.4N,50.1W,110,945,190,180,120,140,100,100,60,60,50,40,20,30,15
AL122024_KIRK,20241005,1200,,HU,26.8N,50.4W,105,949,200,190,140,140,100,100,70,80,50,40,20,30,15
AL122024_KIRK,20241005,1800,,HU,28.7N,50.2W,105,949,200,190,140,140,100,100,70,80,50,40,20,30,15
AL122024_KIRK,20241006,0000,,HU,30.6N,49.9W,100,951,200,190,140,140,100,100,70,80,50,40,20,30,30
AL122024_KIRK,20241006,0600,,HU,32.6N,49.5W,95,955,200,200,160,160,100,110,80,90,50,60,30,40,60
AL122024_KIRK,20241006,1200,,HU,34.5N,48.6W,85,959,260,240,190,210,160,150,110,110,80,100,80,60,70
AL122024_KIRK,20241006,1800,,HU,36.4N,47.2W,80,959,260,240,190,210,160,150,110,110,80,100,90,60,70
AL122024_KIRK,20241007,0000,,HU,37.9N,45.0W,70,964,260,270,190,210,160,150,110,110,80,100,90,60,70
AL122024_KIRK,20241007,0600,,HU,39.5N,42.4W,65,966,260,290,250,200,160,180,140,110,0,80,80,0,70
AL122024_KIRK,20241007,1200,,EX,41.2N,39.9W,65,966,250,320,310,190,150,210,180,110,0,90,0,0,80
AL122024_KIRK,20241007,1800,,EX,42.7N,36.6W,60,966,250,320,310,190,150,210,180,110,0,0,0,0,80
AL122024_KIRK,20241008,0000,,EX,43.3N,33.3W,55,968,250,320,310,190,150,210,180,110,0,0,0,0,80
AL122024_KIRK,20241008,0600,,EX,43.5N,29.6W,55,968,250,320,310,190,150,210,180,110,0,0,0,0,80
AL122024_KIRK,20241008,1200,,EX,43.5N,25.4W,55,972,150,300,300,200,0,150,210,100,0,0,0,0,90
AL122024_KIRK,20241008,1800,,EX,42.9N,20.9W,55,975,150,300,300,200,0,150,210,100,0,0,0,0,90
AL122024_KIRK,20241009,0000,,EX,43.0N,15.5W,50,980,150,300,300,200,0,150,210,100,0,0,0,0,90
AL122024_KIRK,20241009,0600,,EX,43.5N,9.5W,50,980,150,300,300,200,0,150,210,100,0,0,0,0,90
AL122024_KIRK,20241009,1200,,EX,45.5N,4.0W,45,980,150,300,300,200,0,0,0,0,0,0,0,0,90
AL122024_KIRK,20241009,1800,,EX,48.0N,2.0E,40,980,150,300,300,200,0,0,0,0,0,0,0,0,90
AL122024_KIRK,20241010,0000,,EX,51.0N,8.0E,30,982,0,0,0,0,0,0,0,0,0,0,0,0,90
AL132024_LESLIE,20241001,0000,,LO,10.2N,24.4W,25,1008,0,0,0,0,0,0,0,0,0,0,0,0,70
AL132024_LESLIE,20241001,0600,,LO,10.3N,24.8W,25,1007,0,0,0,0,0,0,0,0,0,0,0,0,70
AL132024_LESLIE,20241001,1200,,LO,10.5N,25.4W,25,1007,0,0,0,0,0,0,0,0,0,0,0,0,60
AL132024_LESLIE,20241001,1800,,LO,10.6N,26.0W,30,1007,0,0,0,0,0,0,0,0,0,0,0,0,60
AL132024_LESLIE,20241002,0000,,LO,10.7N,26.7W,30,1007,0,0,0,0,0,0,0,0,0,0,0,0,60
AL132024_LESLIE,20241002,0600,,TD,10.7N,27.6W,30,1007,0,0,0,0,0,0,0,0,0,0,0,0,60
AL132024_LESLIE,20241002,1200,,TD,10.6N,28.5W,30,1006,0,0,0,0,0,0,0,0,0,0,0,0,50
AL132024_LESLIE,20241002,1800,,TD,10.5N,29.3W,30,1006,0,0,0,0,0,0,0,0,0,0,0,0,50
AL132024_LESLIE,20241003,0000,,TS,10.4N,29.8W,35,1005,40,0,0,0,0,0,0,0,0,0,0,0,40
AL132024_LESLIE,20241003,0600,,TS,10.3N,30.2W,40,1002,40,0,0,0,0,0,0,0,0,0,0,0,40
AL132024_LESLIE,20241003,1200,,TS,10.1N,30.7W,45,1001,40,30,30,30,0,0,0,0,0,0,0,0,30
AL132024_LESLIE,20241003,1800,,TS,9.9N,31.3W,45,1001,40,30,30,30,0,0,0,0,0,0,0,0,30
AL132024_LESLIE,20241004,0000,,TS,9.8N,31.7W,50,999,40,30,50,50,0,0,0,20,0,0,0,0,20
AL132024_LESLIE,20241004,0600,,TS,9.8N,32.2W,50,998,40,30,50,50,0,0,0,20,0,0,0,0,20
AL132024_LESLIE,20241004,1200,,TS,9.9N,32.7W,55,997,40,30,50,50,20,0,0,20,0,0,0,0,20
AL132024_LESLIE,20241004,1800,,TS,10.1N,33.3W,60,994,50,40,50,60,20,10,10,20,0,0,0,0,20
AL132024_LESLIE,20241005,0000,,HU,10.3N,33.9W,65,990,50,40,50,60,20,10,10,20,10,0,0,0,10
AL132024_LESLIE,20241005,0600,,HU,10.5N,34.5W,70,986,60,40,50,60,20,10,10,20,10,0,0,10,10
AL132024_LESLIE,20241005,1200,,HU,10.9N,35.1W,70,986,70,40,40,70,30,20,10,30,15,0,0,15,10
AL132024_LESLIE,20241005,1800,,HU,11.3N,35.7W,70,985,80,40,40,70,30,20,10,30,15,0,0,15,10
AL132024_LESLIE,20241006,0000,,HU,11.8N,36.4W,75,983,80,50,40,70,30,20,20,30,15,0,0,15,10
AL132024_LESLIE,20241006,0600,,HU,12.4N,36.9W,80,980,80,50,40,80,30,20,20,30,15,0,0,15,10
AL132024_LESLIE,20241006,1200,,HU,13.0N,37.6W,80,980,80,50,40,80,30,20,20,30,15,0,0,15,10
AL132024_LESLIE,20241006,1800,,HU,13.7N,38.2W,80,980,80,50,40,90,30,20,20,40,15,0,0,15,10
AL132024_LESLIE,20241007,0000,,HU,14.5N,39.1W,80,980,80,50,40,90,30,20,20,40,15,10,10,15,10
AL132024_LESLIE,20241007,0600,,HU,15.2N,40.0W,75,983,80,60,40,90,30,20,20,40,15,10,10,15,10
AL132024_LESLIE,20241007,1200,,HU,16.0N,40.9W,70,985,80,60,40,90,30,20,20,40,15,10,10,15,10
AL132024_LESLIE,20241007,1800,,HU,16.8N,41.9W,65,989,80,60,40,90,30,20,20,40,10,0,0,0,10
AL132024_LESLIE,20241008,0000,,TS,17.6N,43.0W,60,992,80,60,40,90,30,20,20,40,0,0,0,0,15
AL132024_LESLIE,20241008,0600,,TS,18.3N,44.0W,60,992,80,60,40,90,30,20,20,40,0,0,0,0,15
AL132024_LESLIE,20241008,1200,,TS,19.0N,45.1W,60,992,80,60,40,90,30,30,20,40,0,0,0,0,15
AL132024_LESLIE,20241008,1800,,HU,19.7N,46.1W,65,989,80,60,40,90,30,30,20,40,15,0,0,0,15
AL132024_LESLIE,20241009,0000,,HU,20.3N,46.8W,70,987,80,60,40,90,30,30,20,40,15,0,0,15,15
AL132024_LESLIE,20241009,0600,,HU,20.9N,47.5W,75,984,90,60,60,80,40,30,20,40,15,0,0,15,15
AL132024_LESLIE,20241009,1200,,HU,21.4N,48.2W,80,981,90,60,60,80,40,30,20,40,20,0,0,15,15
AL132024_LESLIE,20241009,1800,,HU,21.9N,48.6W,85,974,70,60,60,70,40,30,30,30,20,0,0,20,15
AL132024_LESLIE,20241010,0000,,HU,22.3N,49.0W,90,970,70,70,60,70,40,30,30,30,20,15,10,20,10
AL132024_LESLIE,20241010,0600,,HU,22.6N,49.7W,85,974,70,70,60,70,40,30,30,30,20,15,10,20,10
AL132024_LESLIE,20241010,1200,,HU,22.9N,50.2W,75,980,70,70,60,70,40,30,30,30,15,15,10,15,10
AL132024_LESLIE,20241010,1800,,HU,23.5N,50.8W,65,990,70,70,60,70,40,30,20,20,15,0,0,0,10
AL132024_LESLIE,20241011,0000,,TS,24.1N,51.1W,55,997,70,80,60,60,30,30,20,20,0,0,0,0,20
AL132024_LESLIE,20241011,0600,,TS,24.9N,51.1W,50,999,70,80,60,50,30,30,0,0,0,0,0,0,20
AL132024_LESLIE,20241011,1200,,TS,25.8N,50.8W,45,1000,70,90,60,0,0,0,0,0,0,0,0,0,20
AL132024_LESLIE,20241011,1800,,TS,27.0N,50.0W,45,1000,70,90,60,0,0,0,0,0,0,0,0,0,20
AL132024_LESLIE,20241012,0000,,TS,28.4N,48.8W,45,1001,70,90,60,0,0,0,0,0,0,0,0,0,20
AL132024_LESLIE,20241012,0600,,TS,30.4N,47.1W,45,1002,70,90,60,0,0,0,0,0,0,0,0,0,20
AL142024_MILTON,20241004,1800,,LO,21.0N,94.6W,30,1009,0,0,0,0,0,0,0,0,0,0,0,0,60
AL142024_MILTON,20241005,0000,,LO,20.8N,95.2W,30,1008,0,0,0,0,0,0,0,0,0,0,0,0,60
AL142024_MILTON,20241005,0600,,LO,21.4N,95.4W,30,1008,0,0,0,0,0,0,0,0,0,0,0,0,50
AL142024_MILTON,20241005,1200,,TD,22.0N,95.5W,30,1008,0,0,0,0,0,0,0,0,0,0,0,0,30
AL142024_MILTON,20241005,1800,,TS,22.5N,95.5W,35,1006,20,30,30,20,0,0,0,0,0,0,0,0,20
AL142024_MILTON,20241006,0000,,TS,22.7N,95.5W,35,1004,20,30,30,20,0,0,0,0,0,0,0,0,20
AL142024_MILTON,20241006,0600,,TS,22.6N,95.2W,45,999,20,40,30,20,0,0,0,0,0,0,0,0,20
AL142024_MILTON,20241006,1200,,TS,22.5N,94.8W,55,991,30,50,30,30,0,20,0,0,0,0,0,0,20
AL142024_MILTON,20241006,1800,,HU,22.5N,94.1W,70,986,50,70,60,50,20,30,30,30,0,20,15,0,15
AL142024_MILTON,20241007,0000,,HU,22.5N,93.4W,75,981,60,70,70,70,30,30,40,40,0,20,20,0,15
AL142024_MILTON,20241007,0600,,HU,22.1N,92.9W,90,972,60,70,70,70,30,30,40,40,10,20,20,10,10
AL142024_MILTON,20241007,1200,,HU,21.8N,92.2W,120,943,70,70,70,70,30,40,40,40,20,25,25,20,10
AL142024_MILTON,20241007,1800,,HU,21.7N,91.3W,150,908,70,70,70,70,30,35,35,40,20,25,25,20,5
AL142024_MILTON,20241007,2000,I,HU,21.8N,90.9W,155,895,70,70,70,70,30,35,35,40,20,25,25,20,5
AL142024_MILTON,20241008,0000,,HU,21.8N,90.4W,145,902,70,70,70,70,30,35,35,40,20,25,25,20,5
AL142024_MILTON,20241008,0600,,HU,21.9N,89.5W,125,925,90,80,80,90,45,40,40,45,25,25,25,25,10
AL142024_MILTON,20241008,1200,,HU,22.5N,88.8W,125,929,90,80,80,100,45,45,45,45,25,25,25,25,10
AL142024_MILTON,20241008,1800,,HU,22.5N,88.0W,140,916,80,80,80,120,45,45,45,45,25,25,25,25,5
AL142024_MILTON,20241008,2205,R,HU,22.8N,87.2W,145,902,80,80,80,120,45,45,45,45,25,25,25,25,5
AL142024_MILTON,20241009,0000,,HU,23.0N,86.9W,140,908,80,80,80,120,45,45,45,45,25,25,25,25,5
AL142024_MILTON,20241009,0205,R,HU,23.3N,86.6W,135,916,80,80,80,120,45,45,45,45,25,25,25,25,5
AL142024_MILTON,20241009,0600,,HU,23.8N,85.9W,140,909,100,100,100,120,45,50,50,50,25,25,25,25,5
AL142024_MILTON,20241009,0825,R,HU,24.3N,85.4W,140,907,100,100,100,120,45,50,50,50,25,25,25,25,5
AL142024_MILTON,20241009,1200,,HU,25.0N,84.8W,135,919,140,130,110,170,50,50,50,70,30,30,30,25,10
AL142024_MILTON,20241009,1800,,HU,26.3N,84.0W,115,945,180,170,110,220,60,60,70,90,30,30,30,30,15
AL142024_MILTON,20241010,0000,,HU,27.3N,82.7W,105,956,180,170,110,220,60,60,70,90,30,30,30,30,20
AL142024_MILTON,20241010,0030,L,HU,27.4N,82.6W,100,958,180,170,110,220,60,60,70,90,30,30,30,30,20
AL142024_MILTON,20241010,0600,,HU,28.1N,81.3W,70,975,220,170,110,180,60,60,70,90,30,30,0,0,30
AL142024_MILTON,20241010,1200,,HU,29.0N,79.5W,65,983,270,180,120,200,80,80,80,90,0,50,0,0,50
AL142024_MILTON,20241010,1800,,EX,29.5N,77.5W,60,984,270,160,160,220,100,100,90,110,0,0,0,0,50
AL142024_MILTON,20241011,0000,,EX,29.5N,75.0W,60,986,240,160,180,220,90,90,80,100,0,0,0,0,50
AL142024_MILTON,20241011,0600,,EX,29.5N,72.4W,55,993,200,150,210,200,90,50,80,90,0,0,0,0,50
AL142024_MILTON,20241011,1200,,EX,29.5N,69.3W,55,997,200,140,240,180,70,0,70,70,0,0,0,0,50
AL142024_MILTON,20241011,1800,,EX,29.3N,65.9W,50,999,200,140,240,180,50,0,50,50,0,0,0,0,50
AL152024_NADINE,20241018,1800,,DB,17.2N,84.8W,30,1005,0,0,0,0,0,0,0,0,0,0,0,0,120
AL152024_NADINE,20241019,0000,,TS,17.3N,85.5W,35,1004,180,0,0,180,0,0,0,0,0,0,0,0,120
AL152024_NADINE,20241019,0600,,TS,17.4N,86.4W,40,1004,240,0,0,210,0,0,0,0,0,0,0,0,100
AL152024_NADINE,20241019,1200,,TS,17.4N,87.5W,45,1003,180,30,0,120,0,0,0,0,0,0,0,0,50
AL152024_NADINE,20241019,1600,L,TS,17.5N,88.2W,50,1002,90,30,0,60,30,0,0,0,0,0,0,0,30
AL152024_NADINE,20241019,1800,,TS,17.5N,88.7W,45,1004,60,0,0,30,0,0,0,0,0,0,0,0,40
AL152024_NADINE,20241020,0000,,TD,17.3N,90.0W,30,1005,0,0,0,0,0,0,0,0,0,0,0,0,60
AL152024_NADINE,20241020,0600,,LO,17.1N,91.2W,25,1006,0,0,0,0,0,0,0,0,0,0,0,0,90
AL162024_OSCAR,20241019,0000,,TS,21.0N,66.5W,35,1007,20,0,0,20,0,0,0,0,0,0,0,0,20
AL162024_OSCAR,20241019,0600,,TS,21.2N,68.2W,45,1005,30,20,0,20,0,0,0,0,0,0,0,0,10
AL162024_OSCAR,20241019,1200,,TS,21.3N,69.8W,55,996,40,30,30,40,10,0,0,10,0,0,0,0,5
AL162024_OSCAR,20241019,1800,,HU,21.4N,70.6W,70,989,40,30,30,40,20,10,10,20,5,5,0,5,5
AL162024_OSCAR,20241019,2015,L,HU,21.5N,71.1W,75,987,40,30,30,40,20,10,10,20,5,5,0,5,5
AL162024_OSCAR,20241020,0000,,HU,21.5N,71.7W,75,987,40,30,30,40,20,10,10,20,5,5,0,5,5
AL162024_OSCAR,20241020,0600,,HU,21.1N,72.7W,70,988,40,30,30,40,20,10,10,20,5,5,0,5,5
AL162024_OSCAR,20241020,1200,,HU,20.8N,73.6W,70,986,40,30,30,40,20,10,10,20,10,5,0,10,5
AL162024_OSCAR,20241020,1800,,HU,20.5N,74.0W,75,984,40,30,30,40,20,10,10,20,10,5,5,10,5
AL162024_OSCAR,20241020,2200,L,HU,20.3N,74.4W,75,984,40,30,30,40,20,10,10,20,10,5,5,10,5
AL162024_OSCAR,20241021,0000,,HU,20.2N,74.5W,65,988,40,50,30,40,20,10,10,20,10,0,0,0,10
AL162024_OSCAR,20241021,0600,,TS,20.1N,75.0W,50,996,40,60,40,40,20,20,0,0,0,0,0,0,20
AL162024_OSCAR,20241021,1200,,TS,20.3N,75.4W,40,1000,60,70,0,40,0,0,0,0,0,0,0,0,40
AL162024_OSCAR,20241021,1800,,TS,20.7N,75.9W,35,1003,80,80,0,0,0,0,0,0,0,0,0,0,60
AL162024_OSCAR,20241022,0000,,TS,21.5N,75.6W,35,1005,90,90,0,0,0,0,0,0,0,0,0,0,60
AL162024_OSCAR,20241022,0600,,TS,22.2N,75.1W,35,1006,90,90,0,0,0,0,0,0,0,0,0,0,70
AL162024_OSCAR,20241022,1200,,TS,22.7N,74.6W,35,1007,90,90,0,0,0,0,0,0,0,0,0,0,80
AL172024_PATTY,20241031,1800,,EX,39.2N,41.0W,55,977,0,0,180,120,0,0,120,90,0,0,0,0,70
AL172024_PATTY,20241101,0000,,EX,39.6N,40.0W,55,977,0,0,180,120,0,0,120,90,0,0,0,0,70
AL172024_PATTY,20241101,0600,,EX,39.9N,38.9W,50,979,0,0,180,90,0,0,100,0,0,0,0,0,60
AL172024_PATTY,20241101,1200,,EX,40.2N,37.7W,50,981,0,60,180,0,0,0,60,0,0,0,0,0,50
AL172024_PATTY,20241101,1800,,SS,40.6N,36.5W,45,983,0,60,180,0,0,0,0,0,0,0,0,0,40
AL172024_PATTY,20241102,0000,,SS,40.6N,35.4W,45,985,0,60,180,0,0,0,0,0,0,0,0,0,40
AL172024_PATTY,20241102,0600,,SS,40.3N,34.6W,50,986,0,60,180,90,0,0,40,0,0,0,0,0,40
AL172024_PATTY,20241102,1200,,SS,39.4N,33.3W,55,982,0,60,180,90,0,0,40,0,0,0,0,0,40
AL172024_PATTY,20241102,1800,,SS,38.4N,31.6W,55,982,0,60,180,90,0,0,40,0,0,0,0,0,40
AL172024_PATTY,20241103,0000,,SS,37.9N,29.2W,50,985,0,60,180,90,0,0,40,0,0,0,0,0,40
AL172024_PATTY,20241103,0600,,SS,37.7N,27.0W,45,988,0,60,120,0,0,0,0,0,0,0,0,0,40
AL172024_PATTY,20241103,1200,,TS,37.5N,25.1W,40,990,0,50,90,0,0,0,0,0,0,0,0,0,30
AL172024_PATTY,20241103,1800,,TS,37.4N,23.3W,40,990,0,50,70,0,0,0,0,0,0,0,0,0,30
AL172024_PATTY,20241104,0000,,TS,37.6N,21.3W,40,993,30,60,70,0,0,0,0,0,0,0,0,0,30
AL172024_PATTY,20241104,0600,,TS,37.9N,19.2W,35,996,30,60,60,0,0,0,0,0,0,0,0,0,30
AL182024_RAFAEL,20241103,1800,,DB,12.7N,77.0W,30,1004,0,0,0,0,0,0,0,0,0,0,0,0,80
AL182024_RAFAEL,20241104,0000,,DB,13.5N,76.8W,30,1004,0,0,0,0,0,0,0,0,0,0,0,0,70
AL182024_RAFAEL,20241104,0600,,DB,14.2N,76.7W,30,1004,0,0,0,0,0,0,0,0,0,0,0,0,70
AL182024_RAFAEL,20241104,1200,,TD,14.8N,76.6W,30,1003,0,0,0,0,0,0,0,0,0,0,0,0,70
AL182024_RAFAEL,20241104,1800,,TS,15.1N,76.4W,35,1001,70,90,0,0,0,0,0,0,0,0,0,0,70
AL182024_RAFAEL,20241105,0000,,TS,15.8N,76.9W,40,999,90,90,0,0,0,0,0,0,0,0,0,0,40
AL182024_RAFAEL,20241105,0600,,TS,16.6N,77.6W,45,994,90,90,0,0,0,0,0,0,0,0,0,0,30
AL182024_RAFAEL,20241105,1200,,TS,17.5N,78.3W,50,993,90,90,0,0,20,0,0,0,0,0,0,0,20
AL182024_RAFAEL,20241105,1800,,TS,18.5N,79.1W,60,990,90,80,20,30,30,0,0,0,0,0,0,0,20
AL182024_RAFAEL,20241106,0000,,HU,19.4N,80.0W,70,985,90,80,20,50,40,20,0,25,15,0,0,0,15
AL182024_RAFAEL,20241106,0600,,HU,20.1N,80.9W,80,975,90,80,20,50,40,20,0,25,15,0,0,0,10
AL182024_RAFAEL,20241106,1200,,HU,21.0N,81.6W,90,964,100,80,40,50,40,20,20,25,15,15,10,10,10
AL182024_RAFAEL,20241106,1800,,HU,22.0N,82.3W,100,955,100,90,40,50,50,40,20,25,25,20,10,15,10
AL182024_RAFAEL,20241106,2115,L,HU,22.7N,82.7W,100,955,100,90,40,50,50,40,20,25,25,20,10,15,10
AL182024_RAFAEL,20241107,0000,,HU,23.1N,83.2W,95,968,100,90,40,50,50,40,20,25,25,20,10,15,10
AL182024_RAFAEL,20241107,0600,,HU,23.8N,84.1W,90,970,100,90,40,70,50,40,20,30,25,20,10,20,10
AL182024_RAFAEL,20241107,1200,,HU,24.3N,84.9W,90,969,100,90,50,90,50,40,20,40,25,20,10,25,15
AL182024_RAFAEL,20241107,1800,,HU,24.6N,85.7W,90,968,100,90,50,90,50,40,30,40,25,20,10,25,15
AL182024_RAFAEL,20241108,0000,,HU,24.6N,86.6W,90,966,100,90,50,90,50,40,30,40,25,20,20,25,15
AL182024_RAFAEL,20241108,0600,,HU,24.4N,87.6W,105,954,100,90,50,90,50,40,30,40,25,20,20,25,15
AL182024_RAFAEL,20241108,1200,,HU,24.4N,88.4W,95,962,80,70,60,80,40,40,30,40,25,20,20,25,15
AL182024_RAFAEL,20241108,1800,,HU,24.6N,89.1W,80,973,80,70,60,80,40,40,30,40,25,20,20,25,15
AL182024_RAFAEL,20241109,0000,,HU,24.7N,89.7W,65,986,80,70,60,80,40,40,30,40,0,0,0,25,20
AL182024_RAFAEL,20241109,0600,,TS,24.8N,90.5W,55,992,80,70,30,70,40,0,0,20,0,0,0,0,20
AL182024_RAFAEL,20241109,1200,,TS,25.0N,91.2W,50,998,90,70,30,70,40,0,0,0,0,0,0,0,40
AL182024_RAFAEL,20241109,1800,,TS,25.3N,91.5W,45,1000,100,30,0,60,0,0,0,0,0,0,0,0,60
AL182024_RAFAEL,20241110,0000,,TS,25.6N,91.7W,40,1001,100,0,0,60,0,0,0,0,0,0,0,0,60
AL182024_RAFAEL,20241110,0600,,TS,25.9N,91.9W,35,1003,100,0,0,60,0,0,0,0,0,0,0,0,100
AL182024_RAFAEL,20241110,1200,,LO,26.1N,91.9W,35,1003,120,0,0,0,0,0,0,0,0,0,0,0,120
AL192024_SARA,20241113,1800,,DB,16.1N,78.4W,25,1007,0,0,0,0,0,0,0,0,0,0,0,0,30
AL192024_SARA,20241114,0000,,DB,16.0N,79.7W,25,1005,0,0,0,0,0,0,0,0,0,0,0,0,30
AL192024_SARA,20241114,0600,,TD,15.9N,81.1W,30,1003,0,0,0,0,0,0,0,0,0,0,0,0,40
AL192024_SARA,20241114,1200,,TS,15.8N,82.2W,35,1001,90,0,0,90,0,0,0,0,0,0,0,0,40
AL192024_SARA,20241114,1800,,TS,15.8N,83.1W,35,1000,90,0,0,90,0,0,0,0,0,0,0,0,40
AL192024_SARA,20241115,0000,,TS,15.7N,84.0W,40,999,90,0,0,90,0,0,0,0,0,0,0,0,40
AL192024_SARA,20241115,0120,L,TS,15.8N,84.3W,40,999,90,0,0,90,0,0,0,0,0,0,0,0,40
AL192024_SARA,20241115,0600,,TS,16.0N,85.0W,40,998,90,0,0,90,0,0,0,0,0,0,0,0,40
AL192024_SARA,20241115,1200,,TS,16.1N,85.6W,45,997,90,0,0,100,0,0,0,0,0,0,0,0,30
AL192024_SARA,20241115,1800,,TS,16.1N,86.1W,45,997,80,0,0,100,0,0,0,0,0,0,0,0,40
AL192024_SARA,20241116,0000,,TS,16.1N,86.1W,45,997,80,0,0,100,0,0,0,0,0,0,0,0,40
AL192024_SARA,20241116,0600,,TS,16.2N,86.2W,40,999,80,0,0,100,0,0,0,0,0,0,0,0,50
AL192024_SARA,20241116,1200,,TS,16.2N,86.4W,40,999,80,0,0,100,0,0,0,0,0,0,0,0,50
AL192024_SARA,20241116,1800,,TS,16.3N,86.8W,35,1000,80,0,30,90,0,0,0,0,0,0,0,0,50
AL192024_SARA,20241117,0000,,TS,16.4N,87.1W,35,1000,80,30,30,90,0,0,0,0,0,0,0,0,40
AL192024_SARA,20241117,0600,,TS,16.5N,87.5W,35,1001,80,30,30,90,0,0,0,0,0,0,0,0,40
AL192024_SARA,20241117,1200,,TS,16.8N,87.9W,35,1001,80,30,30,60,0,0,0,0,0,0,0,0,40
AL192024_SARA,20241117,1400,L,TS,17.0N,88.3W,35,1001,80,30,30,60,0,0,0,0,0,0,0,0,40
AL192024_SARA,20241117,1800,,TD,17.4N,89.1W,30,1003,0,0,0,0,0,0,0,0,0,0,0,0,50
AL192024_SARA,20241118,0000,,TD,17.9N,90.2W,25,1004,0,0,0,0,0,0,0,0,0,0,0,0,50
